[10:07:10] [INIT] Logger inicializado e conectado ao Electron.
[10:07:10] [2026-08-28 10:07:10.735] [INFO] [PreloadScene] Assets procedurais provisórios gerados com sucesso.

[10:07:10] [2026-08-28 10:07:10.771] [INFO] [InputManager] InputManager acoplado à cena atual.

[10:07:10] [2026-08-28 10:07:10.775] [INFO] [MenuScene] Cena de Menu criada e inputs vinculados.

[10:07:11] [2026-08-28 10:07:11.760] [INPUT] [MenuScene] Key: KEY_EVENT -> Action: DOWN

[10:07:12] [2026-08-28 10:07:12.075] [INPUT] [MenuScene] Key: KEY_EVENT -> Action: UP

[10:07:12] [2026-08-28 10:07:12.811] [INPUT] [MenuScene] Key: KEY_EVENT -> Action: DOWN

[10:07:13] [2026-08-28 10:07:13.107] [INPUT] [MenuScene] Key: KEY_EVENT -> Action: UP

[10:07:14] [2026-08-28 10:07:14.093] [INFO] [MenuScene] Ação: Iniciar Novo Jogo (TavernScene)

[10:07:14] [2026-08-28 10:07:14.093] [INFO] [QuestManager] Progresso das missões resetado para novo jogo.

[10:07:14] [2026-08-28 10:07:14.093] [INPUT] [MenuScene] Key: KEY_EVENT -> Action: CONFIRM

[10:07:14] [2026-08-28 10:07:14.105] [INFO] [QuestManager] Banco de missões inicializado.

[10:07:14] [2026-08-28 10:07:14.134] [INFO] [InputManager] InputManager acoplado à cena atual.

[10:07:14] [2026-08-28 10:07:14.137] [INFO] [TavernScene] Ambiente da Taverna criado.

[10:07:14] [2026-08-28 10:07:14.995] [INPUT] [TavernScene] Key: KEY_EVENT -> Action: UP

[10:07:17] [2026-08-28 10:07:17.131] [INPUT] [TavernScene] Key: KEY_EVENT -> Action: DOWN

[10:07:17] [2026-08-28 10:07:17.395] [INPUT] [TavernScene] Key: KEY_EVENT -> Action: RIGHT

[10:07:19] [2026-08-28 10:07:19.395] [INFO] [Intent] Input Z/ESPAÇO recebido: Iniciando interação com alvo [joseph_sylven].

[10:07:19] [2026-08-28 10:07:19.395] [DIALOGUE] [START] Speaker: Joseph Sylven | "Rhogar, ainda há tensão no ar. Converse com os frequentadores da taverna e beba algo antes de falarmos sobre nosso passado."

[10:07:19] [2026-08-28 10:07:19.398] [INPUT] [TavernScene] Key: KEY_EVENT -> Action: CONFIRM

[10:07:19] [2026-08-28 10:07:19.854] [INFO] [Intent] Input Z/ESPAÇO recebido: Avançando ou finalizando caixa de diálogo atual.

[10:07:19] [2026-08-28 10:07:19.860] [INPUT] [TavernScene] Key: KEY_EVENT -> Action: CONFIRM

[10:07:20] [2026-08-28 10:07:20.291] [INFO] [Intent] Input Z/ESPAÇO recebido: Avançando ou finalizando caixa de diálogo atual.

[10:07:20] [2026-08-28 10:07:20.291] [DIALOGUE] [END] Speaker: 

[10:07:20] [2026-08-28 10:07:20.291] [INPUT] [TavernScene] Key: KEY_EVENT -> Action: CONFIRM

[10:07:20] [2026-08-28 10:07:20.611] [INPUT] [TavernScene] Key: KEY_EVENT -> Action: LEFT

[10:07:20] [2026-08-28 10:07:20.779] [INPUT] [TavernScene] Key: KEY_EVENT -> Action: UP

[10:07:21] [2026-08-28 10:07:21.963] [INPUT] [TavernScene] Key: KEY_EVENT -> Action: RIGHT

[10:07:22] [2026-08-28 10:07:22.772] [INFO] [Intent] Input Z/ESPAÇO recebido: Iniciando interação com alvo [traudon_alicia].

[10:07:22] [2026-08-28 10:07:22.772] [DIALOGUE] [START] Speaker: Traudon | "Ah... damascos em calda com cerveja, a perfeição da culinária anã! Não é mesmo, Alícia?"

[10:07:22] [2026-08-28 10:07:22.776] [INPUT] [TavernScene] Key: KEY_EVENT -> Action: CONFIRM

[10:07:23] [2026-08-28 10:07:23.107] [INFO] [Intent] Input Z/ESPAÇO recebido: Avançando ou finalizando caixa de diálogo atual.

[10:07:23] [2026-08-28 10:07:23.109] [INPUT] [TavernScene] Key: KEY_EVENT -> Action: CONFIRM

[10:07:23] [2026-08-28 10:07:23.379] [INFO] [Intent] Input Z/ESPAÇO recebido: Avançando ou finalizando caixa de diálogo atual.

[10:07:23] [2026-08-28 10:07:23.379] [DIALOGUE] [NEXT] Speaker: Alícia | "Você devia focar na sua magia, Traudon. Diga a ele, viajante."

[10:07:23] [2026-08-28 10:07:23.381] [INPUT] [TavernScene] Key: KEY_EVENT -> Action: CONFIRM

[10:07:23] [2026-08-28 10:07:23.795] [INFO] [Intent] Input Z/ESPAÇO recebido: Avançando ou finalizando caixa de diálogo atual.

[10:07:23] [2026-08-28 10:07:23.798] [INPUT] [TavernScene] Key: KEY_EVENT -> Action: CONFIRM

[10:07:24] [2026-08-28 10:07:24.098] [INFO] [Intent] Input Z/ESPAÇO recebido: Avançando ou finalizando caixa de diálogo atual.

[10:07:24] [2026-08-28 10:07:24.099] [DIALOGUE] [CHOICE] Speaker: Alícia | "[Positiva] Apreciar a melodia do alaúde de Alícia."

[10:07:24] [2026-08-28 10:07:24.099] [INPUT] [TavernScene] Key: KEY_EVENT -> Action: CONFIRM

[10:07:24] [2026-08-28 10:07:24.443] [INFO] [Intent] Input Z/ESPAÇO recebido: Avançando ou finalizando caixa de diálogo atual.

[10:07:24] [2026-08-28 10:07:24.444] [INPUT] [TavernScene] Key: KEY_EVENT -> Action: CONFIRM

[10:07:24] [2026-08-28 10:07:24.683] [INFO] [Intent] Input Z/ESPAÇO recebido: Avançando ou finalizando caixa de diálogo atual.

[10:07:24] [2026-08-28 10:07:24.683] [DIALOGUE] [NEXT] Speaker: Traudon | "Bah, não ligue para ela. Um druida anão retira seu poder da terra e dos doces!"

[10:07:24] [2026-08-28 10:07:24.684] [INPUT] [TavernScene] Key: KEY_EVENT -> Action: CONFIRM

[10:07:25] [2026-08-28 10:07:25.059] [INFO] [Intent] Input Z/ESPAÇO recebido: Avançando ou finalizando caixa de diálogo atual.

[10:07:25] [2026-08-28 10:07:25.060] [INPUT] [TavernScene] Key: KEY_EVENT -> Action: CONFIRM

[10:07:25] [2026-08-28 10:07:25.404] [INFO] [Intent] Input Z/ESPAÇO recebido: Avançando ou finalizando caixa de diálogo atual.

[10:07:25] [2026-08-28 10:07:25.405] [DIALOGUE] [END] Speaker: 

[10:07:25] [2026-08-28 10:07:25.405] [INPUT] [TavernScene] Key: KEY_EVENT -> Action: CONFIRM

[10:07:25] [2026-08-28 10:07:25.755] [INPUT] [TavernScene] Key: KEY_EVENT -> Action: LEFT

[10:07:26] [2026-08-28 10:07:26.347] [INPUT] [TavernScene] Key: KEY_EVENT -> Action: UP

[10:07:26] [2026-08-28 10:07:26.891] [INFO] [Intent] Input Z/ESPAÇO recebido: Iniciando interação com alvo [hilda].

[10:07:26] [2026-08-28 10:07:26.892] [INPUT] [TavernScene] Key: KEY_EVENT -> Action: CONFIRM

[10:07:27] [2026-08-28 10:07:27.254] [INPUT] [TavernScene] Key: KEY_EVENT -> Action: DOWN

[10:07:27] [2026-08-28 10:07:27.439] [INPUT] [TavernScene] Key: KEY_EVENT -> Action: DOWN

[10:07:27] [2026-08-28 10:07:27.731] [INFO] [Intent] Input Z/ESPAÇO recebido: Avançando ou finalizando caixa de diálogo atual.

[10:07:27] [2026-08-28 10:07:27.731] [INPUT] [TavernScene] Key: KEY_EVENT -> Action: CONFIRM

[10:07:28] [2026-08-28 10:07:28.011] [INPUT] [TavernScene] Key: KEY_EVENT -> Action: LEFT

[10:07:28] [2026-08-28 10:07:28.411] [INPUT] [TavernScene] Key: KEY_EVENT -> Action: DOWN

[10:07:29] [2026-08-28 10:07:29.339] [INFO] [Intent] Input Z/ESPAÇO recebido: Iniciando interação com alvo [veronica_stinfy].

[10:07:29] [2026-08-28 10:07:29.339] [DIALOGUE] [START] Speaker: Verônica Stinfy | "A magia abissal... Ela contorce a trama da realidade de formas interessantes."

[10:07:29] [2026-08-28 10:07:29.341] [INPUT] [TavernScene] Key: KEY_EVENT -> Action: CONFIRM

[10:07:29] [2026-08-28 10:07:29.627] [INFO] [Intent] Input Z/ESPAÇO recebido: Avançando ou finalizando caixa de diálogo atual.

[10:07:29] [2026-08-28 10:07:29.627] [INPUT] [TavernScene] Key: KEY_EVENT -> Action: CONFIRM

[10:07:29] [2026-08-28 10:07:29.868] [INFO] [Intent] Input Z/ESPAÇO recebido: Avançando ou finalizando caixa de diálogo atual.

[10:07:29] [2026-08-28 10:07:29.868] [DIALOGUE] [NEXT] Speaker: Verônica Stinfy | "O que você quer, meio-elfo?"

[10:07:29] [2026-08-28 10:07:29.869] [INPUT] [TavernScene] Key: KEY_EVENT -> Action: CONFIRM

[10:07:30] [2026-08-28 10:07:30.243] [INFO] [Intent] Input Z/ESPAÇO recebido: Avançando ou finalizando caixa de diálogo atual.

[10:07:30] [2026-08-28 10:07:30.245] [INPUT] [TavernScene] Key: KEY_EVENT -> Action: CONFIRM

[10:07:30] [2026-08-28 10:07:30.619] [INFO] [Intent] Input Z/ESPAÇO recebido: Avançando ou finalizando caixa de diálogo atual.

[10:07:30] [2026-08-28 10:07:30.619] [DIALOGUE] [CHOICE] Speaker: Verônica Stinfy | "[Positiva] Oferecer cooperação contra os cultistas."

[10:07:30] [2026-08-28 10:07:30.620] [INPUT] [TavernScene] Key: KEY_EVENT -> Action: CONFIRM

[10:07:31] [2026-08-28 10:07:31.043] [INFO] [Intent] Input Z/ESPAÇO recebido: Avançando ou finalizando caixa de diálogo atual.

[10:07:31] [2026-08-28 10:07:31.043] [INPUT] [TavernScene] Key: KEY_EVENT -> Action: CONFIRM

[10:07:31] [2026-08-28 10:07:31.323] [INFO] [Intent] Input Z/ESPAÇO recebido: Avançando ou finalizando caixa de diálogo atual.

[10:07:31] [2026-08-28 10:07:31.323] [DIALOGUE] [NEXT] Speaker: Verônica Stinfy | "Agora não me incomode. Estou trabalhando."

[10:07:31] [2026-08-28 10:07:31.323] [INPUT] [TavernScene] Key: KEY_EVENT -> Action: CONFIRM

[10:07:31] [2026-08-28 10:07:31.610] [INPUT] [TavernScene] Key: KEY_EVENT -> Action: DOWN

[10:07:31] [2026-08-28 10:07:31.811] [INFO] [Intent] Input Z/ESPAÇO recebido: Avançando ou finalizando caixa de diálogo atual.

[10:07:31] [2026-08-28 10:07:31.811] [INPUT] [TavernScene] Key: KEY_EVENT -> Action: CONFIRM

[10:07:32] [2026-08-28 10:07:32.284] [INFO] [Intent] Input Z/ESPAÇO recebido: Avançando ou finalizando caixa de diálogo atual.

[10:07:32] [2026-08-28 10:07:32.284] [DIALOGUE] [END] Speaker: 

[10:07:32] [2026-08-28 10:07:32.284] [INPUT] [TavernScene] Key: KEY_EVENT -> Action: CONFIRM

[10:07:32] [2026-08-28 10:07:32.442] [INPUT] [TavernScene] Key: KEY_EVENT -> Action: DOWN

[10:07:32] [2026-08-28 10:07:32.954] [INPUT] [TavernScene] Key: KEY_EVENT -> Action: LEFT

[10:07:33] [2026-08-28 10:07:33.323] [INPUT] [TavernScene] Key: KEY_EVENT -> Action: RIGHT

[10:07:33] [2026-08-28 10:07:33.636] [INPUT] [TavernScene] Key: KEY_EVENT -> Action: DOWN

[10:07:33] [2026-08-28 10:07:33.954] [INPUT] [TavernScene] Key: KEY_EVENT -> Action: LEFT

[10:07:35] [2026-08-28 10:07:35.227] [INFO] [Intent] Input Z/ESPAÇO recebido: Iniciando interação com alvo [john_bardem].

[10:07:35] [2026-08-28 10:07:35.227] [DIALOGUE] [START] Speaker: John Bardem | "Fique frio e não faça movimentos bruscos."

[10:07:35] [2026-08-28 10:07:35.229] [INPUT] [TavernScene] Key: KEY_EVENT -> Action: CONFIRM

[10:07:35] [2026-08-28 10:07:35.427] [INFO] [Intent] Input Z/ESPAÇO recebido: Avançando ou finalizando caixa de diálogo atual.

[10:07:35] [2026-08-28 10:07:35.427] [INPUT] [TavernScene] Key: KEY_EVENT -> Action: CONFIRM

[10:07:35] [2026-08-28 10:07:35.723] [INFO] [Intent] Input Z/ESPAÇO recebido: Avançando ou finalizando caixa de diálogo atual.

[10:07:35] [2026-08-28 10:07:35.723] [DIALOGUE] [NEXT] Speaker: John Bardem | "Vê aquele mercenário perto da mesa? O que acha de agir?"

[10:07:35] [2026-08-28 10:07:35.723] [INPUT] [TavernScene] Key: KEY_EVENT -> Action: CONFIRM

[10:07:36] [2026-08-28 10:07:36.083] [INFO] [Intent] Input Z/ESPAÇO recebido: Avançando ou finalizando caixa de diálogo atual.

[10:07:36] [2026-08-28 10:07:36.089] [INPUT] [TavernScene] Key: KEY_EVENT -> Action: CONFIRM

[10:07:36] [2026-08-28 10:07:36.531] [INFO] [Intent] Input Z/ESPAÇO recebido: Avançando ou finalizando caixa de diálogo atual.

[10:07:36] [2026-08-28 10:07:36.531] [DIALOGUE] [CHOICE] Speaker: John Bardem | "[Positiva] Oferecer cobertura caso o mercenário reaja."

[10:07:36] [2026-08-28 10:07:36.532] [INPUT] [TavernScene] Key: KEY_EVENT -> Action: CONFIRM

[10:07:36] [2026-08-28 10:07:36.819] [INFO] [Intent] Input Z/ESPAÇO recebido: Avançando ou finalizando caixa de diálogo atual.

[10:07:36] [2026-08-28 10:07:36.819] [INPUT] [TavernScene] Key: KEY_EVENT -> Action: CONFIRM

[10:07:37] [2026-08-28 10:07:37.195] [INFO] [Intent] Input Z/ESPAÇO recebido: Avançando ou finalizando caixa de diálogo atual.

[10:07:37] [2026-08-28 10:07:37.195] [DIALOGUE] [END] Speaker: 

[10:07:37] [2026-08-28 10:07:37.195] [INPUT] [TavernScene] Key: KEY_EVENT -> Action: CONFIRM

[10:07:37] [2026-08-28 10:07:37.595] [INPUT] [TavernScene] Key: KEY_EVENT -> Action: RIGHT

[10:07:39] [2026-08-28 10:07:39.458] [INPUT] [TavernScene] Key: KEY_EVENT -> Action: DOWN

[10:07:39] [2026-08-28 10:07:39.851] [DIALOGUE] [START] Speaker: Rhogar (Pensamento) | "Preciso falar com Joseph Sylven sobre nosso passado antes de sair para as ruas de Rastphen."

[10:07:40] [2026-08-28 10:07:40.491] [INFO] [Intent] Input Z/ESPAÇO recebido: Avançando ou finalizando caixa de diálogo atual.

[10:07:40] [2026-08-28 10:07:40.491] [INPUT] [TavernScene] Key: KEY_EVENT -> Action: CONFIRM

[10:07:40] [2026-08-28 10:07:40.843] [INFO] [Intent] Input Z/ESPAÇO recebido: Avançando ou finalizando caixa de diálogo atual.

[10:07:40] [2026-08-28 10:07:40.843] [DIALOGUE] [END] Speaker: 

[10:07:40] [2026-08-28 10:07:40.843] [INPUT] [TavernScene] Key: KEY_EVENT -> Action: CONFIRM

[10:07:41] [2026-08-28 10:07:41.147] [INPUT] [TavernScene] Key: KEY_EVENT -> Action: UP

[10:07:41] [2026-08-28 10:07:41.163] [INPUT] [TavernScene] Key: KEY_EVENT -> Action: RIGHT

[10:07:42] [2026-08-28 10:07:42.086] [INPUT] [TavernScene] Key: KEY_EVENT -> Action: DOWN

[10:07:42] [2026-08-28 10:07:42.955] [INFO] [Intent] Input Z/ESPAÇO recebido: Iniciando interação com alvo [joseph_sylven].

[10:07:42] [2026-08-28 10:07:42.956] [DIALOGUE] [START] Speaker: Joseph Sylven | "Rhogar, meu rapaz. Vejo que a herança da sua mãe, a lâmina de Brentel, ainda pesa em suas costas."

[10:07:42] [2026-08-28 10:07:42.956] [INPUT] [TavernScene] Key: KEY_EVENT -> Action: CONFIRM

[10:07:43] [2026-08-28 10:07:43.307] [INFO] [Intent] Input Z/ESPAÇO recebido: Avançando ou finalizando caixa de diálogo atual.

[10:07:43] [2026-08-28 10:07:43.307] [INPUT] [TavernScene] Key: KEY_EVENT -> Action: CONFIRM

[10:07:43] [2026-08-28 10:07:43.627] [INFO] [Intent] Input Z/ESPAÇO recebido: Avançando ou finalizando caixa de diálogo atual.

[10:07:43] [2026-08-28 10:07:43.627] [DIALOGUE] [NEXT] Speaker: Joseph Sylven | "Aquela emboscada em Estayler ainda o assombra, não é? Lembre-se do que houve na carroça de escravos..."

[10:07:43] [2026-08-28 10:07:43.628] [INPUT] [TavernScene] Key: KEY_EVENT -> Action: CONFIRM

[10:07:43] [2026-08-28 10:07:43.979] [INFO] [Intent] Input Z/ESPAÇO recebido: Avançando ou finalizando caixa de diálogo atual.

[10:07:43] [2026-08-28 10:07:43.980] [INPUT] [TavernScene] Key: KEY_EVENT -> Action: CONFIRM

[10:07:44] [2026-08-28 10:07:44.371] [INFO] [Intent] Input Z/ESPAÇO recebido: Avançando ou finalizando caixa de diálogo atual.

[10:07:44] [2026-08-28 10:07:44.371] [DIALOGUE] [END] Speaker: 

[10:07:44] [2026-08-28 10:07:44.371] [INFO] [TavernScene] Rhogar lembrou do passado. Iniciando Flashback...

[10:07:44] [2026-08-28 10:07:44.371] [INPUT] [TavernScene] Key: KEY_EVENT -> Action: CONFIRM

[10:07:44] [2026-08-28 10:07:44.954] [DIALOGUE] [START] Speaker: Iksar | "Ora, ora... um draconato intrometido! Guardas, ensinem uma lição a esse lagarto!"

[10:07:45] [2026-08-28 10:07:45.828] [DIALOGUE] [NEXT] Speaker: Rhogar | "Solte a garota, Iksar. Essa covardia termina aqui!"

[10:07:46] [2026-08-28 10:07:46.290] [DIALOGUE] [END] Speaker: 

[10:07:46] [2026-08-28 10:07:46.868] [INFO] [BattleScene] Combate iniciado com suporte total a Teclado.

[10:07:46] [2026-08-28 10:07:46.868] [INFO] [InputManager] InputManager acoplado à cena atual.

[10:07:47] [2026-08-28 10:07:47.523] [INPUT] [BattleScene] Key: KEY_EVENT -> Action: CONFIRM

[10:07:47] [2026-08-28 10:07:47.715] [INFO] [Player] Rhogar Tordan atacou Guarda de Estayler A causando 18 de dano.

[10:07:47] [2026-08-28 10:07:47.725] [INPUT] [BattleScene] Key: KEY_EVENT -> Action: CONFIRM

[10:07:47] [2026-08-28 10:07:47.885] [INPUT] [BattleScene] Key: KEY_EVENT -> Action: CONFIRM

[10:07:48] [2026-08-28 10:07:48.059] [INPUT] [BattleScene] Key: KEY_EVENT -> Action: CONFIRM

[10:07:48] [2026-08-28 10:07:48.267] [INPUT] [BattleScene] Key: KEY_EVENT -> Action: CONFIRM

[10:07:48] [2026-08-28 10:07:48.485] [INPUT] [BattleScene] Key: KEY_EVENT -> Action: CONFIRM

[10:07:48] [2026-08-28 10:07:48.517] [INFO] [BattleScene] Turno dos Inimigos.

[10:07:48] [2026-08-28 10:07:48.517] [INFO] [Player] Rhogar Tordan sofreu 1 de dano e gerou fúria. HP: 119, Fúria: 25

[10:07:48] [2026-08-28 10:07:48.518] [INFO] [Player] Rhogar Tordan sofreu 1 de dano e gerou fúria. HP: 118, Fúria: 40

[10:07:48] [2026-08-28 10:07:48.699] [INPUT] [BattleScene] Key: KEY_EVENT -> Action: CONFIRM

[10:07:48] [2026-08-28 10:07:48.907] [INFO] [Player] Rhogar Tordan atacou Guarda de Estayler A causando 18 de dano.

[10:07:48] [2026-08-28 10:07:48.908] [INPUT] [BattleScene] Key: KEY_EVENT -> Action: CONFIRM

[10:07:49] [2026-08-28 10:07:49.139] [INPUT] [BattleScene] Key: KEY_EVENT -> Action: CONFIRM

[10:07:49] [2026-08-28 10:07:49.363] [INPUT] [BattleScene] Key: KEY_EVENT -> Action: CONFIRM

[10:07:49] [2026-08-28 10:07:49.579] [INPUT] [BattleScene] Key: KEY_EVENT -> Action: CONFIRM

[10:07:49] [2026-08-28 10:07:49.700] [INFO] [BattleScene] Turno dos Inimigos.

[10:07:49] [2026-08-28 10:07:49.700] [INFO] [Player] Rhogar Tordan sofreu 1 de dano e gerou fúria. HP: 117, Fúria: 65

[10:07:49] [2026-08-28 10:07:49.701] [INFO] [Player] Rhogar Tordan sofreu 1 de dano e gerou fúria. HP: 116, Fúria: 80

[10:07:50] [2026-08-28 10:07:50.052] [INPUT] [BattleScene] Key: KEY_EVENT -> Action: CONFIRM

[10:07:50] [2026-08-28 10:07:50.269] [INFO] [Player] Rhogar Tordan atacou Guarda de Estayler A causando 18 de dano.

[10:07:50] [2026-08-28 10:07:50.270] [INPUT] [BattleScene] Key: KEY_EVENT -> Action: CONFIRM

[10:07:50] [2026-08-28 10:07:50.474] [INPUT] [BattleScene] Key: KEY_EVENT -> Action: CONFIRM

[10:07:50] [2026-08-28 10:07:50.707] [INPUT] [BattleScene] Key: KEY_EVENT -> Action: CONFIRM

[10:07:51] [2026-08-28 10:07:51.020] [INPUT] [BattleScene] Key: KEY_EVENT -> Action: CONFIRM

[10:07:51] [2026-08-28 10:07:51.083] [INFO] [BattleScene] Turno dos Inimigos.

[10:07:51] [2026-08-28 10:07:51.083] [INFO] [Player] Rhogar Tordan sofreu 1 de dano e gerou fúria. HP: 115, Fúria: 100

[10:07:51] [2026-08-28 10:07:51.268] [INPUT] [BattleScene] Key: KEY_EVENT -> Action: CONFIRM

[10:07:51] [2026-08-28 10:07:51.563] [INFO] [Player] Rhogar Tordan atacou Guarda de Estayler B causando 18 de dano.

[10:07:51] [2026-08-28 10:07:51.564] [INPUT] [BattleScene] Key: KEY_EVENT -> Action: CONFIRM

[10:07:51] [2026-08-28 10:07:51.803] [INPUT] [BattleScene] Key: KEY_EVENT -> Action: CONFIRM

[10:07:52] [2026-08-28 10:07:52.058] [INPUT] [BattleScene] Key: KEY_EVENT -> Action: CONFIRM

[10:07:52] [2026-08-28 10:07:52.315] [INPUT] [BattleScene] Key: KEY_EVENT -> Action: CONFIRM

[10:07:52] [2026-08-28 10:07:52.366] [INFO] [BattleScene] Turno dos Inimigos.

[10:07:52] [2026-08-28 10:07:52.366] [INFO] [Player] Rhogar Tordan sofreu 1 de dano e gerou fúria. HP: 114, Fúria: 100

[10:07:52] [2026-08-28 10:07:52.675] [INPUT] [BattleScene] Key: KEY_EVENT -> Action: CONFIRM

[10:07:52] [2026-08-28 10:07:52.906] [INFO] [Player] Rhogar Tordan atacou Guarda de Estayler B causando 18 de dano.

[10:07:52] [2026-08-28 10:07:52.907] [INPUT] [BattleScene] Key: KEY_EVENT -> Action: CONFIRM

[10:07:53] [2026-08-28 10:07:53.155] [INPUT] [BattleScene] Key: KEY_EVENT -> Action: CONFIRM

[10:07:53] [2026-08-28 10:07:53.436] [INPUT] [BattleScene] Key: KEY_EVENT -> Action: CONFIRM

[10:07:53] [2026-08-28 10:07:53.691] [INPUT] [BattleScene] Key: KEY_EVENT -> Action: CONFIRM

[10:07:53] [2026-08-28 10:07:53.699] [INFO] [BattleScene] Turno dos Inimigos.

[10:07:53] [2026-08-28 10:07:53.700] [INFO] [Player] Rhogar Tordan sofreu 1 de dano e gerou fúria. HP: 113, Fúria: 100

[10:07:53] [2026-08-28 10:07:53.962] [INPUT] [BattleScene] Key: KEY_EVENT -> Action: CONFIRM

[10:07:54] [2026-08-28 10:07:54.179] [INFO] [Player] Rhogar Tordan atacou Guarda de Estayler B causando 18 de dano.

[10:07:54] [2026-08-28 10:07:54.180] [INFO] [BattleScene] Batalha vencida (Multi-Alvo)!

[10:07:54] [2026-08-28 10:07:54.186] [INPUT] [BattleScene] Key: KEY_EVENT -> Action: CONFIRM

[10:07:54] [2026-08-28 10:07:54.403] [INPUT] [BattleScene] Key: KEY_EVENT -> Action: CONFIRM

[10:07:54] [2026-08-28 10:07:54.669] [INPUT] [BattleScene] Key: KEY_EVENT -> Action: CONFIRM

[10:07:55] [2026-08-28 10:07:55.026] [INPUT] [BattleScene] Key: KEY_EVENT -> Action: CONFIRM

[10:07:56] [2026-08-28 10:07:56.217] [INFO] [RewardScene] Cena de Recompensa iniciada. Retorno agendado para: TavernScene

[10:07:56] [2026-08-28 10:07:56.233] [INFO] [SaveManager] Progresso salvo com sucesso via LocalStorage (Fallback).

[10:07:56] [2026-08-28 10:07:56.890] [INFO] [RewardScene] Retornando para a cena: TavernScene

[10:07:57] [2026-08-28 10:07:57.900] [QUEST] quest_01_flashback -> completed

[10:07:57] [2026-08-28 10:07:57.901] [QUEST] quest_02_temple -> active

[10:07:57] [2026-08-28 10:07:57.901] [TRANSITION] RewardScene -> TavernScene | {"x":700,"y":480,"returnedFromFlashback":true,"battleOutcome":"victory"}

[10:07:58] [2026-08-28 10:07:58.259] [INFO] [InputManager] InputManager acoplado à cena atual.

[10:07:58] [2026-08-28 10:07:58.260] [INFO] [TavernScene] Ambiente da Taverna criado.

[10:07:58] [2026-08-28 10:07:58.261] [INFO] [TavernScene] Retornou do Flashback. Missões atualizadas.

[10:07:58] [2026-08-28 10:07:58.981] [INPUT] [TavernScene] Key: KEY_EVENT -> Action: LEFT

[10:07:59] [2026-08-28 10:07:59.515] [INPUT] [TavernScene] Key: KEY_EVENT -> Action: RIGHT

[10:07:59] [2026-08-28 10:07:59.851] [INFO] [Intent] Input Z/ESPAÇO recebido: Iniciando interação com alvo [joseph_sylven].

[10:07:59] [2026-08-28 10:07:59.851] [DIALOGUE] [START] Speaker: Joseph Sylven | "Superamos aquele cerco com honra. Agora as muralhas nos esperam."

[10:07:59] [2026-08-28 10:07:59.852] [INPUT] [TavernScene] Key: KEY_EVENT -> Action: CONFIRM

[10:08:00] [2026-08-28 10:08:00.269] [INFO] [Intent] Input Z/ESPAÇO recebido: Avançando ou finalizando caixa de diálogo atual.

[10:08:00] [2026-08-28 10:08:00.270] [INPUT] [TavernScene] Key: KEY_EVENT -> Action: CONFIRM

[10:08:00] [2026-08-28 10:08:00.732] [INFO] [Intent] Input Z/ESPAÇO recebido: Avançando ou finalizando caixa de diálogo atual.

[10:08:00] [2026-08-28 10:08:00.732] [DIALOGUE] [NEXT] Speaker: Joseph Sylven | "As muralhas de Rastphen levam à Estrada Sul. Vá, os portões sul foram abertos."

[10:08:00] [2026-08-28 10:08:00.733] [INPUT] [TavernScene] Key: KEY_EVENT -> Action: CONFIRM

[10:08:12] [2026-08-28 10:08:12.514] [INFO] [Intent] Input Z/ESPAÇO recebido: Avançando ou finalizando caixa de diálogo atual.

[10:08:12] [2026-08-28 10:08:12.515] [INPUT] [TavernScene] Key: KEY_EVENT -> Action: CONFIRM

[10:08:13] [2026-08-28 10:08:13.355] [INFO] [Intent] Input Z/ESPAÇO recebido: Avançando ou finalizando caixa de diálogo atual.

[10:08:13] [2026-08-28 10:08:13.355] [DIALOGUE] [END] Speaker: 

[10:08:13] [2026-08-28 10:08:13.355] [INPUT] [TavernScene] Key: KEY_EVENT -> Action: CONFIRM

[10:08:13] [2026-08-28 10:08:13.819] [INPUT] [TavernScene] Key: KEY_EVENT -> Action: DOWN

[10:08:14] [2026-08-28 10:08:14.187] [INPUT] [TavernScene] Key: KEY_EVENT -> Action: LEFT

[10:08:15] [2026-08-28 10:08:15.465] [TRANSITION] TavernScene -> RastphenCityScene | {"x":520,"y":880}

[10:08:15] [2026-08-28 10:08:15.817] [INFO] [RastphenCityScene] Renderizando mapa aberto da cidade.

[10:08:15] [2026-08-28 10:08:15.830] [INFO] [InputManager] InputManager acoplado à cena atual.

[10:08:16] [2026-08-28 10:08:16.490] [INPUT] [RastphenCityScene] Key: KEY_EVENT -> Action: RIGHT

[10:08:17] [2026-08-28 10:08:17.890] [INPUT] [RastphenCityScene] Key: KEY_EVENT -> Action: UP

[10:08:19] [2026-08-28 10:08:19.783] [TRANSITION] RastphenCityScene -> TempleScene | {"x":400,"y":520}

[10:08:20] [2026-08-28 10:08:20.135] [INFO] [TempleScene] Renderizando Templo de Palmem.

[10:08:20] [2026-08-28 10:08:20.143] [INFO] [InputManager] InputManager acoplado à cena atual.

[10:08:20] [2026-08-28 10:08:20.578] [INPUT] [TempleScene] Key: KEY_EVENT -> Action: UP

[10:08:22] [2026-08-28 10:08:22.059] [INPUT] [TempleScene] Key: KEY_EVENT -> Action: LEFT

[10:08:22] [2026-08-28 10:08:22.468] [INPUT] [TempleScene] Key: KEY_EVENT -> Action: UP

[10:08:23] [2026-08-28 10:08:23.500] [INFO] [Intent] Input Z/ESPAÇO recebido: Iniciando interação com alvo [gruther_leito].

[10:08:23] [2026-08-28 10:08:23.501] [DIALOGUE] [START] Speaker: Gruther | "As sombras... invadiram o celeiro. Um monstro de chifres. Eu ouvi o grito de Melissa... Salve-a..."

[10:08:23] [2026-08-28 10:08:23.502] [INPUT] [TempleScene] Key: KEY_EVENT -> Action: CONFIRM

[10:08:23] [2026-08-28 10:08:23.970] [INFO] [Intent] Input Z/ESPAÇO recebido: Avançando ou finalizando caixa de diálogo atual.

[10:08:23] [2026-08-28 10:08:23.971] [INPUT] [TempleScene] Key: KEY_EVENT -> Action: CONFIRM

[10:08:24] [2026-08-28 10:08:24.348] [INFO] [Intent] Input Z/ESPAÇO recebido: Avançando ou finalizando caixa de diálogo atual.

[10:08:24] [2026-08-28 10:08:24.348] [DIALOGUE] [END] Speaker: 

[10:08:24] [2026-08-28 10:08:24.348] [QUEST] quest_02_temple -> completed

[10:08:24] [2026-08-28 10:08:24.349] [QUEST] quest_03_investigate_farm -> active

[10:08:24] [2026-08-28 10:08:24.349] [INFO] [TempleScene] Quest "O Templo de Palmem" concluída! Nova Missão: Investigar a Fazenda.

[10:08:24] [2026-08-28 10:08:24.351] [INPUT] [TempleScene] Key: KEY_EVENT -> Action: CONFIRM

[10:08:24] [2026-08-28 10:08:24.666] [INPUT] [TempleScene] Key: KEY_EVENT -> Action: RIGHT

[10:08:24] [2026-08-28 10:08:24.938] [INPUT] [TempleScene] Key: KEY_EVENT -> Action: DOWN

[10:08:25] [2026-08-28 10:08:25.970] [INFO] [Intent] Input Z/ESPAÇO recebido: Avançando ou finalizando caixa de diálogo atual.

[10:08:25] [2026-08-28 10:08:25.970] [INPUT] [TempleScene] Key: KEY_EVENT -> Action: CONFIRM

[10:08:26] [2026-08-28 10:08:26.427] [INPUT] [TempleScene] Key: KEY_EVENT -> Action: RIGHT

[10:08:26] [2026-08-28 10:08:26.763] [INPUT] [TempleScene] Key: KEY_EVENT -> Action: UP

[10:08:26] [2026-08-28 10:08:26.907] [INFO] [Intent] Input Z/ESPAÇO recebido: Avançando ou finalizando caixa de diálogo atual.

[10:08:26] [2026-08-28 10:08:26.907] [INPUT] [TempleScene] Key: KEY_EVENT -> Action: CONFIRM

[10:08:27] [2026-08-28 10:08:27.484] [INFO] [Intent] Input Z/ESPAÇO recebido: Avançando ou finalizando caixa de diálogo atual.

[10:08:27] [2026-08-28 10:08:27.484] [INPUT] [TempleScene] Key: KEY_EVENT -> Action: CONFIRM

[10:08:27] [2026-08-28 10:08:27.699] [INPUT] [TempleScene] Key: KEY_EVENT -> Action: UP

[10:08:28] [2026-08-28 10:08:28.034] [INFO] [Intent] Input Z/ESPAÇO recebido: Avançando ou finalizando caixa de diálogo atual.

[10:08:28] [2026-08-28 10:08:28.034] [INPUT] [TempleScene] Key: KEY_EVENT -> Action: CONFIRM

[10:08:28] [2026-08-28 10:08:28.243] [INPUT] [TempleScene] Key: KEY_EVENT -> Action: DOWN

[10:08:28] [2026-08-28 10:08:28.659] [INPUT] [TempleScene] Key: KEY_EVENT -> Action: RIGHT

[10:08:28] [2026-08-28 10:08:28.851] [INPUT] [TempleScene] Key: KEY_EVENT -> Action: UP

[10:08:29] [2026-08-28 10:08:29.243] [INFO] [Intent] Input Z/ESPAÇO recebido: Avançando ou finalizando caixa de diálogo atual.

[10:08:29] [2026-08-28 10:08:29.243] [INPUT] [TempleScene] Key: KEY_EVENT -> Action: CONFIRM

[10:08:29] [2026-08-28 10:08:29.451] [INFO] [Intent] Input Z/ESPAÇO recebido: Avançando ou finalizando caixa de diálogo atual.

[10:08:29] [2026-08-28 10:08:29.451] [INPUT] [TempleScene] Key: KEY_EVENT -> Action: CONFIRM

[10:08:29] [2026-08-28 10:08:29.675] [INFO] [Intent] Input Z/ESPAÇO recebido: Avançando ou finalizando caixa de diálogo atual.

[10:08:29] [2026-08-28 10:08:29.675] [INPUT] [TempleScene] Key: KEY_EVENT -> Action: CONFIRM

[10:08:29] [2026-08-28 10:08:29.867] [INFO] [Intent] Input Z/ESPAÇO recebido: Avançando ou finalizando caixa de diálogo atual.

[10:08:29] [2026-08-28 10:08:29.867] [INPUT] [TempleScene] Key: KEY_EVENT -> Action: CONFIRM

[10:08:30] [2026-08-28 10:08:30.067] [INFO] [Intent] Input Z/ESPAÇO recebido: Avançando ou finalizando caixa de diálogo atual.

[10:08:30] [2026-08-28 10:08:30.067] [INPUT] [TempleScene] Key: KEY_EVENT -> Action: CONFIRM

[10:08:30] [2026-08-28 10:08:30.259] [INFO] [Intent] Input Z/ESPAÇO recebido: Avançando ou finalizando caixa de diálogo atual.

[10:08:30] [2026-08-28 10:08:30.259] [INPUT] [TempleScene] Key: KEY_EVENT -> Action: CONFIRM

[10:08:30] [2026-08-28 10:08:30.452] [INFO] [Intent] Input Z/ESPAÇO recebido: Avançando ou finalizando caixa de diálogo atual.

[10:08:30] [2026-08-28 10:08:30.452] [INPUT] [TempleScene] Key: KEY_EVENT -> Action: CONFIRM

[10:08:30] [2026-08-28 10:08:30.627] [INFO] [Intent] Input Z/ESPAÇO recebido: Avançando ou finalizando caixa de diálogo atual.

[10:08:30] [2026-08-28 10:08:30.627] [INPUT] [TempleScene] Key: KEY_EVENT -> Action: CONFIRM

[10:08:30] [2026-08-28 10:08:30.811] [INFO] [Intent] Input Z/ESPAÇO recebido: Avançando ou finalizando caixa de diálogo atual.

[10:08:30] [2026-08-28 10:08:30.811] [INPUT] [TempleScene] Key: KEY_EVENT -> Action: CONFIRM

[10:08:30] [2026-08-28 10:08:30.986] [INFO] [Intent] Input Z/ESPAÇO recebido: Avançando ou finalizando caixa de diálogo atual.

[10:08:30] [2026-08-28 10:08:30.986] [INPUT] [TempleScene] Key: KEY_EVENT -> Action: CONFIRM

[10:08:31] [2026-08-28 10:08:31.179] [INFO] [Intent] Input Z/ESPAÇO recebido: Avançando ou finalizando caixa de diálogo atual.

[10:08:31] [2026-08-28 10:08:31.179] [INPUT] [TempleScene] Key: KEY_EVENT -> Action: CONFIRM

[10:08:31] [2026-08-28 10:08:31.371] [INFO] [Intent] Input Z/ESPAÇO recebido: Avançando ou finalizando caixa de diálogo atual.

[10:08:31] [2026-08-28 10:08:31.371] [INPUT] [TempleScene] Key: KEY_EVENT -> Action: CONFIRM

[10:08:31] [2026-08-28 10:08:31.563] [INFO] [Intent] Input Z/ESPAÇO recebido: Avançando ou finalizando caixa de diálogo atual.

[10:08:31] [2026-08-28 10:08:31.563] [INPUT] [TempleScene] Key: KEY_EVENT -> Action: CONFIRM

[10:08:31] [2026-08-28 10:08:31.771] [INFO] [Intent] Input Z/ESPAÇO recebido: Avançando ou finalizando caixa de diálogo atual.

[10:08:31] [2026-08-28 10:08:31.771] [INPUT] [TempleScene] Key: KEY_EVENT -> Action: CONFIRM

[10:08:31] [2026-08-28 10:08:31.978] [INFO] [Intent] Input Z/ESPAÇO recebido: Avançando ou finalizando caixa de diálogo atual.

[10:08:31] [2026-08-28 10:08:31.978] [INPUT] [TempleScene] Key: KEY_EVENT -> Action: CONFIRM

[10:08:34] [2026-08-28 10:08:34.178] [INPUT] [TempleScene] Key: KEY_EVENT -> Action: DOWN

[10:08:35] [2026-08-28 10:08:35.932] [TRANSITION] TempleScene -> RastphenCityScene | {"x":600,"y":220}

[10:08:36] [2026-08-28 10:08:36.283] [INFO] [RastphenCityScene] Renderizando mapa aberto da cidade.

[10:08:36] [2026-08-28 10:08:36.290] [INFO] [InputManager] InputManager acoplado à cena atual.

[10:08:36] [2026-08-28 10:08:36.301] [INPUT] [RastphenCityScene] Key: KEY_EVENT -> Action: DOWN

[10:08:36] [2026-08-28 10:08:36.707] [INPUT] [RastphenCityScene] Key: KEY_EVENT -> Action: DOWN

[10:08:37] [2026-08-28 10:08:37.083] [INPUT] [RastphenCityScene] Key: KEY_EVENT -> Action: RIGHT

[10:08:39] [2026-08-28 10:08:39.410] [INFO] [Intent] Input Z/ESPAÇO recebido: Iniciando interação com alvo [mercador_yanil].

[10:08:39] [2026-08-28 10:08:39.411] [DIALOGUE] [START] Speaker: Yânil | "Dizem que as ruínas do Bosque Cinzento despertaram novamente. Tenho suprimentos, se tiver ouro."

[10:08:39] [2026-08-28 10:08:39.411] [INPUT] [RastphenCityScene] Key: KEY_EVENT -> Action: CONFIRM

[10:08:39] [2026-08-28 10:08:39.843] [INFO] [Intent] Input Z/ESPAÇO recebido: Avançando ou finalizando caixa de diálogo atual.

[10:08:39] [2026-08-28 10:08:39.843] [INPUT] [RastphenCityScene] Key: KEY_EVENT -> Action: CONFIRM

[10:08:40] [2026-08-28 10:08:40.074] [INFO] [Intent] Input Z/ESPAÇO recebido: Avançando ou finalizando caixa de diálogo atual.

[10:08:40] [2026-08-28 10:08:40.074] [DIALOGUE] [END] Speaker: 

[10:08:40] [2026-08-28 10:08:40.075] [INPUT] [RastphenCityScene] Key: KEY_EVENT -> Action: CONFIRM

[10:08:40] [2026-08-28 10:08:40.387] [INPUT] [RastphenCityScene] Key: KEY_EVENT -> Action: DOWN

[10:08:43] [2026-08-28 10:08:43.290] [INPUT] [RastphenCityScene] Key: KEY_EVENT -> Action: LEFT

[10:08:44] [2026-08-28 10:08:44.075] [INFO] [Intent] Input Z/ESPAÇO recebido: Iniciando interação com alvo [guardas_muralha].

[10:08:44] [2026-08-28 10:08:44.075] [DIALOGUE] [START] Speaker: Guarda Telmer | "Atenção viajante. Criaturas estranhas foram vistas na Estrada Sul."

[10:08:44] [2026-08-28 10:08:44.076] [INPUT] [RastphenCityScene] Key: KEY_EVENT -> Action: CONFIRM

[10:08:44] [2026-08-28 10:08:44.426] [INFO] [Intent] Input Z/ESPAÇO recebido: Avançando ou finalizando caixa de diálogo atual.

[10:08:44] [2026-08-28 10:08:44.426] [INPUT] [RastphenCityScene] Key: KEY_EVENT -> Action: CONFIRM

[10:08:44] [2026-08-28 10:08:44.733] [INFO] [Intent] Input Z/ESPAÇO recebido: Avançando ou finalizando caixa de diálogo atual.

[10:08:44] [2026-08-28 10:08:44.733] [DIALOGUE] [NEXT] Speaker: Guarda Breno | "Tenha cuidado se for prosseguir. Os portões estão abertos para aventureiros."

[10:08:44] [2026-08-28 10:08:44.734] [INPUT] [RastphenCityScene] Key: KEY_EVENT -> Action: CONFIRM

[10:08:45] [2026-08-28 10:08:45.163] [INFO] [Intent] Input Z/ESPAÇO recebido: Avançando ou finalizando caixa de diálogo atual.

[10:08:45] [2026-08-28 10:08:45.165] [INPUT] [RastphenCityScene] Key: KEY_EVENT -> Action: CONFIRM

[10:08:45] [2026-08-28 10:08:45.518] [INFO] [Intent] Input Z/ESPAÇO recebido: Avançando ou finalizando caixa de diálogo atual.

[10:08:45] [2026-08-28 10:08:45.518] [DIALOGUE] [END] Speaker: 

[10:08:45] [2026-08-28 10:08:45.518] [INPUT] [RastphenCityScene] Key: KEY_EVENT -> Action: CONFIRM

[10:08:45] [2026-08-28 10:08:45.834] [INPUT] [RastphenCityScene] Key: KEY_EVENT -> Action: RIGHT

[10:08:45] [2026-08-28 10:08:45.916] [INPUT] [RastphenCityScene] Key: KEY_EVENT -> Action: UP

[10:08:46] [2026-08-28 10:08:46.602] [INPUT] [RastphenCityScene] Key: KEY_EVENT -> Action: DOWN

[10:08:47] [2026-08-28 10:08:47.067] [INFO] [Intent] Input Z/ESPAÇO recebido: Iniciando interação com alvo [guardas_muralha].

[10:08:47] [2026-08-28 10:08:47.067] [DIALOGUE] [START] Speaker: Guarda Telmer | "Atenção viajante. Criaturas estranhas foram vistas na Estrada Sul."

[10:08:47] [2026-08-28 10:08:47.068] [INPUT] [RastphenCityScene] Key: KEY_EVENT -> Action: CONFIRM

[10:08:47] [2026-08-28 10:08:47.317] [INFO] [Intent] Input Z/ESPAÇO recebido: Avançando ou finalizando caixa de diálogo atual.

[10:08:47] [2026-08-28 10:08:47.318] [INPUT] [RastphenCityScene] Key: KEY_EVENT -> Action: CONFIRM

[10:08:47] [2026-08-28 10:08:47.571] [INFO] [Intent] Input Z/ESPAÇO recebido: Avançando ou finalizando caixa de diálogo atual.

[10:08:47] [2026-08-28 10:08:47.571] [DIALOGUE] [NEXT] Speaker: Guarda Breno | "Tenha cuidado se for prosseguir. Os portões estão abertos para aventureiros."

[10:08:47] [2026-08-28 10:08:47.572] [INPUT] [RastphenCityScene] Key: KEY_EVENT -> Action: CONFIRM

[10:08:47] [2026-08-28 10:08:47.867] [INFO] [Intent] Input Z/ESPAÇO recebido: Avançando ou finalizando caixa de diálogo atual.

[10:08:47] [2026-08-28 10:08:47.868] [INPUT] [RastphenCityScene] Key: KEY_EVENT -> Action: CONFIRM

[10:08:48] [2026-08-28 10:08:48.187] [INFO] [Intent] Input Z/ESPAÇO recebido: Avançando ou finalizando caixa de diálogo atual.

[10:08:48] [2026-08-28 10:08:48.187] [DIALOGUE] [END] Speaker: 

[10:08:48] [2026-08-28 10:08:48.187] [INPUT] [RastphenCityScene] Key: KEY_EVENT -> Action: CONFIRM

[10:08:48] [2026-08-28 10:08:48.403] [INPUT] [RastphenCityScene] Key: KEY_EVENT -> Action: UP

[10:08:48] [2026-08-28 10:08:48.594] [INPUT] [RastphenCityScene] Key: KEY_EVENT -> Action: LEFT

[10:08:49] [2026-08-28 10:08:49.059] [INPUT] [RastphenCityScene] Key: KEY_EVENT -> Action: DOWN

[10:08:50] [2026-08-28 10:08:50.091] [INPUT] [RastphenCityScene] Key: KEY_EVENT -> Action: DOWN

[10:08:50] [2026-08-28 10:08:50.091] [INFO] [Intent] Input Z/ESPAÇO recebido: Nenhuma zona interativa próxima. Ação ignorada.

[10:08:50] [2026-08-28 10:08:50.091] [INPUT] [RastphenCityScene] Key: KEY_EVENT -> Action: CONFIRM

[10:08:50] [2026-08-28 10:08:50.227] [INPUT] [RastphenCityScene] Key: KEY_EVENT -> Action: DOWN

[10:08:50] [2026-08-28 10:08:50.370] [INPUT] [RastphenCityScene] Key: KEY_EVENT -> Action: DOWN

[10:08:50] [2026-08-28 10:08:50.370] [INFO] [Intent] Input Z/ESPAÇO recebido: Nenhuma zona interativa próxima. Ação ignorada.

[10:08:50] [2026-08-28 10:08:50.370] [INPUT] [RastphenCityScene] Key: KEY_EVENT -> Action: CONFIRM

[10:08:50] [2026-08-28 10:08:50.370] [INPUT] [RastphenCityScene] Key: KEY_EVENT -> Action: UP

[10:08:50] [2026-08-28 10:08:50.763] [INPUT] [RastphenCityScene] Key: KEY_EVENT -> Action: DOWN

[10:08:50] [2026-08-28 10:08:50.763] [INFO] [Intent] Input Z/ESPAÇO recebido: Nenhuma zona interativa próxima. Ação ignorada.

[10:08:50] [2026-08-28 10:08:50.763] [INPUT] [RastphenCityScene] Key: KEY_EVENT -> Action: CONFIRM

[10:08:50] [2026-08-28 10:08:50.818] [INPUT] [RastphenCityScene] Key: KEY_EVENT -> Action: DOWN

[10:08:50] [2026-08-28 10:08:50.818] [INFO] [Intent] Input Z/ESPAÇO recebido: Nenhuma zona interativa próxima. Ação ignorada.

[10:08:50] [2026-08-28 10:08:50.819] [INPUT] [RastphenCityScene] Key: KEY_EVENT -> Action: CONFIRM

[10:08:50] [2026-08-28 10:08:50.819] [INPUT] [RastphenCityScene] Key: KEY_EVENT -> Action: UP

[10:08:50] [2026-08-28 10:08:50.819] [INPUT] [RastphenCityScene] Key: KEY_EVENT -> Action: UP

[10:08:50] [2026-08-28 10:08:50.932] [INPUT] [RastphenCityScene] Key: KEY_EVENT -> Action: DOWN

[10:08:50] [2026-08-28 10:08:50.932] [INFO] [Intent] Input Z/ESPAÇO recebido: Nenhuma zona interativa próxima. Ação ignorada.

[10:08:50] [2026-08-28 10:08:50.932] [INPUT] [RastphenCityScene] Key: KEY_EVENT -> Action: CONFIRM

[10:08:50] [2026-08-28 10:08:50.932] [INPUT] [RastphenCityScene] Key: KEY_EVENT -> Action: UP

[10:08:50] [2026-08-28 10:08:50.995] [INPUT] [RastphenCityScene] Key: KEY_EVENT -> Action: DOWN

[10:08:50] [2026-08-28 10:08:50.995] [INFO] [Intent] Input Z/ESPAÇO recebido: Nenhuma zona interativa próxima. Ação ignorada.

[10:08:50] [2026-08-28 10:08:50.995] [INPUT] [RastphenCityScene] Key: KEY_EVENT -> Action: CONFIRM

[10:08:50] [2026-08-28 10:08:50.995] [INPUT] [RastphenCityScene] Key: KEY_EVENT -> Action: UP

[10:08:50] [2026-08-28 10:08:50.995] [INPUT] [RastphenCityScene] Key: KEY_EVENT -> Action: UP

[10:08:50] [2026-08-28 10:08:50.995] [INPUT] [RastphenCityScene] Key: KEY_EVENT -> Action: UP

[10:08:51] [2026-08-28 10:08:51.100] [INPUT] [RastphenCityScene] Key: KEY_EVENT -> Action: DOWN

[10:08:51] [2026-08-28 10:08:51.100] [INFO] [Intent] Input Z/ESPAÇO recebido: Nenhuma zona interativa próxima. Ação ignorada.

[10:08:51] [2026-08-28 10:08:51.100] [INPUT] [RastphenCityScene] Key: KEY_EVENT -> Action: CONFIRM

[10:08:51] [2026-08-28 10:08:51.101] [INPUT] [RastphenCityScene] Key: KEY_EVENT -> Action: UP

[10:08:51] [2026-08-28 10:08:51.101] [INPUT] [RastphenCityScene] Key: KEY_EVENT -> Action: UP

[10:17:56] [INIT] Logger inicializado e conectado ao Electron.
[10:17:56] [2026-08-28 10:17:56.318] [INFO] [PreloadScene] Assets procedurais provisórios gerados com sucesso.

[10:17:56] [2026-08-28 10:17:56.335] [INFO] [SaveManager] Progresso lido do LocalStorage.

[10:17:56] [2026-08-28 10:17:56.342] [INFO] [InputManager] InputManager acoplado à cena atual.

[10:17:56] [2026-08-28 10:17:56.344] [INFO] [MenuScene] Cena de Menu criada e inputs vinculados.

[10:17:56] [2026-08-28 10:17:56.979] [INPUT] [MenuScene] Key: KEY_EVENT -> Action: DOWN

[10:17:57] [2026-08-28 10:17:57.193] [INPUT] [MenuScene] Key: KEY_EVENT -> Action: UP

[10:17:58] [2026-08-28 10:17:58.258] [INPUT] [MenuScene] Key: KEY_EVENT -> Action: DOWN

[10:17:58] [2026-08-28 10:17:58.642] [INFO] [MenuScene] Ação: Continuar progresso salvo

[10:17:58] [2026-08-28 10:17:58.642] [INFO] [SaveManager] Progresso lido do LocalStorage.

[10:17:58] [2026-08-28 10:17:58.642] [INPUT] [MenuScene] Key: KEY_EVENT -> Action: CONFIRM

[10:17:58] [2026-08-28 10:17:58.667] [DIALOGUE] [START] Speaker: Iksar | "Ora, ora... um draconato intrometido! Guardas, ensinem uma lição a esse lagarto!"

[10:18:00] [2026-08-28 10:18:00.545] [DIALOGUE] [NEXT] Speaker: Rhogar | "Solte a garota, Iksar. Essa covardia termina aqui!"

[10:18:00] [2026-08-28 10:18:00.929] [DIALOGUE] [END] Speaker: 

[10:18:01] [2026-08-28 10:18:01.482] [INFO] [BattleScene] Combate iniciado com suporte total a Teclado.

[10:18:01] [2026-08-28 10:18:01.482] [INFO] [InputManager] InputManager acoplado à cena atual.

[10:18:02] [2026-08-28 10:18:02.241] [INPUT] [BattleScene] Key: KEY_EVENT -> Action: CONFIRM

[10:18:02] [2026-08-28 10:18:02.409] [INFO] [Player] Rhogar Tordan atacou Guarda de Estayler A causando 18 de dano.

[10:18:02] [2026-08-28 10:18:02.415] [INPUT] [BattleScene] Key: KEY_EVENT -> Action: CONFIRM

[10:18:02] [2026-08-28 10:18:02.568] [INPUT] [BattleScene] Key: KEY_EVENT -> Action: CONFIRM

[10:18:02] [2026-08-28 10:18:02.721] [INPUT] [BattleScene] Key: KEY_EVENT -> Action: CONFIRM

[10:18:02] [2026-08-28 10:18:02.883] [INPUT] [BattleScene] Key: KEY_EVENT -> Action: CONFIRM

[10:18:03] [2026-08-28 10:18:03.048] [INPUT] [BattleScene] Key: KEY_EVENT -> Action: CONFIRM

[10:18:03] [2026-08-28 10:18:03.213] [INFO] [BattleScene] Turno dos Inimigos.

[10:18:03] [2026-08-28 10:18:03.214] [INFO] [Player] Rhogar Tordan sofreu 1 de dano e gerou fúria. HP: 119, Fúria: 25

[10:18:03] [2026-08-28 10:18:03.218] [INFO] [Player] Rhogar Tordan sofreu 1 de dano e gerou fúria. HP: 118, Fúria: 40

[10:18:03] [2026-08-28 10:18:03.224] [INPUT] [BattleScene] Key: KEY_EVENT -> Action: CONFIRM

[10:18:03] [2026-08-28 10:18:03.369] [INFO] [Player] Rhogar Tordan atacou Guarda de Estayler A causando 18 de dano.

[10:18:03] [2026-08-28 10:18:03.371] [INPUT] [BattleScene] Key: KEY_EVENT -> Action: CONFIRM

[10:18:03] [2026-08-28 10:18:03.536] [INPUT] [BattleScene] Key: KEY_EVENT -> Action: CONFIRM

[10:18:03] [2026-08-28 10:18:03.712] [INPUT] [BattleScene] Key: KEY_EVENT -> Action: CONFIRM

[10:18:03] [2026-08-28 10:18:03.889] [INPUT] [BattleScene] Key: KEY_EVENT -> Action: CONFIRM

[10:18:04] [2026-08-28 10:18:04.081] [INPUT] [BattleScene] Key: KEY_EVENT -> Action: CONFIRM

[10:18:04] [2026-08-28 10:18:04.180] [INFO] [BattleScene] Turno dos Inimigos.

[10:18:04] [2026-08-28 10:18:04.180] [INFO] [Player] Rhogar Tordan sofreu 1 de dano e gerou fúria. HP: 117, Fúria: 65

[10:18:04] [2026-08-28 10:18:04.182] [INFO] [Player] Rhogar Tordan sofreu 1 de dano e gerou fúria. HP: 116, Fúria: 80

[10:18:04] [2026-08-28 10:18:04.264] [INPUT] [BattleScene] Key: KEY_EVENT -> Action: CONFIRM

[10:18:04] [2026-08-28 10:18:04.441] [INFO] [Player] Rhogar Tordan atacou Guarda de Estayler A causando 18 de dano.

[10:18:04] [2026-08-28 10:18:04.442] [INPUT] [BattleScene] Key: KEY_EVENT -> Action: CONFIRM

[10:18:04] [2026-08-28 10:18:04.624] [INPUT] [BattleScene] Key: KEY_EVENT -> Action: CONFIRM

[10:18:04] [2026-08-28 10:18:04.833] [INPUT] [BattleScene] Key: KEY_EVENT -> Action: CONFIRM

[10:18:04] [2026-08-28 10:18:05.008] [INPUT] [BattleScene] Key: KEY_EVENT -> Action: CONFIRM

[10:18:05] [2026-08-28 10:18:05.193] [INPUT] [BattleScene] Key: KEY_EVENT -> Action: CONFIRM

[10:18:05] [2026-08-28 10:18:05.246] [INFO] [BattleScene] Turno dos Inimigos.

[10:18:05] [2026-08-28 10:18:05.246] [INFO] [Player] Rhogar Tordan sofreu 1 de dano e gerou fúria. HP: 115, Fúria: 100

[10:18:05] [2026-08-28 10:18:05.400] [INPUT] [BattleScene] Key: KEY_EVENT -> Action: CONFIRM

[10:18:05] [2026-08-28 10:18:05.593] [INFO] [Player] Rhogar Tordan atacou Guarda de Estayler B causando 18 de dano.

[10:18:05] [2026-08-28 10:18:05.594] [INPUT] [BattleScene] Key: KEY_EVENT -> Action: CONFIRM

[10:18:05] [2026-08-28 10:18:05.792] [INPUT] [BattleScene] Key: KEY_EVENT -> Action: CONFIRM

[10:18:05] [2026-08-28 10:18:05.977] [INPUT] [BattleScene] Key: KEY_EVENT -> Action: CONFIRM

[10:18:06] [2026-08-28 10:18:06.177] [INPUT] [BattleScene] Key: KEY_EVENT -> Action: CONFIRM

[10:18:06] [2026-08-28 10:18:06.384] [INPUT] [BattleScene] Key: KEY_EVENT -> Action: CONFIRM

[10:18:06] [2026-08-28 10:18:06.396] [INFO] [BattleScene] Turno dos Inimigos.

[10:18:06] [2026-08-28 10:18:06.396] [INFO] [Player] Rhogar Tordan sofreu 1 de dano e gerou fúria. HP: 114, Fúria: 100

[10:18:06] [2026-08-28 10:18:06.592] [INPUT] [BattleScene] Key: KEY_EVENT -> Action: CONFIRM

[10:18:06] [2026-08-28 10:18:06.776] [INFO] [Player] Rhogar Tordan atacou Guarda de Estayler B causando 18 de dano.

[10:18:06] [2026-08-28 10:18:06.778] [INPUT] [BattleScene] Key: KEY_EVENT -> Action: CONFIRM

[10:18:06] [2026-08-28 10:18:06.984] [INPUT] [BattleScene] Key: KEY_EVENT -> Action: CONFIRM

[10:18:07] [2026-08-28 10:18:07.177] [INPUT] [BattleScene] Key: KEY_EVENT -> Action: CONFIRM

[10:18:07] [2026-08-28 10:18:07.360] [INPUT] [BattleScene] Key: KEY_EVENT -> Action: CONFIRM

[10:18:07] [2026-08-28 10:18:07.568] [INPUT] [BattleScene] Key: KEY_EVENT -> Action: CONFIRM

[10:18:07] [2026-08-28 10:18:07.579] [INFO] [BattleScene] Turno dos Inimigos.

[10:18:07] [2026-08-28 10:18:07.579] [INFO] [Player] Rhogar Tordan sofreu 1 de dano e gerou fúria. HP: 113, Fúria: 100

[10:18:07] [2026-08-28 10:18:07.752] [INPUT] [BattleScene] Key: KEY_EVENT -> Action: CONFIRM

[10:18:07] [2026-08-28 10:18:07.953] [INFO] [Player] Rhogar Tordan atacou Guarda de Estayler B causando 18 de dano.

[10:18:07] [2026-08-28 10:18:07.953] [INFO] [BattleScene] Batalha vencida (Multi-Alvo)!

[10:18:07] [2026-08-28 10:18:07.956] [INPUT] [BattleScene] Key: KEY_EVENT -> Action: CONFIRM

[10:18:08] [2026-08-28 10:18:08.145] [INPUT] [BattleScene] Key: KEY_EVENT -> Action: CONFIRM

[10:18:08] [2026-08-28 10:18:08.344] [INPUT] [BattleScene] Key: KEY_EVENT -> Action: CONFIRM

[10:18:08] [2026-08-28 10:18:08.945] [INPUT] [BattleScene] Key: KEY_EVENT -> Action: CONFIRM

[10:18:09] [2026-08-28 10:18:09.981] [INFO] [RewardScene] Cena de Recompensa iniciada. Retorno agendado para: TavernScene

[10:18:09] [2026-08-28 10:18:09.991] [INFO] [SaveManager] Progresso salvo com sucesso via LocalStorage (Fallback).

[10:18:10] [2026-08-28 10:18:10.456] [INFO] [RewardScene] Retornando para a cena: TavernScene

[10:18:10] [2026-08-28 10:18:10.816] [INFO] [RewardScene] Retornando para a cena: TavernScene

[10:18:11] [2026-08-28 10:18:11.814] [WARN] [QuestManager] Tentou avançar missão inexistente: quest_01_flashback

[10:18:11] [2026-08-28 10:18:11.814] [WARN] [QuestManager] Tentou avançar missão inexistente: quest_02_temple

[10:18:11] [2026-08-28 10:18:11.815] [TRANSITION] RewardScene -> TavernScene | {"x":700,"y":480,"returnedFromFlashback":true,"battleOutcome":"victory"}

[10:18:11] [2026-08-28 10:18:11.815] [WARN] [QuestManager] Tentou avançar missão inexistente: quest_01_flashback

[10:18:11] [2026-08-28 10:18:11.816] [WARN] [QuestManager] Tentou avançar missão inexistente: quest_02_temple

[10:18:12] [2026-08-28 10:18:12.164] [INFO] [QuestManager] Banco de missões inicializado.

[10:18:12] [2026-08-28 10:18:12.177] [INFO] [InputManager] InputManager acoplado à cena atual.

[10:18:12] [2026-08-28 10:18:12.181] [INFO] [TavernScene] Ambiente da Taverna criado.

[10:18:12] [2026-08-28 10:18:12.182] [INFO] [TavernScene] Retornou do Flashback. Missões atualizadas.

[10:18:12] [2026-08-28 10:18:12.624] [INPUT] [TavernScene] Key: KEY_EVENT -> Action: RIGHT

[10:18:12] [2026-08-28 10:18:12.986] [INPUT] [TavernScene] Key: KEY_EVENT -> Action: LEFT

[10:18:13] [2026-08-28 10:18:13.304] [INFO] [Intent] Input Z/ESPAÇO recebido: Iniciando interação com alvo [joseph_sylven].

[10:18:13] [2026-08-28 10:18:13.305] [DIALOGUE] [START] Speaker: Joseph Sylven | "Rhogar, ainda há tensão no ar. Converse com os frequentadores da taverna e beba algo antes de falarmos sobre nosso passado."

[10:18:13] [2026-08-28 10:18:13.306] [INPUT] [TavernScene] Key: KEY_EVENT -> Action: CONFIRM

[10:18:13] [2026-08-28 10:18:13.688] [INFO] [Intent] Input Z/ESPAÇO recebido: Avançando ou finalizando caixa de diálogo atual.

[10:18:13] [2026-08-28 10:18:13.690] [INPUT] [TavernScene] Key: KEY_EVENT -> Action: CONFIRM

[10:18:13] [2026-08-28 10:18:13.904] [INFO] [Intent] Input Z/ESPAÇO recebido: Avançando ou finalizando caixa de diálogo atual.

[10:18:13] [2026-08-28 10:18:13.904] [DIALOGUE] [END] Speaker: 

[10:18:13] [2026-08-28 10:18:13.904] [INPUT] [TavernScene] Key: KEY_EVENT -> Action: CONFIRM

[10:18:14] [2026-08-28 10:18:14.304] [INPUT] [TavernScene] Key: KEY_EVENT -> Action: LEFT

[10:18:14] [2026-08-28 10:18:14.562] [INPUT] [TavernScene] Key: KEY_EVENT -> Action: DOWN

[10:18:15] [2026-08-28 10:18:15.647] [DIALOGUE] [START] Speaker: Rhogar (Pensamento) | "Preciso falar com Joseph Sylven sobre nosso passado antes de sair para as ruas de Rastphen."

[10:18:16] [2026-08-28 10:18:16.224] [INFO] [Intent] Input Z/ESPAÇO recebido: Avançando ou finalizando caixa de diálogo atual.

[10:18:16] [2026-08-28 10:18:16.225] [INPUT] [TavernScene] Key: KEY_EVENT -> Action: CONFIRM

[10:18:16] [2026-08-28 10:18:16.688] [INFO] [Intent] Input Z/ESPAÇO recebido: Avançando ou finalizando caixa de diálogo atual.

[10:18:16] [2026-08-28 10:18:16.688] [DIALOGUE] [END] Speaker: 

[10:18:16] [2026-08-28 10:18:16.688] [INPUT] [TavernScene] Key: KEY_EVENT -> Action: CONFIRM

[10:18:17] [2026-08-28 10:18:17.224] [INPUT] [TavernScene] Key: KEY_EVENT -> Action: UP

[10:18:17] [2026-08-28 10:18:17.314] [INPUT] [TavernScene] Key: KEY_EVENT -> Action: RIGHT

[10:18:18] [2026-08-28 10:18:18.432] [INFO] [Intent] Input Z/ESPAÇO recebido: Nenhuma zona interativa próxima. Ação ignorada.

[10:18:18] [2026-08-28 10:18:18.432] [INPUT] [TavernScene] Key: KEY_EVENT -> Action: CONFIRM

[10:18:18] [2026-08-28 10:18:18.872] [INFO] [Intent] Input Z/ESPAÇO recebido: Iniciando interação com alvo [joseph_sylven].

[10:18:18] [2026-08-28 10:18:18.872] [DIALOGUE] [START] Speaker: Joseph Sylven | "Rhogar, ainda há tensão no ar. Converse com os frequentadores da taverna e beba algo antes de falarmos sobre nosso passado."

[10:18:18] [2026-08-28 10:18:18.873] [INPUT] [TavernScene] Key: KEY_EVENT -> Action: CONFIRM

[10:18:19] [2026-08-28 10:18:19.336] [INFO] [Intent] Input Z/ESPAÇO recebido: Avançando ou finalizando caixa de diálogo atual.

[10:18:19] [2026-08-28 10:18:19.337] [INPUT] [TavernScene] Key: KEY_EVENT -> Action: CONFIRM

[10:18:19] [2026-08-28 10:18:19.856] [INFO] [Intent] Input Z/ESPAÇO recebido: Avançando ou finalizando caixa de diálogo atual.

[10:18:19] [2026-08-28 10:18:19.856] [DIALOGUE] [END] Speaker: 

[10:18:19] [2026-08-28 10:18:19.856] [INPUT] [TavernScene] Key: KEY_EVENT -> Action: CONFIRM

[10:18:20] [2026-08-28 10:18:20.184] [INPUT] [TavernScene] Key: KEY_EVENT -> Action: LEFT

[10:18:20] [2026-08-28 10:18:20.320] [INPUT] [TavernScene] Key: KEY_EVENT -> Action: UP

[10:18:21] [2026-08-28 10:18:21.224] [INPUT] [TavernScene] Key: KEY_EVENT -> Action: RIGHT

[10:18:22] [2026-08-28 10:18:22.352] [INPUT] [TavernScene] Key: KEY_EVENT -> Action: UP

[10:18:22] [2026-08-28 10:18:22.657] [INPUT] [TavernScene] Key: KEY_EVENT -> Action: RIGHT

[10:18:22] [2026-08-28 10:18:22.904] [INFO] [Intent] Input Z/ESPAÇO recebido: Iniciando interação com alvo [traudon_alicia].

[10:18:22] [2026-08-28 10:18:22.904] [DIALOGUE] [START] Speaker: Traudon | "Ah... damascos em calda com cerveja, a perfeição da culinária anã! Não é mesmo, Alícia?"

[10:18:22] [2026-08-28 10:18:22.905] [INPUT] [TavernScene] Key: KEY_EVENT -> Action: CONFIRM

[10:18:23] [2026-08-28 10:18:23.098] [INFO] [Intent] Input Z/ESPAÇO recebido: Avançando ou finalizando caixa de diálogo atual.

[10:18:23] [2026-08-28 10:18:23.101] [INPUT] [TavernScene] Key: KEY_EVENT -> Action: CONFIRM

[10:18:23] [2026-08-28 10:18:23.288] [INFO] [Intent] Input Z/ESPAÇO recebido: Avançando ou finalizando caixa de diálogo atual.

[10:18:23] [2026-08-28 10:18:23.288] [DIALOGUE] [NEXT] Speaker: Alícia | "Você devia focar na sua magia, Traudon. Diga a ele, viajante."

[10:18:23] [2026-08-28 10:18:23.289] [INPUT] [TavernScene] Key: KEY_EVENT -> Action: CONFIRM

[10:18:23] [2026-08-28 10:18:23.465] [INFO] [Intent] Input Z/ESPAÇO recebido: Avançando ou finalizando caixa de diálogo atual.

[10:18:23] [2026-08-28 10:18:23.469] [INPUT] [TavernScene] Key: KEY_EVENT -> Action: CONFIRM

[10:18:23] [2026-08-28 10:18:23.632] [INFO] [Intent] Input Z/ESPAÇO recebido: Avançando ou finalizando caixa de diálogo atual.

[10:18:23] [2026-08-28 10:18:23.632] [DIALOGUE] [CHOICE] Speaker: Alícia | "[Positiva] Apreciar a melodia do alaúde de Alícia."

[10:18:23] [2026-08-28 10:18:23.633] [INPUT] [TavernScene] Key: KEY_EVENT -> Action: CONFIRM

[10:18:23] [2026-08-28 10:18:23.832] [INFO] [Intent] Input Z/ESPAÇO recebido: Avançando ou finalizando caixa de diálogo atual.

[10:18:23] [2026-08-28 10:18:23.833] [INPUT] [TavernScene] Key: KEY_EVENT -> Action: CONFIRM

[10:18:24] [2026-08-28 10:18:24.072] [INFO] [Intent] Input Z/ESPAÇO recebido: Avançando ou finalizando caixa de diálogo atual.

[10:18:24] [2026-08-28 10:18:24.073] [DIALOGUE] [NEXT] Speaker: Traudon | "Bah, não ligue para ela. Um druida anão retira seu poder da terra e dos doces!"

[10:18:24] [2026-08-28 10:18:24.073] [INPUT] [TavernScene] Key: KEY_EVENT -> Action: CONFIRM

[10:18:24] [2026-08-28 10:18:24.272] [INFO] [Intent] Input Z/ESPAÇO recebido: Avançando ou finalizando caixa de diálogo atual.

[10:18:24] [2026-08-28 10:18:24.272] [INPUT] [TavernScene] Key: KEY_EVENT -> Action: CONFIRM

[10:18:24] [2026-08-28 10:18:24.466] [INFO] [Intent] Input Z/ESPAÇO recebido: Avançando ou finalizando caixa de diálogo atual.

[10:18:24] [2026-08-28 10:18:24.466] [DIALOGUE] [END] Speaker: 

[10:18:24] [2026-08-28 10:18:24.466] [INPUT] [TavernScene] Key: KEY_EVENT -> Action: CONFIRM

[10:18:24] [2026-08-28 10:18:24.865] [INPUT] [TavernScene] Key: KEY_EVENT -> Action: UP

[10:18:25] [2026-08-28 10:18:25.481] [INPUT] [TavernScene] Key: KEY_EVENT -> Action: LEFT

[10:18:26] [2026-08-28 10:18:26.536] [INFO] [Intent] Input Z/ESPAÇO recebido: Iniciando interação com alvo [hilda].

[10:18:26] [2026-08-28 10:18:26.538] [INPUT] [TavernScene] Key: KEY_EVENT -> Action: CONFIRM

[10:18:26] [2026-08-28 10:18:26.722] [INFO] [Intent] Input Z/ESPAÇO recebido: Avançando ou finalizando caixa de diálogo atual.

[10:18:26] [2026-08-28 10:18:26.722] [INFO] [InventoryManager] Item adicionado: potion_heal x1

[10:18:26] [2026-08-28 10:18:26.723] [INFO] [ShopUI] Comprou Poção de Vida por 20 PO

[10:18:26] [2026-08-28 10:18:26.723] [INPUT] [TavernScene] Key: KEY_EVENT -> Action: CONFIRM

[10:18:26] [2026-08-28 10:18:26.913] [INFO] [Intent] Input Z/ESPAÇO recebido: Avançando ou finalizando caixa de diálogo atual.

[10:18:26] [2026-08-28 10:18:26.913] [INFO] [InventoryManager] Item adicionado: potion_heal x1

[10:18:26] [2026-08-28 10:18:26.914] [INFO] [ShopUI] Comprou Poção de Vida por 20 PO

[10:18:26] [2026-08-28 10:18:26.914] [INPUT] [TavernScene] Key: KEY_EVENT -> Action: CONFIRM

[10:18:27] [2026-08-28 10:18:27.104] [INFO] [Intent] Input Z/ESPAÇO recebido: Avançando ou finalizando caixa de diálogo atual.

[10:18:27] [2026-08-28 10:18:27.104] [WARN] [ShopUI] Ouro insuficiente para comprar o item.

[10:18:27] [2026-08-28 10:18:27.105] [INPUT] [TavernScene] Key: KEY_EVENT -> Action: CONFIRM

[10:18:27] [2026-08-28 10:18:27.483] [INPUT] [TavernScene] Key: KEY_EVENT -> Action: DOWN

[10:18:27] [2026-08-28 10:18:27.688] [INPUT] [TavernScene] Key: KEY_EVENT -> Action: DOWN

[10:18:27] [2026-08-28 10:18:27.984] [INFO] [Intent] Input Z/ESPAÇO recebido: Avançando ou finalizando caixa de diálogo atual.

[10:18:27] [2026-08-28 10:18:27.984] [INPUT] [TavernScene] Key: KEY_EVENT -> Action: CONFIRM

[10:18:28] [2026-08-28 10:18:28.184] [INPUT] [TavernScene] Key: KEY_EVENT -> Action: LEFT

[10:18:28] [2026-08-28 10:18:28.457] [INPUT] [TavernScene] Key: KEY_EVENT -> Action: DOWN

[10:18:29] [2026-08-28 10:18:29.416] [INPUT] [TavernScene] Key: KEY_EVENT -> Action: UP

[10:18:29] [2026-08-28 10:18:29.936] [INFO] [Intent] Input Z/ESPAÇO recebido: Iniciando interação com alvo [veronica_stinfy].

[10:18:29] [2026-08-28 10:18:29.936] [DIALOGUE] [START] Speaker: Verônica Stinfy | "A magia abissal... Ela contorce a trama da realidade de formas interessantes."

[10:18:29] [2026-08-28 10:18:29.937] [INPUT] [TavernScene] Key: KEY_EVENT -> Action: CONFIRM

[10:18:30] [2026-08-28 10:18:30.131] [INFO] [Intent] Input Z/ESPAÇO recebido: Avançando ou finalizando caixa de diálogo atual.

[10:18:30] [2026-08-28 10:18:30.132] [INPUT] [TavernScene] Key: KEY_EVENT -> Action: CONFIRM

[10:18:30] [2026-08-28 10:18:30.332] [INFO] [Intent] Input Z/ESPAÇO recebido: Avançando ou finalizando caixa de diálogo atual.

[10:18:30] [2026-08-28 10:18:30.332] [DIALOGUE] [NEXT] Speaker: Verônica Stinfy | "O que você quer, meio-elfo?"

[10:18:30] [2026-08-28 10:18:30.333] [INPUT] [TavernScene] Key: KEY_EVENT -> Action: CONFIRM

[10:18:30] [2026-08-28 10:18:30.552] [INFO] [Intent] Input Z/ESPAÇO recebido: Avançando ou finalizando caixa de diálogo atual.

[10:18:30] [2026-08-28 10:18:30.553] [INPUT] [TavernScene] Key: KEY_EVENT -> Action: CONFIRM

[10:18:30] [2026-08-28 10:18:30.768] [INFO] [Intent] Input Z/ESPAÇO recebido: Avançando ou finalizando caixa de diálogo atual.

[10:18:30] [2026-08-28 10:18:30.768] [DIALOGUE] [CHOICE] Speaker: Verônica Stinfy | "[Positiva] Oferecer cooperação contra os cultistas."

[10:18:30] [2026-08-28 10:18:30.769] [INPUT] [TavernScene] Key: KEY_EVENT -> Action: CONFIRM

[10:18:31] [2026-08-28 10:18:31.184] [INFO] [Intent] Input Z/ESPAÇO recebido: Avançando ou finalizando caixa de diálogo atual.

[10:18:31] [2026-08-28 10:18:31.184] [INPUT] [TavernScene] Key: KEY_EVENT -> Action: CONFIRM

[10:18:31] [2026-08-28 10:18:31.560] [INFO] [Intent] Input Z/ESPAÇO recebido: Avançando ou finalizando caixa de diálogo atual.

[10:18:31] [2026-08-28 10:18:31.560] [DIALOGUE] [NEXT] Speaker: Verônica Stinfy | "Agora não me incomode. Estou trabalhando."

[10:18:31] [2026-08-28 10:18:31.561] [INPUT] [TavernScene] Key: KEY_EVENT -> Action: CONFIRM

[10:18:31] [2026-08-28 10:18:31.768] [INPUT] [TavernScene] Key: KEY_EVENT -> Action: RIGHT

[10:18:31] [2026-08-28 10:18:31.984] [INFO] [Intent] Input Z/ESPAÇO recebido: Avançando ou finalizando caixa de diálogo atual.

[10:18:31] [2026-08-28 10:18:31.984] [INPUT] [TavernScene] Key: KEY_EVENT -> Action: CONFIRM

[10:18:32] [2026-08-28 10:18:32.281] [INFO] [Intent] Input Z/ESPAÇO recebido: Avançando ou finalizando caixa de diálogo atual.

[10:18:32] [2026-08-28 10:18:32.281] [DIALOGUE] [END] Speaker: 

[10:18:32] [2026-08-28 10:18:32.281] [INPUT] [TavernScene] Key: KEY_EVENT -> Action: CONFIRM

[10:18:32] [2026-08-28 10:18:32.464] [INPUT] [TavernScene] Key: KEY_EVENT -> Action: RIGHT

[10:18:32] [2026-08-28 10:18:32.672] [INPUT] [TavernScene] Key: KEY_EVENT -> Action: DOWN

[10:18:33] [2026-08-28 10:18:33.328] [INPUT] [TavernScene] Key: KEY_EVENT -> Action: LEFT

[10:18:34] [2026-08-28 10:18:34.305] [INFO] [Intent] Input Z/ESPAÇO recebido: Iniciando interação com alvo [john_bardem].

[10:18:34] [2026-08-28 10:18:34.305] [DIALOGUE] [START] Speaker: John Bardem | "Fique frio e não faça movimentos bruscos."

[10:18:34] [2026-08-28 10:18:34.308] [INPUT] [TavernScene] Key: KEY_EVENT -> Action: CONFIRM

[10:18:34] [2026-08-28 10:18:34.465] [INFO] [Intent] Input Z/ESPAÇO recebido: Avançando ou finalizando caixa de diálogo atual.

[10:18:34] [2026-08-28 10:18:34.467] [INPUT] [TavernScene] Key: KEY_EVENT -> Action: CONFIRM

[10:18:34] [2026-08-28 10:18:34.657] [INFO] [Intent] Input Z/ESPAÇO recebido: Avançando ou finalizando caixa de diálogo atual.

[10:18:34] [2026-08-28 10:18:34.657] [DIALOGUE] [NEXT] Speaker: John Bardem | "Vê aquele mercenário perto da mesa? O que acha de agir?"

[10:18:34] [2026-08-28 10:18:34.657] [INPUT] [TavernScene] Key: KEY_EVENT -> Action: CONFIRM

[10:18:34] [2026-08-28 10:18:34.856] [INFO] [Intent] Input Z/ESPAÇO recebido: Avançando ou finalizando caixa de diálogo atual.

[10:18:34] [2026-08-28 10:18:34.860] [INPUT] [TavernScene] Key: KEY_EVENT -> Action: CONFIRM

[10:18:35] [2026-08-28 10:18:35.080] [INFO] [Intent] Input Z/ESPAÇO recebido: Avançando ou finalizando caixa de diálogo atual.

[10:18:35] [2026-08-28 10:18:35.080] [DIALOGUE] [CHOICE] Speaker: John Bardem | "[Positiva] Oferecer cobertura caso o mercenário reaja."

[10:18:35] [2026-08-28 10:18:35.081] [INPUT] [TavernScene] Key: KEY_EVENT -> Action: CONFIRM

[10:18:35] [2026-08-28 10:18:35.465] [INFO] [Intent] Input Z/ESPAÇO recebido: Avançando ou finalizando caixa de diálogo atual.

[10:18:35] [2026-08-28 10:18:35.465] [INPUT] [TavernScene] Key: KEY_EVENT -> Action: CONFIRM

[10:18:35] [2026-08-28 10:18:35.697] [INFO] [Intent] Input Z/ESPAÇO recebido: Avançando ou finalizando caixa de diálogo atual.

[10:18:35] [2026-08-28 10:18:35.697] [DIALOGUE] [END] Speaker: 

[10:18:35] [2026-08-28 10:18:35.698] [INPUT] [TavernScene] Key: KEY_EVENT -> Action: CONFIRM

[10:18:36] [2026-08-28 10:18:36.048] [INPUT] [TavernScene] Key: KEY_EVENT -> Action: RIGHT

[10:18:36] [2026-08-28 10:18:36.624] [INPUT] [TavernScene] Key: KEY_EVENT -> Action: RIGHT

[10:18:39] [2026-08-28 10:18:39.936] [INFO] [Intent] Input Z/ESPAÇO recebido: Iniciando interação com alvo [joseph_sylven].

[10:18:39] [2026-08-28 10:18:39.936] [DIALOGUE] [START] Speaker: Joseph Sylven | "Rhogar, meu rapaz. Vejo que a herança da sua mãe, a lâmina de Brentel, ainda pesa em suas costas."

[10:18:39] [2026-08-28 10:18:39.937] [INPUT] [TavernScene] Key: KEY_EVENT -> Action: CONFIRM

[10:18:40] [2026-08-28 10:18:40.072] [INFO] [Intent] Input Z/ESPAÇO recebido: Avançando ou finalizando caixa de diálogo atual.

[10:18:40] [2026-08-28 10:18:40.073] [INPUT] [TavernScene] Key: KEY_EVENT -> Action: CONFIRM

[10:18:40] [2026-08-28 10:18:40.272] [INFO] [Intent] Input Z/ESPAÇO recebido: Avançando ou finalizando caixa de diálogo atual.

[10:18:40] [2026-08-28 10:18:40.272] [DIALOGUE] [NEXT] Speaker: Joseph Sylven | "Aquela emboscada em Estayler ainda o assombra, não é? Lembre-se do que houve na carroça de escravos..."

[10:18:40] [2026-08-28 10:18:40.272] [INPUT] [TavernScene] Key: KEY_EVENT -> Action: CONFIRM

[10:18:40] [2026-08-28 10:18:40.481] [INFO] [Intent] Input Z/ESPAÇO recebido: Avançando ou finalizando caixa de diálogo atual.

[10:18:40] [2026-08-28 10:18:40.483] [INPUT] [TavernScene] Key: KEY_EVENT -> Action: CONFIRM

[10:18:40] [2026-08-28 10:18:40.657] [INFO] [Intent] Input Z/ESPAÇO recebido: Avançando ou finalizando caixa de diálogo atual.

[10:18:40] [2026-08-28 10:18:40.657] [DIALOGUE] [END] Speaker: 

[10:18:40] [2026-08-28 10:18:40.657] [INFO] [TavernScene] Rhogar lembrou do passado. Iniciando Flashback...

[10:18:40] [2026-08-28 10:18:40.657] [INPUT] [TavernScene] Key: KEY_EVENT -> Action: CONFIRM

[10:18:40] [2026-08-28 10:18:40.849] [INFO] [Intent] Input Z/ESPAÇO recebido: Iniciando interação com alvo [joseph_sylven].

[10:18:40] [2026-08-28 10:18:40.849] [DIALOGUE] [START] Speaker: Joseph Sylven | "Rhogar, meu rapaz. Vejo que a herança da sua mãe, a lâmina de Brentel, ainda pesa em suas costas."

[10:18:40] [2026-08-28 10:18:40.849] [INPUT] [TavernScene] Key: KEY_EVENT -> Action: CONFIRM

[10:18:41] [2026-08-28 10:18:41.016] [INFO] [Intent] Input Z/ESPAÇO recebido: Avançando ou finalizando caixa de diálogo atual.

[10:18:41] [2026-08-28 10:18:41.016] [INPUT] [TavernScene] Key: KEY_EVENT -> Action: CONFIRM

[10:18:41] [2026-08-28 10:18:41.232] [DIALOGUE] [START] Speaker: Iksar | "Ora, ora... um draconato intrometido! Guardas, ensinem uma lição a esse lagarto!"

[10:18:41] [2026-08-28 10:18:41.432] [DIALOGUE] [NEXT] Speaker: Rhogar | "Solte a garota, Iksar. Essa covardia termina aqui!"

[10:18:41] [2026-08-28 10:18:41.784] [DIALOGUE] [END] Speaker: 

[10:18:42] [2026-08-28 10:18:42.361] [INFO] [BattleScene] Combate iniciado com suporte total a Teclado.

[10:18:42] [2026-08-28 10:18:42.361] [INFO] [InputManager] InputManager acoplado à cena atual.

[10:18:42] [2026-08-28 10:18:42.480] [INPUT] [BattleScene] Key: KEY_EVENT -> Action: CONFIRM

[10:18:42] [2026-08-28 10:18:42.680] [INFO] [Player] Rhogar Tordan atacou Guarda de Estayler A causando 18 de dano.

[10:18:42] [2026-08-28 10:18:42.681] [INPUT] [BattleScene] Key: KEY_EVENT -> Action: CONFIRM

[10:18:42] [2026-08-28 10:18:42.880] [INPUT] [BattleScene] Key: KEY_EVENT -> Action: CONFIRM

[10:18:43] [2026-08-28 10:18:43.081] [INPUT] [BattleScene] Key: KEY_EVENT -> Action: CONFIRM

[10:18:43] [2026-08-28 10:18:43.272] [INPUT] [BattleScene] Key: KEY_EVENT -> Action: CONFIRM

[10:18:43] [2026-08-28 10:18:43.464] [INPUT] [BattleScene] Key: KEY_EVENT -> Action: CONFIRM

[10:18:43] [2026-08-28 10:18:43.494] [INFO] [BattleScene] Turno dos Inimigos.

[10:18:43] [2026-08-28 10:18:43.494] [INFO] [Player] Rhogar Tordan sofreu 1 de dano e gerou fúria. HP: 119, Fúria: 25

[10:18:43] [2026-08-28 10:18:43.495] [INFO] [Player] Rhogar Tordan sofreu 1 de dano e gerou fúria. HP: 118, Fúria: 40

[10:18:43] [2026-08-28 10:18:43.649] [INPUT] [BattleScene] Key: KEY_EVENT -> Action: CONFIRM

[10:18:43] [2026-08-28 10:18:43.832] [INFO] [Player] Rhogar Tordan atacou Guarda de Estayler A causando 18 de dano.

[10:18:43] [2026-08-28 10:18:43.834] [INPUT] [BattleScene] Key: KEY_EVENT -> Action: CONFIRM

[10:18:43] [2026-08-28 10:18:44.008] [INPUT] [BattleScene] Key: KEY_EVENT -> Action: CONFIRM

[10:18:44] [2026-08-28 10:18:44.200] [INPUT] [BattleScene] Key: KEY_EVENT -> Action: CONFIRM

[10:18:44] [2026-08-28 10:18:44.392] [INPUT] [BattleScene] Key: KEY_EVENT -> Action: CONFIRM

[10:18:44] [2026-08-28 10:18:44.576] [INPUT] [BattleScene] Key: KEY_EVENT -> Action: CONFIRM

[10:18:44] [2026-08-28 10:18:44.644] [INFO] [BattleScene] Turno dos Inimigos.

[10:18:44] [2026-08-28 10:18:44.644] [INFO] [Player] Rhogar Tordan sofreu 1 de dano e gerou fúria. HP: 117, Fúria: 65

[10:18:44] [2026-08-28 10:18:44.646] [INFO] [Player] Rhogar Tordan sofreu 1 de dano e gerou fúria. HP: 116, Fúria: 80

[10:18:44] [2026-08-28 10:18:44.784] [INPUT] [BattleScene] Key: KEY_EVENT -> Action: CONFIRM

[10:18:44] [2026-08-28 10:18:44.968] [INFO] [Player] Rhogar Tordan atacou Guarda de Estayler A causando 18 de dano.

[10:18:44] [2026-08-28 10:18:44.969] [INPUT] [BattleScene] Key: KEY_EVENT -> Action: CONFIRM

[10:18:45] [2026-08-28 10:18:45.152] [INPUT] [BattleScene] Key: KEY_EVENT -> Action: CONFIRM

[10:18:45] [2026-08-28 10:18:45.352] [INPUT] [BattleScene] Key: KEY_EVENT -> Action: CONFIRM

[10:18:45] [2026-08-28 10:18:45.545] [INPUT] [BattleScene] Key: KEY_EVENT -> Action: CONFIRM

[10:18:45] [2026-08-28 10:18:45.752] [INPUT] [BattleScene] Key: KEY_EVENT -> Action: CONFIRM

[10:18:45] [2026-08-28 10:18:45.777] [INFO] [BattleScene] Turno dos Inimigos.

[10:18:45] [2026-08-28 10:18:45.777] [INFO] [Player] Rhogar Tordan sofreu 1 de dano e gerou fúria. HP: 115, Fúria: 100

[10:18:45] [2026-08-28 10:18:45.963] [INPUT] [BattleScene] Key: KEY_EVENT -> Action: CONFIRM

[10:18:46] [2026-08-28 10:18:46.162] [INFO] [Player] Rhogar Tordan atacou Guarda de Estayler B causando 18 de dano.

[10:18:46] [2026-08-28 10:18:46.163] [INPUT] [BattleScene] Key: KEY_EVENT -> Action: CONFIRM

[10:18:46] [2026-08-28 10:18:46.368] [INPUT] [BattleScene] Key: KEY_EVENT -> Action: CONFIRM

[10:18:46] [2026-08-28 10:18:46.580] [INPUT] [BattleScene] Key: KEY_EVENT -> Action: CONFIRM

[10:18:46] [2026-08-28 10:18:46.808] [INPUT] [BattleScene] Key: KEY_EVENT -> Action: CONFIRM

[10:18:46] [2026-08-28 10:18:46.978] [INFO] [BattleScene] Turno dos Inimigos.

[10:18:46] [2026-08-28 10:18:46.978] [INFO] [Player] Rhogar Tordan sofreu 1 de dano e gerou fúria. HP: 114, Fúria: 100

[10:18:47] [2026-08-28 10:18:47.032] [INPUT] [BattleScene] Key: KEY_EVENT -> Action: CONFIRM

[10:18:47] [2026-08-28 10:18:47.249] [INFO] [Player] Rhogar Tordan atacou Guarda de Estayler B causando 18 de dano.

[10:18:47] [2026-08-28 10:18:47.250] [INPUT] [BattleScene] Key: KEY_EVENT -> Action: CONFIRM

[10:18:47] [2026-08-28 10:18:47.448] [INPUT] [BattleScene] Key: KEY_EVENT -> Action: CONFIRM

[10:18:47] [2026-08-28 10:18:47.665] [INPUT] [BattleScene] Key: KEY_EVENT -> Action: CONFIRM

[10:18:47] [2026-08-28 10:18:47.888] [INPUT] [BattleScene] Key: KEY_EVENT -> Action: CONFIRM

[10:18:48] [2026-08-28 10:18:48.060] [INFO] [BattleScene] Turno dos Inimigos.

[10:18:48] [2026-08-28 10:18:48.060] [INFO] [Player] Rhogar Tordan sofreu 1 de dano e gerou fúria. HP: 113, Fúria: 100

[10:18:48] [2026-08-28 10:18:48.104] [INPUT] [BattleScene] Key: KEY_EVENT -> Action: CONFIRM

[10:18:48] [2026-08-28 10:18:48.304] [INFO] [Player] Rhogar Tordan atacou Guarda de Estayler B causando 18 de dano.

[10:18:48] [2026-08-28 10:18:48.304] [INFO] [BattleScene] Batalha vencida (Multi-Alvo)!

[10:18:48] [2026-08-28 10:18:48.305] [INPUT] [BattleScene] Key: KEY_EVENT -> Action: CONFIRM

[10:18:48] [2026-08-28 10:18:48.496] [INPUT] [BattleScene] Key: KEY_EVENT -> Action: CONFIRM

[10:18:48] [2026-08-28 10:18:48.800] [INPUT] [BattleScene] Key: KEY_EVENT -> Action: CONFIRM

[10:18:49] [2026-08-28 10:18:49.065] [INPUT] [BattleScene] Key: KEY_EVENT -> Action: CONFIRM

[10:18:49] [2026-08-28 10:18:49.488] [INPUT] [BattleScene] Key: KEY_EVENT -> Action: CONFIRM

[10:18:50] [2026-08-28 10:18:50.347] [INFO] [RewardScene] Cena de Recompensa iniciada. Retorno agendado para: TavernScene

[10:18:50] [2026-08-28 10:18:50.350] [INFO] [SaveManager] Progresso salvo com sucesso via LocalStorage (Fallback).

[10:18:56] [2026-08-28 10:18:56.935] [INFO] [RewardScene] Retornando para a cena: TavernScene

[10:18:57] [2026-08-28 10:18:57.943] [QUEST] quest_01_flashback -> completed

[10:18:57] [2026-08-28 10:18:57.943] [QUEST] quest_02_temple -> active

[10:19:13] [INIT] Logger inicializado e conectado ao Electron.
[10:19:13] [2026-08-28 10:19:13.819] [INFO] [PreloadScene] Assets procedurais provisórios gerados com sucesso.

[10:19:13] [2026-08-28 10:19:13.837] [INFO] [SaveManager] Progresso lido do LocalStorage.

[10:19:13] [2026-08-28 10:19:13.844] [INFO] [InputManager] InputManager acoplado à cena atual.

[10:19:13] [2026-08-28 10:19:13.847] [INFO] [MenuScene] Cena de Menu criada e inputs vinculados.

[10:19:16] [2026-08-28 10:19:16.721] [INFO] [MenuScene] Ação: Iniciar Novo Jogo (TavernScene)

[10:19:16] [2026-08-28 10:19:16.721] [INFO] [QuestManager] Progresso das missões resetado para novo jogo.

[10:19:16] [2026-08-28 10:19:16.721] [INPUT] [MenuScene] Key: KEY_EVENT -> Action: CONFIRM

[10:19:16] [2026-08-28 10:19:16.727] [INFO] [QuestManager] Banco de missões inicializado.

[10:19:16] [2026-08-28 10:19:16.752] [INFO] [InputManager] InputManager acoplado à cena atual.

[10:19:16] [2026-08-28 10:19:16.755] [INFO] [TavernScene] Ambiente da Taverna criado.

[10:19:26] [2026-08-28 10:19:26.412] [INPUT] [TavernScene] Key: KEY_EVENT -> Action: LEFT

[10:27:24] [INIT] Logger inicializado e conectado ao Electron.
[10:27:25] [2026-08-28 10:27:25.169] [INFO] [PreloadScene] Assets procedurais provisórios gerados com sucesso.

[10:27:25] [2026-08-28 10:27:25.216] [INFO] [SaveManager] Progresso lido do LocalStorage.

[10:27:25] [2026-08-28 10:27:25.231] [INFO] [InputManager] InputManager acoplado à cena atual.

[10:27:25] [2026-08-28 10:27:25.237] [INFO] [MenuScene] Cena de Menu criada e inputs vinculados.

[10:28:21] [2026-08-28 10:28:21.929] [INFO] [MenuScene] Ação: Iniciar Novo Jogo (TavernScene)

[10:28:21] [2026-08-28 10:28:21.929] [INFO] [QuestManager] Progresso das missões resetado para novo jogo.

[10:28:21] [2026-08-28 10:28:21.929] [INPUT] [MenuScene] Key: KEY_EVENT -> Action: CONFIRM

[10:28:21] [2026-08-28 10:28:21.941] [INFO] [QuestManager] Banco de missões inicializado.

[10:28:21] [2026-08-28 10:28:21.974] [INFO] [InputManager] InputManager acoplado à cena atual.

[10:28:21] [2026-08-28 10:28:21.979] [INFO] [TavernScene] Ambiente da Taverna criado.

[10:28:23] [2026-08-28 10:28:23.335] [INPUT] [TavernScene] Key: KEY_EVENT -> Action: UP

[10:28:23] [2026-08-28 10:28:23.958] [INPUT] [TavernScene] Key: KEY_EVENT -> Action: RIGHT

[10:28:25] [2026-08-28 10:28:25.560] [INFO] [Intent] Input Z/ESPAÇO recebido: Iniciando interação com alvo [traudon_alicia].

[10:28:25] [2026-08-28 10:28:25.560] [DIALOGUE] [START] Speaker: Traudon | "Ah... damascos em calda com cerveja, a perfeição da culinária anã! Não é mesmo, Alícia?"

[10:28:25] [2026-08-28 10:28:25.564] [INPUT] [TavernScene] Key: KEY_EVENT -> Action: CONFIRM

[10:28:25] [2026-08-28 10:28:25.993] [INFO] [Intent] Input Z/ESPAÇO recebido: Avançando ou finalizando caixa de diálogo atual.

[10:28:25] [2026-08-28 10:28:25.997] [INPUT] [TavernScene] Key: KEY_EVENT -> Action: CONFIRM

[10:28:26] [2026-08-28 10:28:26.214] [INFO] [Intent] Input Z/ESPAÇO recebido: Avançando ou finalizando caixa de diálogo atual.

[10:28:26] [2026-08-28 10:28:26.214] [DIALOGUE] [NEXT] Speaker: Alícia | "Você devia focar na sua magia, Traudon. Diga a ele, viajante."

[10:28:26] [2026-08-28 10:28:26.216] [INPUT] [TavernScene] Key: KEY_EVENT -> Action: CONFIRM

[10:28:26] [2026-08-28 10:28:26.694] [INFO] [Intent] Input Z/ESPAÇO recebido: Avançando ou finalizando caixa de diálogo atual.

[10:28:26] [2026-08-28 10:28:26.699] [INPUT] [TavernScene] Key: KEY_EVENT -> Action: CONFIRM

[10:28:27] [2026-08-28 10:28:27.006] [INFO] [Intent] Input Z/ESPAÇO recebido: Avançando ou finalizando caixa de diálogo atual.

[10:28:27] [2026-08-28 10:28:27.006] [DIALOGUE] [CHOICE] Speaker: Alícia | "[Positiva] Apreciar a melodia do alaúde de Alícia."

[10:28:27] [2026-08-28 10:28:27.010] [INPUT] [TavernScene] Key: KEY_EVENT -> Action: CONFIRM

[10:28:27] [2026-08-28 10:28:27.377] [INFO] [Intent] Input Z/ESPAÇO recebido: Avançando ou finalizando caixa de diálogo atual.

[10:28:27] [2026-08-28 10:28:27.379] [INPUT] [TavernScene] Key: KEY_EVENT -> Action: CONFIRM

[10:28:27] [2026-08-28 10:28:27.609] [INFO] [Intent] Input Z/ESPAÇO recebido: Avançando ou finalizando caixa de diálogo atual.

[10:28:27] [2026-08-28 10:28:27.609] [DIALOGUE] [NEXT] Speaker: Traudon | "Bah, não ligue para ela. Um druida anão retira seu poder da terra e dos doces!"

[10:28:27] [2026-08-28 10:28:27.610] [INPUT] [TavernScene] Key: KEY_EVENT -> Action: CONFIRM

[10:28:27] [2026-08-28 10:28:27.983] [INFO] [Intent] Input Z/ESPAÇO recebido: Avançando ou finalizando caixa de diálogo atual.

[10:28:27] [2026-08-28 10:28:27.984] [INPUT] [TavernScene] Key: KEY_EVENT -> Action: CONFIRM

[10:28:28] [2026-08-28 10:28:28.414] [INFO] [Intent] Input Z/ESPAÇO recebido: Avançando ou finalizando caixa de diálogo atual.

[10:28:28] [2026-08-28 10:28:28.414] [DIALOGUE] [END] Speaker: 

[10:28:28] [2026-08-28 10:28:28.414] [INPUT] [TavernScene] Key: KEY_EVENT -> Action: CONFIRM

[10:28:28] [2026-08-28 10:28:28.647] [INPUT] [TavernScene] Key: KEY_EVENT -> Action: LEFT

[10:28:28] [2026-08-28 10:28:28.830] [INPUT] [TavernScene] Key: KEY_EVENT -> Action: UP

[10:28:29] [2026-08-28 10:28:29.951] [INFO] [Intent] Input Z/ESPAÇO recebido: Iniciando interação com alvo [hilda].

[10:28:29] [2026-08-28 10:28:29.955] [INPUT] [TavernScene] Key: KEY_EVENT -> Action: CONFIRM

[10:28:30] [2026-08-28 10:28:30.151] [INFO] [Intent] Input Z/ESPAÇO recebido: Avançando ou finalizando caixa de diálogo atual.

[10:28:30] [2026-08-28 10:28:30.151] [INFO] [InventoryManager] Item adicionado: potion_heal x1

[10:28:30] [2026-08-28 10:28:30.152] [INFO] [ShopUI] Comprou Poção de Vida por 20 PO

[10:28:30] [2026-08-28 10:28:30.152] [INPUT] [TavernScene] Key: KEY_EVENT -> Action: CONFIRM

[10:28:30] [2026-08-28 10:28:30.720] [INPUT] [TavernScene] Key: KEY_EVENT -> Action: DOWN

[10:28:30] [2026-08-28 10:28:30.911] [INPUT] [TavernScene] Key: KEY_EVENT -> Action: DOWN

[10:28:31] [2026-08-28 10:28:31.255] [INFO] [Intent] Input Z/ESPAÇO recebido: Avançando ou finalizando caixa de diálogo atual.

[10:28:31] [2026-08-28 10:28:31.255] [INPUT] [TavernScene] Key: KEY_EVENT -> Action: CONFIRM

[10:28:31] [2026-08-28 10:28:31.639] [INPUT] [TavernScene] Key: KEY_EVENT -> Action: LEFT

[10:28:31] [2026-08-28 10:28:31.919] [INPUT] [TavernScene] Key: KEY_EVENT -> Action: DOWN

[10:28:32] [2026-08-28 10:28:32.823] [INPUT] [TavernScene] Key: KEY_EVENT -> Action: UP

[10:28:33] [2026-08-28 10:28:33.382] [INFO] [Intent] Input Z/ESPAÇO recebido: Iniciando interação com alvo [veronica_stinfy].

[10:28:33] [2026-08-28 10:28:33.382] [DIALOGUE] [START] Speaker: Verônica Stinfy | "A magia abissal... Ela contorce a trama da realidade de formas interessantes."

[10:28:33] [2026-08-28 10:28:33.384] [INPUT] [TavernScene] Key: KEY_EVENT -> Action: CONFIRM

[10:28:33] [2026-08-28 10:28:33.638] [INFO] [Intent] Input Z/ESPAÇO recebido: Avançando ou finalizando caixa de diálogo atual.

[10:28:33] [2026-08-28 10:28:33.639] [INPUT] [TavernScene] Key: KEY_EVENT -> Action: CONFIRM

[10:28:33] [2026-08-28 10:28:33.993] [INFO] [Intent] Input Z/ESPAÇO recebido: Avançando ou finalizando caixa de diálogo atual.

[10:28:33] [2026-08-28 10:28:33.994] [DIALOGUE] [NEXT] Speaker: Verônica Stinfy | "O que você quer, meio-elfo?"

[10:28:33] [2026-08-28 10:28:33.995] [INPUT] [TavernScene] Key: KEY_EVENT -> Action: CONFIRM

[10:28:34] [2026-08-28 10:28:34.423] [INFO] [Intent] Input Z/ESPAÇO recebido: Avançando ou finalizando caixa de diálogo atual.

[10:28:34] [2026-08-28 10:28:34.429] [INPUT] [TavernScene] Key: KEY_EVENT -> Action: CONFIRM

[10:28:34] [2026-08-28 10:28:34.846] [INFO] [Intent] Input Z/ESPAÇO recebido: Avançando ou finalizando caixa de diálogo atual.

[10:28:34] [2026-08-28 10:28:34.847] [DIALOGUE] [CHOICE] Speaker: Verônica Stinfy | "[Positiva] Oferecer cooperação contra os cultistas."

[10:28:34] [2026-08-28 10:28:34.847] [INPUT] [TavernScene] Key: KEY_EVENT -> Action: CONFIRM

[10:28:35] [2026-08-28 10:28:35.254] [INFO] [Intent] Input Z/ESPAÇO recebido: Avançando ou finalizando caixa de diálogo atual.

[10:28:35] [2026-08-28 10:28:35.254] [INPUT] [TavernScene] Key: KEY_EVENT -> Action: CONFIRM

[10:28:35] [2026-08-28 10:28:35.626] [INFO] [Intent] Input Z/ESPAÇO recebido: Avançando ou finalizando caixa de diálogo atual.

[10:28:35] [2026-08-28 10:28:35.626] [DIALOGUE] [NEXT] Speaker: Verônica Stinfy | "Agora não me incomode. Estou trabalhando."

[10:28:35] [2026-08-28 10:28:35.627] [INPUT] [TavernScene] Key: KEY_EVENT -> Action: CONFIRM

[10:28:36] [2026-08-28 10:28:36.009] [INPUT] [TavernScene] Key: KEY_EVENT -> Action: LEFT

[10:28:36] [2026-08-28 10:28:36.126] [INFO] [Intent] Input Z/ESPAÇO recebido: Avançando ou finalizando caixa de diálogo atual.

[10:28:36] [2026-08-28 10:28:36.127] [INPUT] [TavernScene] Key: KEY_EVENT -> Action: CONFIRM

[10:28:36] [2026-08-28 10:28:36.462] [INFO] [Intent] Input Z/ESPAÇO recebido: Avançando ou finalizando caixa de diálogo atual.

[10:28:36] [2026-08-28 10:28:36.462] [DIALOGUE] [END] Speaker: 

[10:28:36] [2026-08-28 10:28:36.462] [INPUT] [TavernScene] Key: KEY_EVENT -> Action: CONFIRM

[10:28:36] [2026-08-28 10:28:36.793] [INPUT] [TavernScene] Key: KEY_EVENT -> Action: LEFT

[10:28:36] [2026-08-28 10:28:36.982] [INPUT] [TavernScene] Key: KEY_EVENT -> Action: DOWN

[10:28:38] [2026-08-28 10:28:38.550] [INFO] [Intent] Input Z/ESPAÇO recebido: Iniciando interação com alvo [john_bardem].

[10:28:38] [2026-08-28 10:28:38.550] [DIALOGUE] [START] Speaker: John Bardem | "Fique frio e não faça movimentos bruscos."

[10:28:38] [2026-08-28 10:28:38.552] [INPUT] [TavernScene] Key: KEY_EVENT -> Action: CONFIRM

[10:28:38] [2026-08-28 10:28:38.734] [INFO] [Intent] Input Z/ESPAÇO recebido: Avançando ou finalizando caixa de diálogo atual.

[10:28:38] [2026-08-28 10:28:38.734] [INPUT] [TavernScene] Key: KEY_EVENT -> Action: CONFIRM

[10:28:38] [2026-08-28 10:28:38.918] [INFO] [Intent] Input Z/ESPAÇO recebido: Avançando ou finalizando caixa de diálogo atual.

[10:28:38] [2026-08-28 10:28:38.918] [DIALOGUE] [NEXT] Speaker: John Bardem | "Vê aquele mercenário perto da mesa? O que acha de agir?"

[10:28:38] [2026-08-28 10:28:38.919] [INPUT] [TavernScene] Key: KEY_EVENT -> Action: CONFIRM

[10:28:39] [2026-08-28 10:28:39.118] [INFO] [Intent] Input Z/ESPAÇO recebido: Avançando ou finalizando caixa de diálogo atual.

[10:28:39] [2026-08-28 10:28:39.120] [INPUT] [TavernScene] Key: KEY_EVENT -> Action: CONFIRM

[10:28:39] [2026-08-28 10:28:39.374] [INFO] [Intent] Input Z/ESPAÇO recebido: Avançando ou finalizando caixa de diálogo atual.

[10:28:39] [2026-08-28 10:28:39.374] [DIALOGUE] [CHOICE] Speaker: John Bardem | "[Positiva] Oferecer cobertura caso o mercenário reaja."

[10:28:39] [2026-08-28 10:28:39.375] [INPUT] [TavernScene] Key: KEY_EVENT -> Action: CONFIRM

[10:28:39] [2026-08-28 10:28:39.760] [INFO] [Intent] Input Z/ESPAÇO recebido: Avançando ou finalizando caixa de diálogo atual.

[10:28:39] [2026-08-28 10:28:39.762] [INPUT] [TavernScene] Key: KEY_EVENT -> Action: CONFIRM

[10:28:39] [2026-08-28 10:28:39.998] [INFO] [Intent] Input Z/ESPAÇO recebido: Avançando ou finalizando caixa de diálogo atual.

[10:28:39] [2026-08-28 10:28:39.999] [DIALOGUE] [END] Speaker: 

[10:28:39] [2026-08-28 10:28:39.999] [INPUT] [TavernScene] Key: KEY_EVENT -> Action: CONFIRM

[10:28:40] [2026-08-28 10:28:40.398] [INPUT] [TavernScene] Key: KEY_EVENT -> Action: RIGHT

[10:28:43] [2026-08-28 10:28:43.782] [INPUT] [TavernScene] Key: KEY_EVENT -> Action: DOWN

[10:28:44] [2026-08-28 10:28:44.176] [INFO] [Intent] Input Z/ESPAÇO recebido: Iniciando interação com alvo [joseph_sylven].

[10:28:44] [2026-08-28 10:28:44.176] [DIALOGUE] [START] Speaker: Joseph Sylven | "Rhogar, meu rapaz. Vejo que a herança da sua mãe, a lâmina de Brentel, ainda pesa em suas costas."

[10:28:44] [2026-08-28 10:28:44.179] [INPUT] [TavernScene] Key: KEY_EVENT -> Action: CONFIRM

[10:28:44] [2026-08-28 10:28:44.656] [INFO] [Intent] Input Z/ESPAÇO recebido: Avançando ou finalizando caixa de diálogo atual.

[10:28:44] [2026-08-28 10:28:44.659] [INPUT] [TavernScene] Key: KEY_EVENT -> Action: CONFIRM

[10:28:45] [2026-08-28 10:28:45.127] [INFO] [Intent] Input Z/ESPAÇO recebido: Avançando ou finalizando caixa de diálogo atual.

[10:28:45] [2026-08-28 10:28:45.127] [DIALOGUE] [NEXT] Speaker: Joseph Sylven | "Aquela emboscada em Estayler ainda o assombra, não é? Lembre-se do que houve na carroça de escravos..."

[10:28:45] [2026-08-28 10:28:45.127] [INPUT] [TavernScene] Key: KEY_EVENT -> Action: CONFIRM

[10:28:45] [2026-08-28 10:28:45.518] [INFO] [Intent] Input Z/ESPAÇO recebido: Avançando ou finalizando caixa de diálogo atual.

[10:28:45] [2026-08-28 10:28:45.519] [INPUT] [TavernScene] Key: KEY_EVENT -> Action: CONFIRM

[10:28:45] [2026-08-28 10:28:45.838] [INFO] [Intent] Input Z/ESPAÇO recebido: Avançando ou finalizando caixa de diálogo atual.

[10:28:45] [2026-08-28 10:28:45.838] [DIALOGUE] [END] Speaker: 

[10:28:45] [2026-08-28 10:28:45.838] [INFO] [TavernScene] Rhogar lembrou do passado. Iniciando Flashback...

[10:28:45] [2026-08-28 10:28:45.838] [INPUT] [TavernScene] Key: KEY_EVENT -> Action: CONFIRM

[10:28:46] [2026-08-28 10:28:46.411] [DIALOGUE] [START] Speaker: Iksar | "Ora, ora... um draconato intrometido! Guardas, ensinem uma lição a esse lagarto!"

[10:28:47] [2026-08-28 10:28:47.446] [DIALOGUE] [NEXT] Speaker: Rhogar | "Solte a garota, Iksar. Essa covardia termina aqui!"

[10:28:47] [2026-08-28 10:28:47.880] [DIALOGUE] [END] Speaker: 

[10:28:48] [2026-08-28 10:28:48.442] [INFO] [BattleScene] Combate iniciado com suporte total a Teclado.

[10:28:48] [2026-08-28 10:28:48.442] [INFO] [InputManager] InputManager acoplado à cena atual.

[10:28:49] [2026-08-28 10:28:49.303] [INPUT] [BattleScene] Key: KEY_EVENT -> Action: CONFIRM

[10:28:49] [2026-08-28 10:28:49.503] [INFO] [Player] Rhogar Tordan atacou Guarda de Estayler A causando 18 de dano.

[10:28:49] [2026-08-28 10:28:49.517] [INPUT] [BattleScene] Key: KEY_EVENT -> Action: CONFIRM

[10:28:49] [2026-08-28 10:28:49.694] [INPUT] [BattleScene] Key: KEY_EVENT -> Action: CONFIRM

[10:28:49] [2026-08-28 10:28:49.855] [INPUT] [BattleScene] Key: KEY_EVENT -> Action: CONFIRM

[10:28:50] [2026-08-28 10:28:50.023] [INPUT] [BattleScene] Key: KEY_EVENT -> Action: CONFIRM

[10:28:50] [2026-08-28 10:28:50.214] [INPUT] [BattleScene] Key: KEY_EVENT -> Action: CONFIRM

[10:28:50] [2026-08-28 10:28:50.307] [INFO] [BattleScene] Turno dos Inimigos.

[10:28:50] [2026-08-28 10:28:50.307] [INFO] [Player] Rhogar Tordan sofreu 1 de dano e gerou fúria. HP: 119, Fúria: 25

[10:28:50] [2026-08-28 10:28:50.309] [INFO] [Player] Rhogar Tordan sofreu 1 de dano e gerou fúria. HP: 118, Fúria: 40

[10:28:50] [2026-08-28 10:28:50.398] [INPUT] [BattleScene] Key: KEY_EVENT -> Action: CONFIRM

[10:28:50] [2026-08-28 10:28:50.582] [INFO] [Player] Rhogar Tordan atacou Guarda de Estayler A causando 18 de dano.

[10:28:50] [2026-08-28 10:28:50.583] [INPUT] [BattleScene] Key: KEY_EVENT -> Action: CONFIRM

[10:28:50] [2026-08-28 10:28:50.790] [INPUT] [BattleScene] Key: KEY_EVENT -> Action: CONFIRM

[10:28:50] [2026-08-28 10:28:50.998] [INPUT] [BattleScene] Key: KEY_EVENT -> Action: CONFIRM

[10:28:51] [2026-08-28 10:28:51.198] [INPUT] [BattleScene] Key: KEY_EVENT -> Action: CONFIRM

[10:28:51] [2026-08-28 10:28:51.389] [INFO] [BattleScene] Turno dos Inimigos.

[10:28:51] [2026-08-28 10:28:51.389] [INFO] [Player] Rhogar Tordan sofreu 1 de dano e gerou fúria. HP: 117, Fúria: 65

[10:28:51] [2026-08-28 10:28:51.390] [INFO] [Player] Rhogar Tordan sofreu 1 de dano e gerou fúria. HP: 116, Fúria: 80

[10:28:51] [2026-08-28 10:28:51.407] [INPUT] [BattleScene] Key: KEY_EVENT -> Action: CONFIRM

[10:28:51] [2026-08-28 10:28:51.607] [INFO] [Player] Rhogar Tordan atacou Guarda de Estayler A causando 18 de dano.

[10:28:51] [2026-08-28 10:28:51.608] [INPUT] [BattleScene] Key: KEY_EVENT -> Action: CONFIRM

[10:28:51] [2026-08-28 10:28:51.814] [INPUT] [BattleScene] Key: KEY_EVENT -> Action: CONFIRM

[10:28:52] [2026-08-28 10:28:52.030] [INPUT] [BattleScene] Key: KEY_EVENT -> Action: CONFIRM

[10:28:52] [2026-08-28 10:28:52.239] [INPUT] [BattleScene] Key: KEY_EVENT -> Action: CONFIRM

[10:28:52] [2026-08-28 10:28:52.405] [INFO] [BattleScene] Turno dos Inimigos.

[10:28:52] [2026-08-28 10:28:52.405] [INFO] [Player] Rhogar Tordan sofreu 1 de dano e gerou fúria. HP: 115, Fúria: 100

[10:28:52] [2026-08-28 10:28:52.438] [INPUT] [BattleScene] Key: KEY_EVENT -> Action: CONFIRM

[10:28:52] [2026-08-28 10:28:52.646] [INFO] [Player] Rhogar Tordan atacou Guarda de Estayler B causando 18 de dano.

[10:28:52] [2026-08-28 10:28:52.647] [INPUT] [BattleScene] Key: KEY_EVENT -> Action: CONFIRM

[10:28:52] [2026-08-28 10:28:52.846] [INPUT] [BattleScene] Key: KEY_EVENT -> Action: CONFIRM

[10:28:53] [2026-08-28 10:28:53.046] [INPUT] [BattleScene] Key: KEY_EVENT -> Action: CONFIRM

[10:28:53] [2026-08-28 10:28:53.262] [INPUT] [BattleScene] Key: KEY_EVENT -> Action: CONFIRM

[10:28:53] [2026-08-28 10:28:53.455] [INFO] [BattleScene] Turno dos Inimigos.

[10:28:53] [2026-08-28 10:28:53.455] [INFO] [Player] Rhogar Tordan sofreu 1 de dano e gerou fúria. HP: 114, Fúria: 100

[10:28:53] [2026-08-28 10:28:53.502] [INPUT] [BattleScene] Key: KEY_EVENT -> Action: CONFIRM

[10:28:53] [2026-08-28 10:28:53.710] [INFO] [Player] Rhogar Tordan atacou Guarda de Estayler B causando 18 de dano.

[10:28:53] [2026-08-28 10:28:53.711] [INPUT] [BattleScene] Key: KEY_EVENT -> Action: CONFIRM

[10:28:53] [2026-08-28 10:28:53.918] [INPUT] [BattleScene] Key: KEY_EVENT -> Action: CONFIRM

[10:28:54] [2026-08-28 10:28:54.175] [INPUT] [BattleScene] Key: KEY_EVENT -> Action: CONFIRM

[10:28:54] [2026-08-28 10:28:54.398] [INPUT] [BattleScene] Key: KEY_EVENT -> Action: CONFIRM

[10:28:54] [2026-08-28 10:28:54.505] [INFO] [BattleScene] Turno dos Inimigos.

[10:28:54] [2026-08-28 10:28:54.506] [INFO] [Player] Rhogar Tordan sofreu 1 de dano e gerou fúria. HP: 113, Fúria: 100

[10:28:54] [2026-08-28 10:28:54.614] [INPUT] [BattleScene] Key: KEY_EVENT -> Action: CONFIRM

[10:28:54] [2026-08-28 10:28:54.814] [INFO] [Player] Rhogar Tordan atacou Guarda de Estayler B causando 18 de dano.

[10:28:54] [2026-08-28 10:28:54.815] [INFO] [BattleScene] Batalha vencida (Multi-Alvo)!

[10:28:54] [2026-08-28 10:28:54.818] [INPUT] [BattleScene] Key: KEY_EVENT -> Action: CONFIRM

[10:28:55] [2026-08-28 10:28:55.040] [INPUT] [BattleScene] Key: KEY_EVENT -> Action: CONFIRM

[10:28:55] [2026-08-28 10:28:55.256] [INPUT] [BattleScene] Key: KEY_EVENT -> Action: CONFIRM

[10:28:55] [2026-08-28 10:28:55.656] [INPUT] [BattleScene] Key: KEY_EVENT -> Action: CONFIRM

[10:28:56] [2026-08-28 10:28:56.841] [INFO] [RewardScene] Cena de Recompensa iniciada. Retorno agendado para: TavernScene

[10:28:56] [2026-08-28 10:28:56.855] [INFO] [SaveManager] Progresso salvo com sucesso via LocalStorage (Fallback).

[10:28:57] [2026-08-28 10:28:57.599] [INFO] [RewardScene] Retornando para a cena: TavernScene

[10:28:58] [2026-08-28 10:28:58.607] [QUEST] quest_01_flashback -> completed

[10:28:58] [2026-08-28 10:28:58.607] [QUEST] quest_02_temple -> active

[10:28:58] [2026-08-28 10:28:58.607] [TRANSITION] RewardScene -> TavernScene | {"x":700,"y":480,"returnedFromFlashback":true,"battleOutcome":"victory"}

[10:28:58] [2026-08-28 10:28:58.967] [INFO] [InputManager] InputManager acoplado à cena atual.

[10:28:58] [2026-08-28 10:28:58.969] [INFO] [TavernScene] Ambiente da Taverna criado.

[10:28:58] [2026-08-28 10:28:58.970] [INFO] [TavernScene] Retornou do Flashback. Missões atualizadas.

[10:28:59] [2026-08-28 10:28:59.894] [INPUT] [TavernScene] Key: KEY_EVENT -> Action: LEFT

[10:29:01] [2026-08-28 10:29:01.024] [INPUT] [TavernScene] Key: KEY_EVENT -> Action: DOWN

[10:29:01] [2026-08-28 10:29:01.506] [TRANSITION] TavernScene -> RastphenCityScene | {"x":520,"y":880}

[10:29:01] [2026-08-28 10:29:01.858] [INFO] [RastphenCityScene] Renderizando mapa aberto da cidade.

[10:29:01] [2026-08-28 10:29:01.878] [INFO] [InputManager] InputManager acoplado à cena atual.

[10:29:01] [2026-08-28 10:29:01.899] [INPUT] [RastphenCityScene] Key: KEY_EVENT -> Action: DOWN

[10:29:02] [2026-08-28 10:29:02.398] [INPUT] [RastphenCityScene] Key: KEY_EVENT -> Action: RIGHT

[10:29:02] [2026-08-28 10:29:02.678] [INPUT] [RastphenCityScene] Key: KEY_EVENT -> Action: UP

[10:29:04] [2026-08-28 10:29:04.623] [TRANSITION] RastphenCityScene -> TempleScene | {"x":400,"y":520}

[10:29:04] [2026-08-28 10:29:04.975] [INFO] [TempleScene] Renderizando Templo de Palmem.

[10:29:04] [2026-08-28 10:29:04.981] [INFO] [InputManager] InputManager acoplado à cena atual.

[10:29:05] [2026-08-28 10:29:05.567] [INPUT] [TempleScene] Key: KEY_EVENT -> Action: UP

[10:29:07] [2026-08-28 10:29:07.286] [INFO] [Intent] Input Z/ESPAÇO recebido: Iniciando interação com alvo [sacerdotisa_palmem].

[10:29:07] [2026-08-28 10:29:07.286] [DIALOGUE] [START] Speaker: Sacerdotisa | "O veneno arcano corrói o espírito de Gruther. Se não expurgarmos a fonte de magia negra no Bosque Cinzento, ele perecerá."

[10:29:07] [2026-08-28 10:29:07.286] [INPUT] [TempleScene] Key: KEY_EVENT -> Action: CONFIRM

[10:29:07] [2026-08-28 10:29:07.814] [INFO] [Intent] Input Z/ESPAÇO recebido: Avançando ou finalizando caixa de diálogo atual.

[10:29:07] [2026-08-28 10:29:07.815] [INPUT] [TempleScene] Key: KEY_EVENT -> Action: CONFIRM

[10:29:08] [2026-08-28 10:29:08.230] [INFO] [Intent] Input Z/ESPAÇO recebido: Avançando ou finalizando caixa de diálogo atual.

[10:29:08] [2026-08-28 10:29:08.230] [DIALOGUE] [END] Speaker: 

[10:29:08] [2026-08-28 10:29:08.230] [QUEST] quest_02_temple -> completed

[10:29:08] [2026-08-28 10:29:08.230] [QUEST] quest_03_investigate_farm -> active

[10:29:08] [2026-08-28 10:29:08.230] [INFO] [TempleScene] Quest "O Templo de Palmem" concluída! Nova Missão: Investigar a Fazenda.

[10:29:08] [2026-08-28 10:29:08.232] [INPUT] [TempleScene] Key: KEY_EVENT -> Action: CONFIRM

[10:29:08] [2026-08-28 10:29:08.695] [INPUT] [TempleScene] Key: KEY_EVENT -> Action: LEFT

[10:29:09] [2026-08-28 10:29:09.014] [INPUT] [TempleScene] Key: KEY_EVENT -> Action: UP

[10:29:09] [2026-08-28 10:29:09.606] [INFO] [Intent] Input Z/ESPAÇO recebido: Iniciando interação com alvo [gruther_leito].

[10:29:09] [2026-08-28 10:29:09.606] [DIALOGUE] [START] Speaker: Gruther | "As sombras... invadiram o celeiro. Um monstro de chifres. Eu ouvi o grito de Melissa... Salve-a..."

[10:29:09] [2026-08-28 10:29:09.608] [INPUT] [TempleScene] Key: KEY_EVENT -> Action: CONFIRM

[10:29:10] [2026-08-28 10:29:10.198] [INFO] [Intent] Input Z/ESPAÇO recebido: Avançando ou finalizando caixa de diálogo atual.

[10:29:10] [2026-08-28 10:29:10.199] [INPUT] [TempleScene] Key: KEY_EVENT -> Action: CONFIRM

[10:29:10] [2026-08-28 10:29:10.646] [INFO] [Intent] Input Z/ESPAÇO recebido: Avançando ou finalizando caixa de diálogo atual.

[10:29:10] [2026-08-28 10:29:10.646] [DIALOGUE] [END] Speaker: 

[10:29:10] [2026-08-28 10:29:10.646] [INPUT] [TempleScene] Key: KEY_EVENT -> Action: CONFIRM

[10:29:11] [2026-08-28 10:29:11.040] [INPUT] [TempleScene] Key: KEY_EVENT -> Action: DOWN

[10:29:11] [2026-08-28 10:29:11.558] [INPUT] [TempleScene] Key: KEY_EVENT -> Action: RIGHT

[10:29:13] [2026-08-28 10:29:13.005] [TRANSITION] TempleScene -> RastphenCityScene | {"x":600,"y":220}

[10:29:13] [2026-08-28 10:29:13.356] [INFO] [RastphenCityScene] Renderizando mapa aberto da cidade.

[10:29:13] [2026-08-28 10:29:13.361] [INFO] [InputManager] InputManager acoplado à cena atual.

[10:29:13] [2026-08-28 10:29:13.871] [INPUT] [RastphenCityScene] Key: KEY_EVENT -> Action: DOWN

[10:29:14] [2026-08-28 10:29:14.150] [INPUT] [RastphenCityScene] Key: KEY_EVENT -> Action: RIGHT

[10:29:16] [2026-08-28 10:29:16.134] [INPUT] [RastphenCityScene] Key: KEY_EVENT -> Action: RIGHT

[10:29:17] [2026-08-28 10:29:17.110] [INFO] [Intent] Input Z/ESPAÇO recebido: Iniciando interação com alvo [mercador_yanil].

[10:29:17] [2026-08-28 10:29:17.110] [DIALOGUE] [START] Speaker: Yânil | "Dizem que as ruínas do Bosque Cinzento despertaram novamente. Tenho suprimentos, se tiver ouro."

[10:29:17] [2026-08-28 10:29:17.110] [INPUT] [RastphenCityScene] Key: KEY_EVENT -> Action: CONFIRM

[10:29:17] [2026-08-28 10:29:17.543] [INFO] [Intent] Input Z/ESPAÇO recebido: Avançando ou finalizando caixa de diálogo atual.

[10:29:17] [2026-08-28 10:29:17.543] [INPUT] [RastphenCityScene] Key: KEY_EVENT -> Action: CONFIRM

[10:29:17] [2026-08-28 10:29:17.871] [INFO] [Intent] Input Z/ESPAÇO recebido: Avançando ou finalizando caixa de diálogo atual.

[10:29:17] [2026-08-28 10:29:17.871] [DIALOGUE] [END] Speaker: 

[10:29:17] [2026-08-28 10:29:17.871] [INPUT] [RastphenCityScene] Key: KEY_EVENT -> Action: CONFIRM

[10:29:18] [2026-08-28 10:29:18.198] [INPUT] [RastphenCityScene] Key: KEY_EVENT -> Action: DOWN

[10:29:21] [2026-08-28 10:29:21.223] [INPUT] [RastphenCityScene] Key: KEY_EVENT -> Action: LEFT

[10:29:22] [2026-08-28 10:29:22.073] [INFO] [Intent] Input Z/ESPAÇO recebido: Iniciando interação com alvo [guardas_muralha].

[10:29:22] [2026-08-28 10:29:22.074] [DIALOGUE] [START] Speaker: Guarda Telmer | "Atenção viajante. Criaturas estranhas foram vistas na Estrada Sul."

[10:29:22] [2026-08-28 10:29:22.075] [INPUT] [RastphenCityScene] Key: KEY_EVENT -> Action: CONFIRM

[10:29:22] [2026-08-28 10:29:22.382] [INFO] [Intent] Input Z/ESPAÇO recebido: Avançando ou finalizando caixa de diálogo atual.

[10:29:22] [2026-08-28 10:29:22.383] [INPUT] [RastphenCityScene] Key: KEY_EVENT -> Action: CONFIRM

[10:29:22] [2026-08-28 10:29:22.791] [INFO] [Intent] Input Z/ESPAÇO recebido: Avançando ou finalizando caixa de diálogo atual.

[10:29:22] [2026-08-28 10:29:22.791] [DIALOGUE] [NEXT] Speaker: Guarda Breno | "Tenha cuidado se for prosseguir. Os portões estão abertos para aventureiros."

[10:29:22] [2026-08-28 10:29:22.792] [INPUT] [RastphenCityScene] Key: KEY_EVENT -> Action: CONFIRM

[10:29:22] [2026-08-28 10:29:22.950] [INPUT] [RastphenCityScene] Key: KEY_EVENT -> Action: RIGHT

[10:29:23] [2026-08-28 10:29:23.414] [INFO] [Intent] Input Z/ESPAÇO recebido: Avançando ou finalizando caixa de diálogo atual.

[10:29:23] [2026-08-28 10:29:23.415] [INPUT] [RastphenCityScene] Key: KEY_EVENT -> Action: CONFIRM

[10:29:23] [2026-08-28 10:29:23.846] [INFO] [Intent] Input Z/ESPAÇO recebido: Avançando ou finalizando caixa de diálogo atual.

[10:29:23] [2026-08-28 10:29:23.846] [DIALOGUE] [END] Speaker: 

[10:29:23] [2026-08-28 10:29:23.846] [INPUT] [RastphenCityScene] Key: KEY_EVENT -> Action: CONFIRM

[10:29:24] [2026-08-28 10:29:24.007] [INPUT] [RastphenCityScene] Key: KEY_EVENT -> Action: RIGHT

[10:29:24] [2026-08-28 10:29:24.287] [INPUT] [RastphenCityScene] Key: KEY_EVENT -> Action: UP

[10:29:25] [2026-08-28 10:29:25.215] [INPUT] [RastphenCityScene] Key: KEY_EVENT -> Action: DOWN

[10:29:25] [2026-08-28 10:29:25.688] [INFO] [Intent] Input Z/ESPAÇO recebido: Iniciando interação com alvo [guardas_muralha].

[10:29:25] [2026-08-28 10:29:25.688] [DIALOGUE] [START] Speaker: Guarda Telmer | "Atenção viajante. Criaturas estranhas foram vistas na Estrada Sul."

[10:29:25] [2026-08-28 10:29:25.690] [INPUT] [RastphenCityScene] Key: KEY_EVENT -> Action: CONFIRM

[10:29:25] [2026-08-28 10:29:25.910] [INFO] [Intent] Input Z/ESPAÇO recebido: Avançando ou finalizando caixa de diálogo atual.

[10:29:25] [2026-08-28 10:29:25.911] [INPUT] [RastphenCityScene] Key: KEY_EVENT -> Action: CONFIRM

[10:29:26] [2026-08-28 10:29:26.159] [INFO] [Intent] Input Z/ESPAÇO recebido: Avançando ou finalizando caixa de diálogo atual.

[10:29:26] [2026-08-28 10:29:26.159] [DIALOGUE] [NEXT] Speaker: Guarda Breno | "Tenha cuidado se for prosseguir. Os portões estão abertos para aventureiros."

[10:29:26] [2026-08-28 10:29:26.159] [INPUT] [RastphenCityScene] Key: KEY_EVENT -> Action: CONFIRM

[10:29:26] [2026-08-28 10:29:26.487] [INFO] [Intent] Input Z/ESPAÇO recebido: Avançando ou finalizando caixa de diálogo atual.

[10:29:26] [2026-08-28 10:29:26.489] [INPUT] [RastphenCityScene] Key: KEY_EVENT -> Action: CONFIRM

[10:29:26] [2026-08-28 10:29:26.886] [INFO] [Intent] Input Z/ESPAÇO recebido: Avançando ou finalizando caixa de diálogo atual.

[10:29:26] [2026-08-28 10:29:26.886] [DIALOGUE] [END] Speaker: 

[10:29:26] [2026-08-28 10:29:26.886] [INPUT] [RastphenCityScene] Key: KEY_EVENT -> Action: CONFIRM

[10:29:27] [2026-08-28 10:29:27.302] [INPUT] [RastphenCityScene] Key: KEY_EVENT -> Action: UP

[10:29:27] [2026-08-28 10:29:27.318] [INPUT] [RastphenCityScene] Key: KEY_EVENT -> Action: LEFT

[10:29:27] [2026-08-28 10:29:27.814] [INPUT] [RastphenCityScene] Key: KEY_EVENT -> Action: DOWN

[10:29:28] [2026-08-28 10:29:28.815] [INPUT] [RastphenCityScene] Key: KEY_EVENT -> Action: DOWN

[10:29:28] [2026-08-28 10:29:28.815] [INFO] [Intent] Input Z/ESPAÇO recebido: Nenhuma zona interativa próxima. Ação ignorada.

[10:29:28] [2026-08-28 10:29:28.815] [INPUT] [RastphenCityScene] Key: KEY_EVENT -> Action: CONFIRM

[10:29:28] [2026-08-28 10:29:28.983] [INPUT] [RastphenCityScene] Key: KEY_EVENT -> Action: DOWN

[10:29:29] [2026-08-28 10:29:29.126] [INPUT] [RastphenCityScene] Key: KEY_EVENT -> Action: DOWN

[10:29:29] [2026-08-28 10:29:29.126] [INFO] [Intent] Input Z/ESPAÇO recebido: Nenhuma zona interativa próxima. Ação ignorada.

[10:29:29] [2026-08-28 10:29:29.126] [INPUT] [RastphenCityScene] Key: KEY_EVENT -> Action: CONFIRM

[10:29:29] [2026-08-28 10:29:29.126] [INPUT] [RastphenCityScene] Key: KEY_EVENT -> Action: UP

[10:29:29] [2026-08-28 10:29:29.559] [INPUT] [RastphenCityScene] Key: KEY_EVENT -> Action: DOWN

[10:29:29] [2026-08-28 10:29:29.559] [INFO] [Intent] Input Z/ESPAÇO recebido: Nenhuma zona interativa próxima. Ação ignorada.

[10:29:29] [2026-08-28 10:29:29.559] [INPUT] [RastphenCityScene] Key: KEY_EVENT -> Action: CONFIRM

[10:33:54] [INIT] Logger inicializado e conectado ao Electron.
[10:33:55] [2026-08-28 10:33:55.201] [INFO] [PreloadScene] Assets procedurais provisórios gerados com sucesso.

[10:33:55] [2026-08-28 10:33:55.224] [INFO] [SaveManager] Progresso lido do LocalStorage.

[10:33:55] [2026-08-28 10:33:55.230] [INFO] [InputManager] InputManager acoplado à cena atual.

[10:33:55] [2026-08-28 10:33:55.232] [INFO] [MenuScene] Cena de Menu criada e inputs vinculados.

[10:33:56] [2026-08-28 10:33:56.173] [INFO] [MenuScene] Ação: Iniciar Novo Jogo (TavernScene)

[10:33:56] [2026-08-28 10:33:56.173] [INFO] [QuestManager] Progresso das missões resetado para novo jogo.

[10:33:56] [2026-08-28 10:33:56.173] [INPUT] [MenuScene] Key: KEY_EVENT -> Action: CONFIRM

[10:33:56] [2026-08-28 10:33:56.178] [INFO] [QuestManager] Banco de missões inicializado.

[10:33:56] [2026-08-28 10:33:56.205] [INFO] [InputManager] InputManager acoplado à cena atual.

[10:33:56] [2026-08-28 10:33:56.211] [INFO] [TavernScene] Ambiente da Taverna criado.

[10:33:57] [2026-08-28 10:33:57.230] [INPUT] [TavernScene] Key: KEY_EVENT -> Action: RIGHT

[10:33:57] [2026-08-28 10:33:57.880] [INPUT] [TavernScene] Key: KEY_EVENT -> Action: UP

[10:33:58] [2026-08-28 10:33:58.487] [INPUT] [TavernScene] Key: KEY_EVENT -> Action: LEFT

[10:33:58] [2026-08-28 10:33:58.943] [INPUT] [TavernScene] Key: KEY_EVENT -> Action: RIGHT

[10:34:00] [2026-08-28 10:34:00.623] [INFO] [Intent] Input Z/ESPAÇO recebido: Iniciando interação com alvo [traudon_alicia].

[10:34:00] [2026-08-28 10:34:00.624] [DIALOGUE] [START] Speaker: Traudon | "Ah... damascos em calda com cerveja, a perfeição da culinária anã! Não é mesmo, Alícia?"

[10:34:00] [2026-08-28 10:34:00.631] [INPUT] [TavernScene] Key: KEY_EVENT -> Action: CONFIRM

[10:34:01] [2026-08-28 10:34:01.038] [INFO] [Intent] Input Z/ESPAÇO recebido: Avançando ou finalizando caixa de diálogo atual.

[10:34:01] [2026-08-28 10:34:01.042] [INPUT] [TavernScene] Key: KEY_EVENT -> Action: CONFIRM

[10:34:01] [2026-08-28 10:34:01.238] [INFO] [Intent] Input Z/ESPAÇO recebido: Avançando ou finalizando caixa de diálogo atual.

[10:34:01] [2026-08-28 10:34:01.238] [DIALOGUE] [NEXT] Speaker: Alícia | "Você devia focar na sua magia, Traudon. Diga a ele, viajante."

[10:34:01] [2026-08-28 10:34:01.239] [INPUT] [TavernScene] Key: KEY_EVENT -> Action: CONFIRM

[10:34:01] [2026-08-28 10:34:01.566] [INFO] [Intent] Input Z/ESPAÇO recebido: Avançando ou finalizando caixa de diálogo atual.

[10:34:01] [2026-08-28 10:34:01.570] [INPUT] [TavernScene] Key: KEY_EVENT -> Action: CONFIRM

[10:34:01] [2026-08-28 10:34:01.766] [INFO] [Intent] Input Z/ESPAÇO recebido: Avançando ou finalizando caixa de diálogo atual.

[10:34:01] [2026-08-28 10:34:01.767] [DIALOGUE] [CHOICE] Speaker: Alícia | "[Positiva] Apreciar a melodia do alaúde de Alícia."

[10:34:01] [2026-08-28 10:34:01.767] [INPUT] [TavernScene] Key: KEY_EVENT -> Action: CONFIRM

[10:34:02] [2026-08-28 10:34:02.118] [INFO] [Intent] Input Z/ESPAÇO recebido: Avançando ou finalizando caixa de diálogo atual.

[10:34:02] [2026-08-28 10:34:02.119] [INPUT] [TavernScene] Key: KEY_EVENT -> Action: CONFIRM

[10:34:02] [2026-08-28 10:34:02.351] [INFO] [Intent] Input Z/ESPAÇO recebido: Avançando ou finalizando caixa de diálogo atual.

[10:34:02] [2026-08-28 10:34:02.351] [DIALOGUE] [NEXT] Speaker: Traudon | "Bah, não ligue para ela. Um druida anão retira seu poder da terra e dos doces!"

[10:34:02] [2026-08-28 10:34:02.351] [INPUT] [TavernScene] Key: KEY_EVENT -> Action: CONFIRM

[10:34:02] [2026-08-28 10:34:02.783] [INFO] [Intent] Input Z/ESPAÇO recebido: Avançando ou finalizando caixa de diálogo atual.

[10:34:02] [2026-08-28 10:34:02.784] [INPUT] [TavernScene] Key: KEY_EVENT -> Action: CONFIRM

[10:34:03] [2026-08-28 10:34:03.151] [INFO] [Intent] Input Z/ESPAÇO recebido: Avançando ou finalizando caixa de diálogo atual.

[10:34:03] [2026-08-28 10:34:03.151] [DIALOGUE] [END] Speaker: 

[10:34:03] [2026-08-28 10:34:03.151] [INPUT] [TavernScene] Key: KEY_EVENT -> Action: CONFIRM

[10:34:03] [2026-08-28 10:34:03.399] [INPUT] [TavernScene] Key: KEY_EVENT -> Action: UP

[10:34:04] [2026-08-28 10:34:04.150] [INPUT] [TavernScene] Key: KEY_EVENT -> Action: LEFT

[10:34:05] [2026-08-28 10:34:05.214] [INFO] [Intent] Input Z/ESPAÇO recebido: Iniciando interação com alvo [hilda].

[10:34:05] [2026-08-28 10:34:05.216] [INPUT] [TavernScene] Key: KEY_EVENT -> Action: CONFIRM

[10:34:05] [2026-08-28 10:34:05.390] [INFO] [Intent] Input Z/ESPAÇO recebido: Avançando ou finalizando caixa de diálogo atual.

[10:34:05] [2026-08-28 10:34:05.390] [INFO] [InventoryManager] Item adicionado: potion_heal x1

[10:34:05] [2026-08-28 10:34:05.392] [INFO] [ShopUI] Comprou Poção de Vida por 20 PO

[10:34:05] [2026-08-28 10:34:05.392] [INPUT] [TavernScene] Key: KEY_EVENT -> Action: CONFIRM

[10:34:05] [2026-08-28 10:34:05.559] [INFO] [Intent] Input Z/ESPAÇO recebido: Avançando ou finalizando caixa de diálogo atual.

[10:34:05] [2026-08-28 10:34:05.560] [INFO] [InventoryManager] Item adicionado: potion_heal x1

[10:34:05] [2026-08-28 10:34:05.560] [INFO] [ShopUI] Comprou Poção de Vida por 20 PO

[10:34:05] [2026-08-28 10:34:05.560] [INPUT] [TavernScene] Key: KEY_EVENT -> Action: CONFIRM

[10:34:06] [2026-08-28 10:34:06.094] [INPUT] [TavernScene] Key: KEY_EVENT -> Action: DOWN

[10:34:06] [2026-08-28 10:34:06.270] [INPUT] [TavernScene] Key: KEY_EVENT -> Action: DOWN

[10:34:06] [2026-08-28 10:34:06.567] [INFO] [Intent] Input Z/ESPAÇO recebido: Avançando ou finalizando caixa de diálogo atual.

[10:34:06] [2026-08-28 10:34:06.567] [INPUT] [TavernScene] Key: KEY_EVENT -> Action: CONFIRM

[10:34:06] [2026-08-28 10:34:06.862] [INPUT] [TavernScene] Key: KEY_EVENT -> Action: LEFT

[10:34:06] [2026-08-28 10:34:06.934] [INPUT] [TavernScene] Key: KEY_EVENT -> Action: DOWN

[10:34:07] [2026-08-28 10:34:07.230] [INPUT] [TavernScene] Key: KEY_EVENT -> Action: LEFT

[10:34:07] [2026-08-28 10:34:07.734] [INPUT] [TavernScene] Key: KEY_EVENT -> Action: DOWN

[10:34:08] [2026-08-28 10:34:08.593] [INFO] [Intent] Input Z/ESPAÇO recebido: Iniciando interação com alvo [veronica_stinfy].

[10:34:08] [2026-08-28 10:34:08.594] [DIALOGUE] [START] Speaker: Verônica Stinfy | "A magia abissal... Ela contorce a trama da realidade de formas interessantes."

[10:34:08] [2026-08-28 10:34:08.598] [INPUT] [TavernScene] Key: KEY_EVENT -> Action: CONFIRM

[10:34:08] [2026-08-28 10:34:08.791] [INFO] [Intent] Input Z/ESPAÇO recebido: Avançando ou finalizando caixa de diálogo atual.

[10:34:08] [2026-08-28 10:34:08.793] [INPUT] [TavernScene] Key: KEY_EVENT -> Action: CONFIRM

[10:34:08] [2026-08-28 10:34:08.999] [INFO] [Intent] Input Z/ESPAÇO recebido: Avançando ou finalizando caixa de diálogo atual.

[10:34:08] [2026-08-28 10:34:08.999] [DIALOGUE] [NEXT] Speaker: Verônica Stinfy | "O que você quer, meio-elfo?"

[10:34:08] [2026-08-28 10:34:09.000] [INPUT] [TavernScene] Key: KEY_EVENT -> Action: CONFIRM

[10:34:09] [2026-08-28 10:34:09.422] [INFO] [Intent] Input Z/ESPAÇO recebido: Avançando ou finalizando caixa de diálogo atual.

[10:34:09] [2026-08-28 10:34:09.424] [INPUT] [TavernScene] Key: KEY_EVENT -> Action: CONFIRM

[10:34:09] [2026-08-28 10:34:09.623] [INFO] [Intent] Input Z/ESPAÇO recebido: Avançando ou finalizando caixa de diálogo atual.

[10:34:09] [2026-08-28 10:34:09.624] [DIALOGUE] [CHOICE] Speaker: Verônica Stinfy | "[Positiva] Oferecer cooperação contra os cultistas."

[10:34:09] [2026-08-28 10:34:09.625] [INPUT] [TavernScene] Key: KEY_EVENT -> Action: CONFIRM

[10:34:10] [2026-08-28 10:34:10.014] [INFO] [Intent] Input Z/ESPAÇO recebido: Avançando ou finalizando caixa de diálogo atual.

[10:34:10] [2026-08-28 10:34:10.015] [INPUT] [TavernScene] Key: KEY_EVENT -> Action: CONFIRM

[10:34:10] [2026-08-28 10:34:10.255] [INFO] [Intent] Input Z/ESPAÇO recebido: Avançando ou finalizando caixa de diálogo atual.

[10:34:10] [2026-08-28 10:34:10.255] [DIALOGUE] [NEXT] Speaker: Verônica Stinfy | "Agora não me incomode. Estou trabalhando."

[10:34:10] [2026-08-28 10:34:10.256] [INPUT] [TavernScene] Key: KEY_EVENT -> Action: CONFIRM

[10:34:10] [2026-08-28 10:34:10.623] [INFO] [Intent] Input Z/ESPAÇO recebido: Avançando ou finalizando caixa de diálogo atual.

[10:34:10] [2026-08-28 10:34:10.623] [INPUT] [TavernScene] Key: KEY_EVENT -> Action: CONFIRM

[10:34:10] [2026-08-28 10:34:10.982] [INFO] [Intent] Input Z/ESPAÇO recebido: Avançando ou finalizando caixa de diálogo atual.

[10:34:10] [2026-08-28 10:34:10.982] [DIALOGUE] [END] Speaker: 

[10:34:10] [2026-08-28 10:34:10.982] [INPUT] [TavernScene] Key: KEY_EVENT -> Action: CONFIRM

[10:34:11] [2026-08-28 10:34:11.343] [INPUT] [TavernScene] Key: KEY_EVENT -> Action: RIGHT

[10:34:11] [2026-08-28 10:34:11.615] [INPUT] [TavernScene] Key: KEY_EVENT -> Action: DOWN

[10:34:12] [2026-08-28 10:34:12.366] [INPUT] [TavernScene] Key: KEY_EVENT -> Action: LEFT

[10:34:13] [2026-08-28 10:34:13.414] [INFO] [Intent] Input Z/ESPAÇO recebido: Iniciando interação com alvo [john_bardem].

[10:34:13] [2026-08-28 10:34:13.414] [DIALOGUE] [START] Speaker: John Bardem | "Fique frio e não faça movimentos bruscos."

[10:34:13] [2026-08-28 10:34:13.417] [INPUT] [TavernScene] Key: KEY_EVENT -> Action: CONFIRM

[10:34:13] [2026-08-28 10:34:13.590] [INFO] [Intent] Input Z/ESPAÇO recebido: Avançando ou finalizando caixa de diálogo atual.

[10:34:13] [2026-08-28 10:34:13.590] [INPUT] [TavernScene] Key: KEY_EVENT -> Action: CONFIRM

[10:34:13] [2026-08-28 10:34:13.870] [INFO] [Intent] Input Z/ESPAÇO recebido: Avançando ou finalizando caixa de diálogo atual.

[10:34:13] [2026-08-28 10:34:13.870] [DIALOGUE] [NEXT] Speaker: John Bardem | "Vê aquele mercenário perto da mesa? O que acha de agir?"

[10:34:13] [2026-08-28 10:34:13.870] [INPUT] [TavernScene] Key: KEY_EVENT -> Action: CONFIRM

[10:34:14] [2026-08-28 10:34:14.279] [INFO] [Intent] Input Z/ESPAÇO recebido: Avançando ou finalizando caixa de diálogo atual.

[10:34:14] [2026-08-28 10:34:14.281] [INPUT] [TavernScene] Key: KEY_EVENT -> Action: CONFIRM

[10:34:14] [2026-08-28 10:34:14.511] [INFO] [Intent] Input Z/ESPAÇO recebido: Avançando ou finalizando caixa de diálogo atual.

[10:34:14] [2026-08-28 10:34:14.511] [DIALOGUE] [CHOICE] Speaker: John Bardem | "[Positiva] Oferecer cobertura caso o mercenário reaja."

[10:34:14] [2026-08-28 10:34:14.512] [INPUT] [TavernScene] Key: KEY_EVENT -> Action: CONFIRM

[10:34:14] [2026-08-28 10:34:14.934] [INFO] [Intent] Input Z/ESPAÇO recebido: Avançando ou finalizando caixa de diálogo atual.

[10:34:14] [2026-08-28 10:34:14.935] [INPUT] [TavernScene] Key: KEY_EVENT -> Action: CONFIRM

[10:34:15] [2026-08-28 10:34:15.190] [INFO] [Intent] Input Z/ESPAÇO recebido: Avançando ou finalizando caixa de diálogo atual.

[10:34:15] [2026-08-28 10:34:15.190] [DIALOGUE] [END] Speaker: 

[10:34:15] [2026-08-28 10:34:15.190] [INPUT] [TavernScene] Key: KEY_EVENT -> Action: CONFIRM

[10:34:15] [2026-08-28 10:34:15.671] [INPUT] [TavernScene] Key: KEY_EVENT -> Action: RIGHT

[10:34:15] [2026-08-28 10:34:15.998] [INPUT] [TavernScene] Key: KEY_EVENT -> Action: DOWN

[10:34:16] [2026-08-28 10:34:16.727] [INPUT] [TavernScene] Key: KEY_EVENT -> Action: UP

[10:34:19] [2026-08-28 10:34:19.230] [INFO] [Intent] Input Z/ESPAÇO recebido: Iniciando interação com alvo [joseph_sylven].

[10:34:19] [2026-08-28 10:34:19.230] [DIALOGUE] [START] Speaker: Joseph Sylven | "Rhogar, meu rapaz. Vejo que a herança da sua mãe, a lâmina de Brentel, ainda pesa em suas costas."

[10:34:19] [2026-08-28 10:34:19.231] [INPUT] [TavernScene] Key: KEY_EVENT -> Action: CONFIRM

[10:34:19] [2026-08-28 10:34:19.439] [INFO] [Intent] Input Z/ESPAÇO recebido: Avançando ou finalizando caixa de diálogo atual.

[10:34:19] [2026-08-28 10:34:19.442] [INPUT] [TavernScene] Key: KEY_EVENT -> Action: CONFIRM

[10:34:19] [2026-08-28 10:34:19.679] [INFO] [Intent] Input Z/ESPAÇO recebido: Avançando ou finalizando caixa de diálogo atual.

[10:34:19] [2026-08-28 10:34:19.679] [DIALOGUE] [NEXT] Speaker: Joseph Sylven | "Aquela emboscada em Estayler ainda o assombra, não é? Lembre-se do que houve na carroça de escravos..."

[10:34:19] [2026-08-28 10:34:19.680] [INPUT] [TavernScene] Key: KEY_EVENT -> Action: CONFIRM

[10:34:19] [2026-08-28 10:34:19.919] [INFO] [Intent] Input Z/ESPAÇO recebido: Avançando ou finalizando caixa de diálogo atual.

[10:34:19] [2026-08-28 10:34:19.920] [INPUT] [TavernScene] Key: KEY_EVENT -> Action: CONFIRM

[10:34:20] [2026-08-28 10:34:20.144] [INFO] [Intent] Input Z/ESPAÇO recebido: Avançando ou finalizando caixa de diálogo atual.

[10:34:20] [2026-08-28 10:34:20.144] [DIALOGUE] [END] Speaker: 

[10:34:20] [2026-08-28 10:34:20.144] [INFO] [TavernScene] Rhogar lembrou do passado. Iniciando Flashback...

[10:34:20] [2026-08-28 10:34:20.144] [INPUT] [TavernScene] Key: KEY_EVENT -> Action: CONFIRM

[10:34:20] [2026-08-28 10:34:20.399] [INFO] [Intent] Input Z/ESPAÇO recebido: Iniciando interação com alvo [joseph_sylven].

[10:34:20] [2026-08-28 10:34:20.399] [DIALOGUE] [START] Speaker: Joseph Sylven | "Rhogar, meu rapaz. Vejo que a herança da sua mãe, a lâmina de Brentel, ainda pesa em suas costas."

[10:34:20] [2026-08-28 10:34:20.400] [INPUT] [TavernScene] Key: KEY_EVENT -> Action: CONFIRM

[10:34:20] [2026-08-28 10:34:20.646] [INFO] [Intent] Input Z/ESPAÇO recebido: Avançando ou finalizando caixa de diálogo atual.

[10:34:20] [2026-08-28 10:34:20.647] [INPUT] [TavernScene] Key: KEY_EVENT -> Action: CONFIRM

[10:34:20] [2026-08-28 10:34:20.713] [DIALOGUE] [START] Speaker: Iksar | "Ora, ora... um draconato intrometido! Guardas, ensinem uma lição a esse lagarto!"

[10:34:21] [2026-08-28 10:34:21.080] [DIALOGUE] [NEXT] Speaker: Rhogar | "Solte a garota, Iksar. Essa covardia termina aqui!"

[10:34:21] [2026-08-28 10:34:21.431] [DIALOGUE] [END] Speaker: 

[10:34:22] [2026-08-28 10:34:22.009] [INFO] [BattleScene] Combate iniciado com suporte total a Teclado.

[10:34:22] [2026-08-28 10:34:22.010] [INFO] [InputManager] InputManager acoplado à cena atual.

[10:34:22] [2026-08-28 10:34:22.086] [INPUT] [BattleScene] Key: KEY_EVENT -> Action: CONFIRM

[10:34:22] [2026-08-28 10:34:22.273] [INFO] [Player] Rhogar Tordan atacou Guarda de Estayler A causando 18 de dano.

[10:34:22] [2026-08-28 10:34:22.279] [INPUT] [BattleScene] Key: KEY_EVENT -> Action: CONFIRM

[10:34:22] [2026-08-28 10:34:22.455] [INPUT] [BattleScene] Key: KEY_EVENT -> Action: CONFIRM

[10:34:22] [2026-08-28 10:34:22.662] [INPUT] [BattleScene] Key: KEY_EVENT -> Action: CONFIRM

[10:34:22] [2026-08-28 10:34:22.854] [INPUT] [BattleScene] Key: KEY_EVENT -> Action: CONFIRM

[10:34:23] [2026-08-28 10:34:23.030] [INPUT] [BattleScene] Key: KEY_EVENT -> Action: CONFIRM

[10:34:23] [2026-08-28 10:34:23.074] [INFO] [BattleScene] Turno dos Inimigos.

[10:34:23] [2026-08-28 10:34:23.075] [INFO] [Player] Rhogar Tordan sofreu 1 de dano e gerou fúria. HP: 119, Fúria: 25

[10:34:23] [2026-08-28 10:34:23.078] [INFO] [Player] Rhogar Tordan sofreu 1 de dano e gerou fúria. HP: 118, Fúria: 40

[10:34:23] [2026-08-28 10:34:23.222] [INPUT] [BattleScene] Key: KEY_EVENT -> Action: CONFIRM

[10:34:23] [2026-08-28 10:34:23.399] [INFO] [Player] Rhogar Tordan atacou Guarda de Estayler A causando 18 de dano.

[10:34:23] [2026-08-28 10:34:23.401] [INPUT] [BattleScene] Key: KEY_EVENT -> Action: CONFIRM

[10:34:23] [2026-08-28 10:34:23.577] [INPUT] [BattleScene] Key: KEY_EVENT -> Action: CONFIRM

[10:34:23] [2026-08-28 10:34:23.783] [INPUT] [BattleScene] Key: KEY_EVENT -> Action: CONFIRM

[10:34:23] [2026-08-28 10:34:23.993] [INPUT] [BattleScene] Key: KEY_EVENT -> Action: CONFIRM

[10:34:24] [2026-08-28 10:34:24.182] [INPUT] [BattleScene] Key: KEY_EVENT -> Action: CONFIRM

[10:34:24] [2026-08-28 10:34:24.190] [INFO] [BattleScene] Turno dos Inimigos.

[10:34:24] [2026-08-28 10:34:24.190] [INFO] [Player] Rhogar Tordan sofreu 1 de dano e gerou fúria. HP: 117, Fúria: 65

[10:34:24] [2026-08-28 10:34:24.191] [INFO] [Player] Rhogar Tordan sofreu 1 de dano e gerou fúria. HP: 116, Fúria: 80

[10:34:24] [2026-08-28 10:34:24.374] [INPUT] [BattleScene] Key: KEY_EVENT -> Action: CONFIRM

[10:34:24] [2026-08-28 10:34:24.593] [INFO] [Player] Rhogar Tordan atacou Guarda de Estayler A causando 18 de dano.

[10:34:24] [2026-08-28 10:34:24.597] [INPUT] [BattleScene] Key: KEY_EVENT -> Action: CONFIRM

[10:34:24] [2026-08-28 10:34:24.799] [INPUT] [BattleScene] Key: KEY_EVENT -> Action: CONFIRM

[10:34:24] [2026-08-28 10:34:24.999] [INPUT] [BattleScene] Key: KEY_EVENT -> Action: CONFIRM

[10:34:25] [2026-08-28 10:34:25.198] [INPUT] [BattleScene] Key: KEY_EVENT -> Action: CONFIRM

[10:34:25] [2026-08-28 10:34:25.392] [INPUT] [BattleScene] Key: KEY_EVENT -> Action: CONFIRM

[10:34:25] [2026-08-28 10:34:25.407] [INFO] [BattleScene] Turno dos Inimigos.

[10:34:25] [2026-08-28 10:34:25.407] [INFO] [Player] Rhogar Tordan sofreu 1 de dano e gerou fúria. HP: 115, Fúria: 100

[10:34:25] [2026-08-28 10:34:25.592] [INPUT] [BattleScene] Key: KEY_EVENT -> Action: CONFIRM

[10:34:25] [2026-08-28 10:34:25.782] [INFO] [Player] Rhogar Tordan atacou Guarda de Estayler B causando 18 de dano.

[10:34:25] [2026-08-28 10:34:25.783] [INPUT] [BattleScene] Key: KEY_EVENT -> Action: CONFIRM

[10:34:25] [2026-08-28 10:34:25.998] [INPUT] [BattleScene] Key: KEY_EVENT -> Action: CONFIRM

[10:34:26] [2026-08-28 10:34:26.192] [INPUT] [BattleScene] Key: KEY_EVENT -> Action: CONFIRM

[10:34:26] [2026-08-28 10:34:26.407] [INPUT] [BattleScene] Key: KEY_EVENT -> Action: CONFIRM

[10:34:26] [2026-08-28 10:34:26.566] [INPUT] [BattleScene] Key: KEY_EVENT -> Action: CONFIRM

[10:34:26] [2026-08-28 10:34:26.590] [INFO] [BattleScene] Turno dos Inimigos.

[10:34:26] [2026-08-28 10:34:26.590] [INFO] [Player] Rhogar Tordan sofreu 1 de dano e gerou fúria. HP: 114, Fúria: 100

[10:34:26] [2026-08-28 10:34:26.743] [INPUT] [BattleScene] Key: KEY_EVENT -> Action: CONFIRM

[10:34:26] [2026-08-28 10:34:26.942] [INFO] [Player] Rhogar Tordan atacou Guarda de Estayler B causando 18 de dano.

[10:34:26] [2026-08-28 10:34:26.944] [INPUT] [BattleScene] Key: KEY_EVENT -> Action: CONFIRM

[10:34:27] [2026-08-28 10:34:27.150] [INPUT] [BattleScene] Key: KEY_EVENT -> Action: CONFIRM

[10:34:27] [2026-08-28 10:34:27.360] [INPUT] [BattleScene] Key: KEY_EVENT -> Action: CONFIRM

[10:34:27] [2026-08-28 10:34:27.551] [INPUT] [BattleScene] Key: KEY_EVENT -> Action: CONFIRM

[10:34:27] [2026-08-28 10:34:27.740] [INFO] [BattleScene] Turno dos Inimigos.

[10:34:27] [2026-08-28 10:34:27.741] [INFO] [Player] Rhogar Tordan sofreu 1 de dano e gerou fúria. HP: 113, Fúria: 100

[10:35:09] [2026-08-28 10:35:09.919] [INPUT] [BattleScene] Key: KEY_EVENT -> Action: CONFIRM

[10:35:10] [2026-08-28 10:35:10.990] [INFO] [Player] Rhogar Tordan atacou Guarda de Estayler B causando 18 de dano.

[10:35:10] [2026-08-28 10:35:10.991] [INFO] [BattleScene] Batalha vencida (Multi-Alvo)!

[10:35:10] [2026-08-28 10:35:10.994] [INPUT] [BattleScene] Key: KEY_EVENT -> Action: CONFIRM

[10:35:12] [2026-08-28 10:35:12.054] [INPUT] [BattleScene] Key: KEY_EVENT -> Action: CONFIRM

[10:35:13] [2026-08-28 10:35:13.022] [INFO] [RewardScene] Cena de Recompensa iniciada. Retorno agendado para: TavernScene

[10:35:13] [2026-08-28 10:35:13.031] [INFO] [SaveManager] Progresso salvo com sucesso via LocalStorage (Fallback).

[10:35:13] [2026-08-28 10:35:13.662] [INFO] [RewardScene] Retornando para a cena: TavernScene

[10:35:14] [2026-08-28 10:35:14.671] [QUEST] quest_01_flashback -> completed

[10:35:14] [2026-08-28 10:35:14.671] [QUEST] quest_02_temple -> active

[10:35:14] [2026-08-28 10:35:14.672] [TRANSITION] RewardScene -> TavernScene | {"x":700,"y":480,"returnedFromFlashback":true,"battleOutcome":"victory"}

[10:35:15] [2026-08-28 10:35:15.028] [INFO] [InputManager] InputManager acoplado à cena atual.

[10:35:15] [2026-08-28 10:35:15.030] [INFO] [TavernScene] Ambiente da Taverna criado.

[10:35:15] [2026-08-28 10:35:15.030] [INFO] [TavernScene] Retornou do Flashback. Missões atualizadas.

[10:35:15] [2026-08-28 10:35:15.291] [INPUT] [TavernScene] Key: KEY_EVENT -> Action: RIGHT

[10:35:15] [2026-08-28 10:35:15.766] [INPUT] [TavernScene] Key: KEY_EVENT -> Action: LEFT

[10:35:16] [2026-08-28 10:35:16.126] [INFO] [Intent] Input Z/ESPAÇO recebido: Iniciando interação com alvo [joseph_sylven].

[10:35:16] [2026-08-28 10:35:16.127] [DIALOGUE] [START] Speaker: Joseph Sylven | "Superamos aquele cerco com honra. Agora as muralhas nos esperam."

[10:35:16] [2026-08-28 10:35:16.128] [INPUT] [TavernScene] Key: KEY_EVENT -> Action: CONFIRM

[10:35:16] [2026-08-28 10:35:16.350] [INFO] [Intent] Input Z/ESPAÇO recebido: Avançando ou finalizando caixa de diálogo atual.

[10:35:16] [2026-08-28 10:35:16.350] [INPUT] [TavernScene] Key: KEY_EVENT -> Action: CONFIRM

[10:35:16] [2026-08-28 10:35:16.558] [INFO] [Intent] Input Z/ESPAÇO recebido: Avançando ou finalizando caixa de diálogo atual.

[10:35:16] [2026-08-28 10:35:16.558] [DIALOGUE] [NEXT] Speaker: Joseph Sylven | "As muralhas de Rastphen levam à Estrada Sul. Vá, os portões sul foram abertos."

[10:35:16] [2026-08-28 10:35:16.559] [INPUT] [TavernScene] Key: KEY_EVENT -> Action: CONFIRM

[10:35:16] [2026-08-28 10:35:16.958] [INFO] [Intent] Input Z/ESPAÇO recebido: Avançando ou finalizando caixa de diálogo atual.

[10:35:16] [2026-08-28 10:35:16.959] [INPUT] [TavernScene] Key: KEY_EVENT -> Action: CONFIRM

[10:35:17] [2026-08-28 10:35:17.198] [INFO] [Intent] Input Z/ESPAÇO recebido: Avançando ou finalizando caixa de diálogo atual.

[10:35:17] [2026-08-28 10:35:17.198] [DIALOGUE] [END] Speaker: 

[10:35:17] [2026-08-28 10:35:17.198] [INPUT] [TavernScene] Key: KEY_EVENT -> Action: CONFIRM

[10:35:17] [2026-08-28 10:35:17.574] [INPUT] [TavernScene] Key: KEY_EVENT -> Action: LEFT

[10:35:17] [2026-08-28 10:35:17.846] [INPUT] [TavernScene] Key: KEY_EVENT -> Action: DOWN

[10:35:18] [2026-08-28 10:35:18.374] [INPUT] [TavernScene] Key: KEY_EVENT -> Action: UP

[10:35:18] [2026-08-28 10:35:18.814] [INPUT] [TavernScene] Key: KEY_EVENT -> Action: DOWN

[10:35:19] [2026-08-28 10:35:19.304] [TRANSITION] TavernScene -> RastphenCityScene | {"x":520,"y":880}

[10:35:19] [2026-08-28 10:35:19.658] [INFO] [RastphenCityScene] Renderizando mapa aberto da cidade.

[10:35:19] [2026-08-28 10:35:19.669] [INFO] [InputManager] InputManager acoplado à cena atual.

[10:35:20] [2026-08-28 10:35:20.319] [INPUT] [RastphenCityScene] Key: KEY_EVENT -> Action: RIGHT

[10:35:20] [2026-08-28 10:35:20.646] [INPUT] [RastphenCityScene] Key: KEY_EVENT -> Action: UP

[10:35:22] [2026-08-28 10:35:22.539] [TRANSITION] RastphenCityScene -> TempleScene | {"x":400,"y":520}

[10:35:22] [2026-08-28 10:35:22.891] [INFO] [TempleScene] Renderizando Templo de Palmem.

[10:35:22] [2026-08-28 10:35:22.899] [INFO] [InputManager] InputManager acoplado à cena atual.

[10:35:23] [2026-08-28 10:35:23.510] [INPUT] [TempleScene] Key: KEY_EVENT -> Action: UP

[10:35:24] [2026-08-28 10:35:24.894] [INFO] [Intent] Input Z/ESPAÇO recebido: Iniciando interação com alvo [sacerdotisa_palmem].

[10:35:24] [2026-08-28 10:35:24.894] [DIALOGUE] [START] Speaker: Sacerdotisa | "O veneno arcano corrói o espírito de Gruther. Se não expurgarmos a fonte de magia negra no Bosque Cinzento, ele perecerá."

[10:35:24] [2026-08-28 10:35:24.895] [INPUT] [TempleScene] Key: KEY_EVENT -> Action: CONFIRM

[10:35:25] [2026-08-28 10:35:25.208] [INFO] [Intent] Input Z/ESPAÇO recebido: Avançando ou finalizando caixa de diálogo atual.

[10:35:25] [2026-08-28 10:35:25.210] [INPUT] [TempleScene] Key: KEY_EVENT -> Action: CONFIRM

[10:35:25] [2026-08-28 10:35:25.494] [INFO] [Intent] Input Z/ESPAÇO recebido: Avançando ou finalizando caixa de diálogo atual.

[10:35:25] [2026-08-28 10:35:25.494] [DIALOGUE] [END] Speaker: 

[10:35:25] [2026-08-28 10:35:25.494] [QUEST] quest_02_temple -> completed

[10:35:25] [2026-08-28 10:35:25.494] [QUEST] quest_03_investigate_farm -> active

[10:35:25] [2026-08-28 10:35:25.494] [INFO] [TempleScene] Quest "O Templo de Palmem" concluída! Nova Missão: Investigar a Fazenda.

[10:35:25] [2026-08-28 10:35:25.496] [INPUT] [TempleScene] Key: KEY_EVENT -> Action: CONFIRM

[10:35:26] [2026-08-28 10:35:26.030] [INPUT] [TempleScene] Key: KEY_EVENT -> Action: LEFT

[10:35:26] [2026-08-28 10:35:26.230] [INPUT] [TempleScene] Key: KEY_EVENT -> Action: UP

[10:35:26] [2026-08-28 10:35:26.775] [INFO] [Intent] Input Z/ESPAÇO recebido: Iniciando interação com alvo [gruther_leito].

[10:35:26] [2026-08-28 10:35:26.775] [DIALOGUE] [START] Speaker: Gruther | "As sombras... invadiram o celeiro. Um monstro de chifres. Eu ouvi o grito de Melissa... Salve-a..."

[10:35:26] [2026-08-28 10:35:26.775] [INPUT] [TempleScene] Key: KEY_EVENT -> Action: CONFIRM

[10:35:27] [2026-08-28 10:35:27.006] [INFO] [Intent] Input Z/ESPAÇO recebido: Avançando ou finalizando caixa de diálogo atual.

[10:35:27] [2026-08-28 10:35:27.007] [INPUT] [TempleScene] Key: KEY_EVENT -> Action: CONFIRM

[10:35:27] [2026-08-28 10:35:27.278] [INFO] [Intent] Input Z/ESPAÇO recebido: Avançando ou finalizando caixa de diálogo atual.

[10:35:27] [2026-08-28 10:35:27.278] [DIALOGUE] [END] Speaker: 

[10:35:27] [2026-08-28 10:35:27.278] [INPUT] [TempleScene] Key: KEY_EVENT -> Action: CONFIRM

[10:35:27] [2026-08-28 10:35:27.622] [INPUT] [TempleScene] Key: KEY_EVENT -> Action: DOWN

[10:35:27] [2026-08-28 10:35:27.798] [INPUT] [TempleScene] Key: KEY_EVENT -> Action: RIGHT

[10:35:29] [2026-08-28 10:35:29.688] [TRANSITION] TempleScene -> RastphenCityScene | {"x":600,"y":220}

[10:35:30] [2026-08-28 10:35:30.039] [INFO] [RastphenCityScene] Renderizando mapa aberto da cidade.

[10:35:30] [2026-08-28 10:35:30.046] [INFO] [InputManager] InputManager acoplado à cena atual.

[10:35:30] [2026-08-28 10:35:30.470] [INPUT] [RastphenCityScene] Key: KEY_EVENT -> Action: RIGHT

[10:35:30] [2026-08-28 10:35:30.744] [INPUT] [RastphenCityScene] Key: KEY_EVENT -> Action: DOWN

[10:35:33] [2026-08-28 10:35:33.656] [INPUT] [RastphenCityScene] Key: KEY_EVENT -> Action: DOWN

[10:35:34] [2026-08-28 10:35:34.567] [INPUT] [RastphenCityScene] Key: KEY_EVENT -> Action: LEFT

[10:35:35] [2026-08-28 10:35:35.056] [INPUT] [RastphenCityScene] Key: KEY_EVENT -> Action: UP

[10:35:35] [2026-08-28 10:35:35.526] [INPUT] [RastphenCityScene] Key: KEY_EVENT -> Action: DOWN

[10:35:36] [2026-08-28 10:35:36.270] [INFO] [Intent] Input Z/ESPAÇO recebido: Iniciando interação com alvo [mercador_yanil].

[10:35:36] [2026-08-28 10:35:36.270] [DIALOGUE] [START] Speaker: Yânil | "Dizem que as ruínas do Bosque Cinzento despertaram novamente. Tenho suprimentos, se tiver ouro."

[10:35:36] [2026-08-28 10:35:36.271] [INPUT] [RastphenCityScene] Key: KEY_EVENT -> Action: CONFIRM

[10:35:36] [2026-08-28 10:35:36.526] [INFO] [Intent] Input Z/ESPAÇO recebido: Avançando ou finalizando caixa de diálogo atual.

[10:35:36] [2026-08-28 10:35:36.527] [INPUT] [RastphenCityScene] Key: KEY_EVENT -> Action: CONFIRM

[10:35:36] [2026-08-28 10:35:36.807] [INFO] [Intent] Input Z/ESPAÇO recebido: Avançando ou finalizando caixa de diálogo atual.

[10:35:36] [2026-08-28 10:35:36.808] [DIALOGUE] [END] Speaker: 

[10:35:36] [2026-08-28 10:35:36.808] [INPUT] [RastphenCityScene] Key: KEY_EVENT -> Action: CONFIRM

[10:35:37] [2026-08-28 10:35:37.103] [INPUT] [RastphenCityScene] Key: KEY_EVENT -> Action: DOWN

[10:35:38] [2026-08-28 10:35:38.934] [INPUT] [RastphenCityScene] Key: KEY_EVENT -> Action: LEFT

[10:35:40] [2026-08-28 10:35:40.678] [INFO] [Intent] Input Z/ESPAÇO recebido: Iniciando interação com alvo [guardas_muralha].

[10:35:40] [2026-08-28 10:35:40.679] [DIALOGUE] [START] Speaker: Guarda Telmer | "Atenção viajante. Criaturas estranhas foram vistas na Estrada Sul."

[10:35:40] [2026-08-28 10:35:40.679] [INPUT] [RastphenCityScene] Key: KEY_EVENT -> Action: CONFIRM

[10:35:41] [2026-08-28 10:35:41.134] [INFO] [Intent] Input Z/ESPAÇO recebido: Avançando ou finalizando caixa de diálogo atual.

[10:35:41] [2026-08-28 10:35:41.135] [INPUT] [RastphenCityScene] Key: KEY_EVENT -> Action: CONFIRM

[10:35:41] [2026-08-28 10:35:41.494] [INFO] [Intent] Input Z/ESPAÇO recebido: Avançando ou finalizando caixa de diálogo atual.

[10:35:41] [2026-08-28 10:35:41.494] [DIALOGUE] [NEXT] Speaker: Guarda Breno | "Tenha cuidado se for prosseguir. Os portões estão abertos para aventureiros."

[10:35:41] [2026-08-28 10:35:41.495] [INPUT] [RastphenCityScene] Key: KEY_EVENT -> Action: CONFIRM

[10:35:41] [2026-08-28 10:35:41.736] [INPUT] [RastphenCityScene] Key: KEY_EVENT -> Action: RIGHT

[10:35:41] [2026-08-28 10:35:41.873] [INPUT] [RastphenCityScene] Key: KEY_EVENT -> Action: UP

[10:35:42] [2026-08-28 10:35:42.167] [INFO] [Intent] Input Z/ESPAÇO recebido: Avançando ou finalizando caixa de diálogo atual.

[10:35:42] [2026-08-28 10:35:42.167] [INPUT] [RastphenCityScene] Key: KEY_EVENT -> Action: CONFIRM

[10:35:42] [2026-08-28 10:35:42.518] [INFO] [Intent] Input Z/ESPAÇO recebido: Avançando ou finalizando caixa de diálogo atual.

[10:35:42] [2026-08-28 10:35:42.518] [DIALOGUE] [END] Speaker: 

[10:35:42] [2026-08-28 10:35:42.518] [INPUT] [RastphenCityScene] Key: KEY_EVENT -> Action: CONFIRM

[10:35:42] [2026-08-28 10:35:42.694] [INPUT] [RastphenCityScene] Key: KEY_EVENT -> Action: RIGHT

[10:35:42] [2026-08-28 10:35:42.751] [INPUT] [RastphenCityScene] Key: KEY_EVENT -> Action: UP

[10:35:43] [2026-08-28 10:35:43.278] [INPUT] [RastphenCityScene] Key: KEY_EVENT -> Action: DOWN

[10:35:43] [2026-08-28 10:35:43.806] [INFO] [Intent] Input Z/ESPAÇO recebido: Iniciando interação com alvo [guardas_muralha].

[10:35:43] [2026-08-28 10:35:43.806] [DIALOGUE] [START] Speaker: Guarda Telmer | "Atenção viajante. Criaturas estranhas foram vistas na Estrada Sul."

[10:35:43] [2026-08-28 10:35:43.806] [INPUT] [RastphenCityScene] Key: KEY_EVENT -> Action: CONFIRM

[10:35:44] [2026-08-28 10:35:44.030] [INFO] [Intent] Input Z/ESPAÇO recebido: Avançando ou finalizando caixa de diálogo atual.

[10:35:44] [2026-08-28 10:35:44.030] [INPUT] [RastphenCityScene] Key: KEY_EVENT -> Action: CONFIRM

[10:35:44] [2026-08-28 10:35:44.256] [INFO] [Intent] Input Z/ESPAÇO recebido: Avançando ou finalizando caixa de diálogo atual.

[10:35:44] [2026-08-28 10:35:44.256] [DIALOGUE] [NEXT] Speaker: Guarda Breno | "Tenha cuidado se for prosseguir. Os portões estão abertos para aventureiros."

[10:35:44] [2026-08-28 10:35:44.258] [INPUT] [RastphenCityScene] Key: KEY_EVENT -> Action: CONFIRM

[10:35:44] [2026-08-28 10:35:44.623] [INFO] [Intent] Input Z/ESPAÇO recebido: Avançando ou finalizando caixa de diálogo atual.

[10:35:44] [2026-08-28 10:35:44.624] [INPUT] [RastphenCityScene] Key: KEY_EVENT -> Action: CONFIRM

[10:35:45] [2026-08-28 10:35:45.014] [INFO] [Intent] Input Z/ESPAÇO recebido: Avançando ou finalizando caixa de diálogo atual.

[10:35:45] [2026-08-28 10:35:45.014] [DIALOGUE] [END] Speaker: 

[10:35:45] [2026-08-28 10:35:45.014] [INPUT] [RastphenCityScene] Key: KEY_EVENT -> Action: CONFIRM

[10:35:45] [2026-08-28 10:35:45.310] [INPUT] [RastphenCityScene] Key: KEY_EVENT -> Action: UP

[10:35:45] [2026-08-28 10:35:45.430] [INPUT] [RastphenCityScene] Key: KEY_EVENT -> Action: LEFT

[10:35:46] [2026-08-28 10:35:46.023] [INPUT] [RastphenCityScene] Key: KEY_EVENT -> Action: DOWN

[10:35:46] [2026-08-28 10:35:46.520] [INFO] [RastphenCityScene] Overlap detectado no Portão Sul!

[10:35:46] [2026-08-28 10:35:46.918] [INPUT] [RastphenCityScene] Key: KEY_EVENT -> Action: DOWN

[10:35:46] [2026-08-28 10:35:46.918] [INFO] [Intent] Input Z/ESPAÇO recebido: Nenhuma zona interativa próxima. Ação ignorada.

[10:35:46] [2026-08-28 10:35:46.918] [INPUT] [RastphenCityScene] Key: KEY_EVENT -> Action: CONFIRM

[10:35:47] [2026-08-28 10:35:47.071] [INPUT] [RastphenCityScene] Key: KEY_EVENT -> Action: DOWN

[10:35:47] [2026-08-28 10:35:47.206] [INPUT] [RastphenCityScene] Key: KEY_EVENT -> Action: DOWN

[10:35:47] [2026-08-28 10:35:47.206] [INFO] [Intent] Input Z/ESPAÇO recebido: Nenhuma zona interativa próxima. Ação ignorada.

[10:35:47] [2026-08-28 10:35:47.206] [INPUT] [RastphenCityScene] Key: KEY_EVENT -> Action: CONFIRM

[10:35:47] [2026-08-28 10:35:47.206] [INPUT] [RastphenCityScene] Key: KEY_EVENT -> Action: UP

[10:35:47] [2026-08-28 10:35:47.638] [INPUT] [RastphenCityScene] Key: KEY_EVENT -> Action: DOWN

[10:35:47] [2026-08-28 10:35:47.638] [INFO] [Intent] Input Z/ESPAÇO recebido: Nenhuma zona interativa próxima. Ação ignorada.

[10:35:47] [2026-08-28 10:35:47.638] [INPUT] [RastphenCityScene] Key: KEY_EVENT -> Action: CONFIRM

[10:35:47] [2026-08-28 10:35:47.703] [INPUT] [RastphenCityScene] Key: KEY_EVENT -> Action: DOWN

[10:35:47] [2026-08-28 10:35:47.703] [INFO] [Intent] Input Z/ESPAÇO recebido: Nenhuma zona interativa próxima. Ação ignorada.

[10:35:47] [2026-08-28 10:35:47.703] [INPUT] [RastphenCityScene] Key: KEY_EVENT -> Action: CONFIRM

[10:35:47] [2026-08-28 10:35:47.703] [INPUT] [RastphenCityScene] Key: KEY_EVENT -> Action: UP

[10:35:47] [2026-08-28 10:35:47.703] [INPUT] [RastphenCityScene] Key: KEY_EVENT -> Action: UP

[10:35:47] [2026-08-28 10:35:47.838] [INPUT] [RastphenCityScene] Key: KEY_EVENT -> Action: DOWN

[10:35:47] [2026-08-28 10:35:47.838] [INFO] [Intent] Input Z/ESPAÇO recebido: Nenhuma zona interativa próxima. Ação ignorada.

[10:35:47] [2026-08-28 10:35:47.838] [INPUT] [RastphenCityScene] Key: KEY_EVENT -> Action: CONFIRM

[10:35:47] [2026-08-28 10:35:47.838] [INPUT] [RastphenCityScene] Key: KEY_EVENT -> Action: UP

[10:35:47] [2026-08-28 10:35:47.951] [INPUT] [RastphenCityScene] Key: KEY_EVENT -> Action: DOWN

[10:35:47] [2026-08-28 10:35:47.951] [INFO] [Intent] Input Z/ESPAÇO recebido: Nenhuma zona interativa próxima. Ação ignorada.

[10:35:47] [2026-08-28 10:35:47.951] [INPUT] [RastphenCityScene] Key: KEY_EVENT -> Action: CONFIRM

[10:35:47] [2026-08-28 10:35:47.951] [INPUT] [RastphenCityScene] Key: KEY_EVENT -> Action: UP

[10:35:47] [2026-08-28 10:35:47.951] [INPUT] [RastphenCityScene] Key: KEY_EVENT -> Action: UP

[10:35:47] [2026-08-28 10:35:47.951] [INPUT] [RastphenCityScene] Key: KEY_EVENT -> Action: DOWN

[10:35:48] [2026-08-28 10:35:48.137] [INFO] [Intent] Input Z/ESPAÇO recebido: Nenhuma zona interativa próxima. Ação ignorada.

[10:35:48] [2026-08-28 10:35:48.137] [INPUT] [RastphenCityScene] Key: KEY_EVENT -> Action: CONFIRM

[10:35:48] [2026-08-28 10:35:48.137] [INPUT] [RastphenCityScene] Key: KEY_EVENT -> Action: UP

[10:35:48] [2026-08-28 10:35:48.137] [INPUT] [RastphenCityScene] Key: KEY_EVENT -> Action: UP

[10:35:48] [2026-08-28 10:35:48.137] [INPUT] [RastphenCityScene] Key: KEY_EVENT -> Action: DOWN

[10:35:48] [2026-08-28 10:35:48.246] [INPUT] [RastphenCityScene] Key: KEY_EVENT -> Action: DOWN

[10:35:48] [2026-08-28 10:35:48.246] [INFO] [Intent] Input Z/ESPAÇO recebido: Nenhuma zona interativa próxima. Ação ignorada.

[10:35:48] [2026-08-28 10:35:48.246] [INPUT] [RastphenCityScene] Key: KEY_EVENT -> Action: CONFIRM

[10:35:48] [2026-08-28 10:35:48.246] [INPUT] [RastphenCityScene] Key: KEY_EVENT -> Action: UP

[10:35:48] [2026-08-28 10:35:48.246] [INPUT] [RastphenCityScene] Key: KEY_EVENT -> Action: UP

[10:35:48] [2026-08-28 10:35:48.246] [INPUT] [RastphenCityScene] Key: KEY_EVENT -> Action: DOWN

[10:35:48] [2026-08-28 10:35:48.246] [INPUT] [RastphenCityScene] Key: KEY_EVENT -> Action: UP

[10:35:48] [2026-08-28 10:35:48.342] [INPUT] [RastphenCityScene] Key: KEY_EVENT -> Action: DOWN

[10:35:48] [2026-08-28 10:35:48.342] [INFO] [Intent] Input Z/ESPAÇO recebido: Nenhuma zona interativa próxima. Ação ignorada.

[10:35:48] [2026-08-28 10:35:48.342] [INPUT] [RastphenCityScene] Key: KEY_EVENT -> Action: CONFIRM

[10:35:48] [2026-08-28 10:35:48.342] [INPUT] [RastphenCityScene] Key: KEY_EVENT -> Action: UP

[10:35:48] [2026-08-28 10:35:48.342] [INPUT] [RastphenCityScene] Key: KEY_EVENT -> Action: DOWN

[10:35:48] [2026-08-28 10:35:48.342] [INPUT] [RastphenCityScene] Key: KEY_EVENT -> Action: UP

[10:50:14] [INIT] Logger inicializado e conectado ao Electron.
[10:50:59] [INIT] Logger inicializado e conectado ao Electron.
[10:50:59] [2026-08-28 10:50:59.631] [INFO] [PreloadScene] Assets procedurais provisórios gerados com sucesso.

[10:50:59] [2026-08-28 10:50:59.645] [INFO] [SaveManager] Progresso lido do LocalStorage.

[10:50:59] [2026-08-28 10:50:59.653] [INFO] [InputManager] InputManager acoplado à cena atual.

[10:50:59] [2026-08-28 10:50:59.656] [INFO] [MenuScene] Cena de Menu criada e inputs vinculados.

[10:53:15] [INIT] Logger inicializado e conectado ao Electron.
[10:53:15] [2026-08-28 10:53:15.605] [INFO] [PreloadScene] Assets procedurais provisórios gerados com sucesso.

[10:53:15] [2026-08-28 10:53:15.611] [INFO] [SaveManager] Progresso lido do LocalStorage.

[10:53:15] [2026-08-28 10:53:15.613] [INFO] [InputManager] InputManager acoplado à cena atual.

[10:53:15] [2026-08-28 10:53:15.615] [INFO] [MenuScene] Cena de Menu criada e inputs vinculados.

[10:53:19] [INIT] Logger inicializado e conectado ao Electron.
[10:53:19] [2026-08-28 10:53:19.250] [INFO] [PreloadScene] Assets procedurais provisórios gerados com sucesso.

[10:53:19] [2026-08-28 10:53:19.256] [INFO] [SaveManager] Progresso lido do LocalStorage.

[10:53:19] [2026-08-28 10:53:19.259] [INFO] [InputManager] InputManager acoplado à cena atual.

[10:53:19] [2026-08-28 10:53:19.261] [INFO] [MenuScene] Cena de Menu criada e inputs vinculados.

[10:56:17] [INIT] Logger inicializado e conectado ao Electron.
[10:56:17] [2026-08-28 10:56:17.227] [INFO] [PreloadScene] Assets procedurais provisórios gerados com sucesso.

[10:56:17] [2026-08-28 10:56:17.244] [INFO] [SaveManager] Progresso lido do LocalStorage.

[10:56:17] [2026-08-28 10:56:17.253] [INFO] [InputManager] InputManager acoplado à cena atual.

[10:56:17] [2026-08-28 10:56:17.257] [INFO] [MenuScene] Cena de Menu criada e inputs vinculados.

[10:56:37] [INIT] Logger inicializado e conectado ao Electron.
[10:56:38] [2026-08-28 10:56:38.068] [INFO] [PreloadScene] Assets procedurais provisórios gerados com sucesso.

[10:56:38] [2026-08-28 10:56:38.086] [INFO] [SaveManager] Progresso lido do LocalStorage.

[10:56:38] [2026-08-28 10:56:38.097] [INFO] [InputManager] InputManager acoplado à cena atual.

[10:56:38] [2026-08-28 10:56:38.102] [INFO] [MenuScene] Cena de Menu criada e inputs vinculados.

[10:56:45] [2026-08-28 10:56:45.986] [INPUT] [MenuScene] Key: KEY_EVENT -> Action: DOWN

[10:56:46] [2026-08-28 10:56:46.470] [INPUT] [MenuScene] Key: KEY_EVENT -> Action: UP

[10:56:47] [2026-08-28 10:56:47.614] [INFO] [MenuScene] Ação: Iniciar Novo Jogo (TavernScene)

[10:56:47] [2026-08-28 10:56:47.614] [INFO] [QuestManager] Progresso das missões resetado para novo jogo.

[10:56:47] [2026-08-28 10:56:47.614] [INPUT] [MenuScene] Key: KEY_EVENT -> Action: CONFIRM

[10:56:47] [2026-08-28 10:56:47.629] [INFO] [QuestManager] Banco de missões inicializado.

[10:56:47] [2026-08-28 10:56:47.655] [INFO] [InputManager] InputManager acoplado à cena atual.

[10:56:47] [2026-08-28 10:56:47.659] [INFO] [TavernScene] Ambiente da Taverna criado.

[10:56:48] [2026-08-28 10:56:48.871] [INPUT] [TavernScene] Key: KEY_EVENT -> Action: UP

[10:56:51] [2026-08-28 10:56:51.231] [INFO] [Intent] Input Z/ESPAÇO recebido: Iniciando interação com alvo [hilda].

[10:56:51] [2026-08-28 10:56:51.234] [INPUT] [TavernScene] Key: KEY_EVENT -> Action: CONFIRM

[10:56:51] [2026-08-28 10:56:51.935] [INPUT] [TavernScene] Key: KEY_EVENT -> Action: DOWN

[10:56:52] [2026-08-28 10:56:52.135] [INPUT] [TavernScene] Key: KEY_EVENT -> Action: DOWN

[10:56:52] [2026-08-28 10:56:52.454] [INFO] [Intent] Input Z/ESPAÇO recebido: Avançando ou finalizando caixa de diálogo atual.

[10:56:52] [2026-08-28 10:56:52.455] [INPUT] [TavernScene] Key: KEY_EVENT -> Action: CONFIRM

[10:56:52] [2026-08-28 10:56:52.871] [INPUT] [TavernScene] Key: KEY_EVENT -> Action: LEFT

[10:56:52] [2026-08-28 10:56:52.951] [INPUT] [TavernScene] Key: KEY_EVENT -> Action: DOWN

[10:56:53] [2026-08-28 10:56:53.254] [INPUT] [TavernScene] Key: KEY_EVENT -> Action: LEFT

[10:56:53] [2026-08-28 10:56:53.774] [INPUT] [TavernScene] Key: KEY_EVENT -> Action: UP

[10:56:54] [2026-08-28 10:56:54.392] [INPUT] [TavernScene] Key: KEY_EVENT -> Action: DOWN

[10:56:54] [2026-08-28 10:56:54.726] [INFO] [Intent] Input Z/ESPAÇO recebido: Iniciando interação com alvo [veronica_stinfy].

[10:56:54] [2026-08-28 10:56:54.727] [DIALOGUE] [START] Speaker: Verônica Stinfy | "A magia abissal... Ela contorce a trama da realidade de formas interessantes."

[10:56:54] [2026-08-28 10:56:54.733] [INPUT] [TavernScene] Key: KEY_EVENT -> Action: CONFIRM

[10:56:55] [2026-08-28 10:56:55.099] [INFO] [Intent] Input Z/ESPAÇO recebido: Avançando ou finalizando caixa de diálogo atual.

[10:56:55] [2026-08-28 10:56:55.103] [INPUT] [TavernScene] Key: KEY_EVENT -> Action: CONFIRM

[10:56:55] [2026-08-28 10:56:55.342] [INFO] [Intent] Input Z/ESPAÇO recebido: Avançando ou finalizando caixa de diálogo atual.

[10:56:55] [2026-08-28 10:56:55.342] [DIALOGUE] [NEXT] Speaker: Verônica Stinfy | "O que você quer, meio-elfo?"

[10:56:55] [2026-08-28 10:56:55.342] [INPUT] [TavernScene] Key: KEY_EVENT -> Action: CONFIRM

[10:56:55] [2026-08-28 10:56:55.592] [INFO] [Intent] Input Z/ESPAÇO recebido: Avançando ou finalizando caixa de diálogo atual.

[10:56:55] [2026-08-28 10:56:55.602] [INPUT] [TavernScene] Key: KEY_EVENT -> Action: CONFIRM

[10:56:55] [2026-08-28 10:56:55.847] [INFO] [Intent] Input Z/ESPAÇO recebido: Avançando ou finalizando caixa de diálogo atual.

[10:56:55] [2026-08-28 10:56:55.848] [DIALOGUE] [CHOICE] Speaker: Verônica Stinfy | "[Positiva] Oferecer cooperação contra os cultistas."

[10:56:55] [2026-08-28 10:56:55.848] [INPUT] [TavernScene] Key: KEY_EVENT -> Action: CONFIRM

[10:56:56] [2026-08-28 10:56:56.265] [INFO] [Intent] Input Z/ESPAÇO recebido: Avançando ou finalizando caixa de diálogo atual.

[10:56:56] [2026-08-28 10:56:56.267] [INPUT] [TavernScene] Key: KEY_EVENT -> Action: CONFIRM

[10:56:56] [2026-08-28 10:56:56.631] [INFO] [Intent] Input Z/ESPAÇO recebido: Avançando ou finalizando caixa de diálogo atual.

[10:56:56] [2026-08-28 10:56:56.631] [DIALOGUE] [NEXT] Speaker: Verônica Stinfy | "Agora não me incomode. Estou trabalhando."

[10:56:56] [2026-08-28 10:56:56.632] [INPUT] [TavernScene] Key: KEY_EVENT -> Action: CONFIRM

[10:56:57] [2026-08-28 10:56:57.032] [INFO] [Intent] Input Z/ESPAÇO recebido: Avançando ou finalizando caixa de diálogo atual.

[10:56:57] [2026-08-28 10:56:57.033] [INPUT] [TavernScene] Key: KEY_EVENT -> Action: CONFIRM

[10:56:57] [2026-08-28 10:56:57.374] [INFO] [Intent] Input Z/ESPAÇO recebido: Avançando ou finalizando caixa de diálogo atual.

[10:56:57] [2026-08-28 10:56:57.375] [DIALOGUE] [END] Speaker: 

[10:56:57] [2026-08-28 10:56:57.375] [INPUT] [TavernScene] Key: KEY_EVENT -> Action: CONFIRM

[10:56:57] [2026-08-28 10:56:57.807] [INPUT] [TavernScene] Key: KEY_EVENT -> Action: RIGHT

[10:56:59] [2026-08-28 10:56:59.897] [INPUT] [TavernScene] Key: KEY_EVENT -> Action: RIGHT

[10:57:00] [2026-08-28 10:57:00.481] [INFO] [Intent] Input Z/ESPAÇO recebido: Iniciando interação com alvo [traudon_alicia].

[10:57:00] [2026-08-28 10:57:00.481] [DIALOGUE] [START] Speaker: Traudon | "Ah... damascos em calda com cerveja, a perfeição da culinária anã! Não é mesmo, Alícia?"

[10:57:00] [2026-08-28 10:57:00.485] [INPUT] [TavernScene] Key: KEY_EVENT -> Action: CONFIRM

[10:57:00] [2026-08-28 10:57:00.734] [INFO] [Intent] Input Z/ESPAÇO recebido: Avançando ou finalizando caixa de diálogo atual.

[10:57:00] [2026-08-28 10:57:00.736] [INPUT] [TavernScene] Key: KEY_EVENT -> Action: CONFIRM

[10:57:01] [2026-08-28 10:57:01.046] [INFO] [Intent] Input Z/ESPAÇO recebido: Avançando ou finalizando caixa de diálogo atual.

[10:57:01] [2026-08-28 10:57:01.047] [DIALOGUE] [NEXT] Speaker: Alícia | "Você devia focar na sua magia, Traudon. Diga a ele, viajante."

[10:57:01] [2026-08-28 10:57:01.048] [INPUT] [TavernScene] Key: KEY_EVENT -> Action: CONFIRM

[10:57:01] [2026-08-28 10:57:01.358] [INFO] [Intent] Input Z/ESPAÇO recebido: Avançando ou finalizando caixa de diálogo atual.

[10:57:01] [2026-08-28 10:57:01.362] [INPUT] [TavernScene] Key: KEY_EVENT -> Action: CONFIRM

[10:57:01] [2026-08-28 10:57:01.751] [INFO] [Intent] Input Z/ESPAÇO recebido: Avançando ou finalizando caixa de diálogo atual.

[10:57:01] [2026-08-28 10:57:01.751] [DIALOGUE] [CHOICE] Speaker: Alícia | "[Positiva] Apreciar a melodia do alaúde de Alícia."

[10:57:01] [2026-08-28 10:57:01.752] [INPUT] [TavernScene] Key: KEY_EVENT -> Action: CONFIRM

[10:57:02] [2026-08-28 10:57:02.158] [INFO] [Intent] Input Z/ESPAÇO recebido: Avançando ou finalizando caixa de diálogo atual.

[10:57:02] [2026-08-28 10:57:02.160] [INPUT] [TavernScene] Key: KEY_EVENT -> Action: CONFIRM

[10:57:02] [2026-08-28 10:57:02.382] [INFO] [Intent] Input Z/ESPAÇO recebido: Avançando ou finalizando caixa de diálogo atual.

[10:57:02] [2026-08-28 10:57:02.383] [DIALOGUE] [NEXT] Speaker: Traudon | "Bah, não ligue para ela. Um druida anão retira seu poder da terra e dos doces!"

[10:57:02] [2026-08-28 10:57:02.383] [INPUT] [TavernScene] Key: KEY_EVENT -> Action: CONFIRM

[10:57:02] [2026-08-28 10:57:02.855] [INFO] [Intent] Input Z/ESPAÇO recebido: Avançando ou finalizando caixa de diálogo atual.

[10:57:02] [2026-08-28 10:57:02.856] [INPUT] [TavernScene] Key: KEY_EVENT -> Action: CONFIRM

[10:57:05] [2026-08-28 10:57:05.281] [INFO] [Intent] Input Z/ESPAÇO recebido: Avançando ou finalizando caixa de diálogo atual.

[10:57:05] [2026-08-28 10:57:05.282] [DIALOGUE] [END] Speaker: 

[10:57:05] [2026-08-28 10:57:05.282] [INPUT] [TavernScene] Key: KEY_EVENT -> Action: CONFIRM

[10:57:05] [2026-08-28 10:57:05.680] [INPUT] [TavernScene] Key: KEY_EVENT -> Action: DOWN

[10:57:06] [2026-08-28 10:57:06.006] [INPUT] [TavernScene] Key: KEY_EVENT -> Action: LEFT

[10:57:06] [2026-08-28 10:57:06.910] [INPUT] [TavernScene] Key: KEY_EVENT -> Action: RIGHT

[10:57:08] [2026-08-28 10:57:08.142] [INPUT] [TavernScene] Key: KEY_EVENT -> Action: RIGHT

[10:57:08] [2026-08-28 10:57:08.886] [INFO] [Intent] Input Z/ESPAÇO recebido: Iniciando interação com alvo [joseph_sylven].

[10:57:08] [2026-08-28 10:57:08.887] [DIALOGUE] [START] Speaker: Joseph Sylven | "Rhogar, ainda há tensão no ar. Converse com os frequentadores da taverna e beba algo antes de falarmos sobre nosso passado."

[10:57:08] [2026-08-28 10:57:08.889] [INPUT] [TavernScene] Key: KEY_EVENT -> Action: CONFIRM

[10:57:10] [2026-08-28 10:57:10.190] [INFO] [Intent] Input Z/ESPAÇO recebido: Avançando ou finalizando caixa de diálogo atual.

[10:57:10] [2026-08-28 10:57:10.191] [INPUT] [TavernScene] Key: KEY_EVENT -> Action: CONFIRM

[10:57:10] [2026-08-28 10:57:10.838] [INPUT] [TavernScene] Key: KEY_EVENT -> Action: LEFT

[10:57:11] [2026-08-28 10:57:11.318] [INFO] [Intent] Input Z/ESPAÇO recebido: Avançando ou finalizando caixa de diálogo atual.

[10:57:11] [2026-08-28 10:57:11.319] [DIALOGUE] [END] Speaker: 

[10:57:11] [2026-08-28 10:57:11.319] [INPUT] [TavernScene] Key: KEY_EVENT -> Action: CONFIRM

[10:57:12] [2026-08-28 10:57:12.192] [INFO] [Intent] Input Z/ESPAÇO recebido: Iniciando interação com alvo [joseph_sylven].

[10:57:12] [2026-08-28 10:57:12.192] [DIALOGUE] [START] Speaker: Joseph Sylven | "Rhogar, ainda há tensão no ar. Converse com os frequentadores da taverna e beba algo antes de falarmos sobre nosso passado."

[10:57:12] [2026-08-28 10:57:12.194] [INPUT] [TavernScene] Key: KEY_EVENT -> Action: CONFIRM

[10:57:12] [2026-08-28 10:57:12.750] [INFO] [Intent] Input Z/ESPAÇO recebido: Avançando ou finalizando caixa de diálogo atual.

[10:57:12] [2026-08-28 10:57:12.751] [INPUT] [TavernScene] Key: KEY_EVENT -> Action: CONFIRM

[10:57:13] [2026-08-28 10:57:13.398] [INFO] [Intent] Input Z/ESPAÇO recebido: Avançando ou finalizando caixa de diálogo atual.

[10:57:13] [2026-08-28 10:57:13.398] [DIALOGUE] [END] Speaker: 

[10:57:13] [2026-08-28 10:57:13.399] [INPUT] [TavernScene] Key: KEY_EVENT -> Action: CONFIRM

[10:57:13] [2026-08-28 10:57:13.526] [INPUT] [TavernScene] Key: KEY_EVENT -> Action: LEFT

[10:57:17] [2026-08-28 10:57:17.159] [INFO] [Intent] Input Z/ESPAÇO recebido: Iniciando interação com alvo [john_bardem].

[10:57:17] [2026-08-28 10:57:17.160] [DIALOGUE] [START] Speaker: John Bardem | "Fique frio e não faça movimentos bruscos."

[10:57:17] [2026-08-28 10:57:17.167] [INPUT] [TavernScene] Key: KEY_EVENT -> Action: CONFIRM

[10:57:17] [2026-08-28 10:57:17.334] [INFO] [Intent] Input Z/ESPAÇO recebido: Avançando ou finalizando caixa de diálogo atual.

[10:57:17] [2026-08-28 10:57:17.335] [INPUT] [TavernScene] Key: KEY_EVENT -> Action: CONFIRM

[10:57:17] [2026-08-28 10:57:17.559] [INFO] [Intent] Input Z/ESPAÇO recebido: Avançando ou finalizando caixa de diálogo atual.

[10:57:17] [2026-08-28 10:57:17.559] [DIALOGUE] [NEXT] Speaker: John Bardem | "Vê aquele mercenário perto da mesa? O que acha de agir?"

[10:57:17] [2026-08-28 10:57:17.561] [INPUT] [TavernScene] Key: KEY_EVENT -> Action: CONFIRM

[10:57:17] [2026-08-28 10:57:17.807] [INFO] [Intent] Input Z/ESPAÇO recebido: Avançando ou finalizando caixa de diálogo atual.

[10:57:17] [2026-08-28 10:57:17.812] [INPUT] [TavernScene] Key: KEY_EVENT -> Action: CONFIRM

[10:57:18] [2026-08-28 10:57:18.198] [INFO] [Intent] Input Z/ESPAÇO recebido: Avançando ou finalizando caixa de diálogo atual.

[10:57:18] [2026-08-28 10:57:18.198] [DIALOGUE] [CHOICE] Speaker: John Bardem | "[Positiva] Oferecer cobertura caso o mercenário reaja."

[10:57:18] [2026-08-28 10:57:18.199] [INPUT] [TavernScene] Key: KEY_EVENT -> Action: CONFIRM

[10:57:18] [2026-08-28 10:57:18.480] [INFO] [Intent] Input Z/ESPAÇO recebido: Avançando ou finalizando caixa de diálogo atual.

[10:57:18] [2026-08-28 10:57:18.481] [INPUT] [TavernScene] Key: KEY_EVENT -> Action: CONFIRM

[10:57:18] [2026-08-28 10:57:18.886] [INFO] [Intent] Input Z/ESPAÇO recebido: Avançando ou finalizando caixa de diálogo atual.

[10:57:18] [2026-08-28 10:57:18.886] [DIALOGUE] [END] Speaker: 

[10:57:18] [2026-08-28 10:57:18.886] [INPUT] [TavernScene] Key: KEY_EVENT -> Action: CONFIRM

[10:57:19] [2026-08-28 10:57:19.351] [INPUT] [TavernScene] Key: KEY_EVENT -> Action: RIGHT

[10:57:20] [2026-08-28 10:57:20.430] [INPUT] [TavernScene] Key: KEY_EVENT -> Action: DOWN

[10:57:20] [2026-08-28 10:57:20.844] [DIALOGUE] [START] Speaker: Rhogar (Pensamento) | "Preciso falar com Joseph Sylven sobre nosso passado antes de sair para as ruas de Rastphen."

[10:58:40] [2026-08-28 10:58:40.054] [INFO] [Intent] Input Z/ESPAÇO recebido: Avançando ou finalizando caixa de diálogo atual.

[10:58:40] [2026-08-28 10:58:40.055] [DIALOGUE] [END] Speaker: 

[10:58:40] [2026-08-28 10:58:40.055] [INPUT] [TavernScene] Key: KEY_EVENT -> Action: CONFIRM

[10:58:41] [2026-08-28 10:58:41.326] [INPUT] [TavernScene] Key: KEY_EVENT -> Action: RIGHT

[10:58:41] [2026-08-28 10:58:41.551] [INPUT] [TavernScene] Key: KEY_EVENT -> Action: DOWN

[10:58:41] [2026-08-28 10:58:41.707] [DIALOGUE] [START] Speaker: Rhogar (Pensamento) | "Preciso falar com Joseph Sylven sobre nosso passado antes de sair para as ruas de Rastphen."

[10:58:42] [2026-08-28 10:58:42.209] [INFO] [Intent] Input Z/ESPAÇO recebido: Avançando ou finalizando caixa de diálogo atual.

[10:58:42] [2026-08-28 10:58:42.210] [INPUT] [TavernScene] Key: KEY_EVENT -> Action: CONFIRM

[10:58:42] [2026-08-28 10:58:42.446] [INFO] [Intent] Input Z/ESPAÇO recebido: Avançando ou finalizando caixa de diálogo atual.

[10:58:42] [2026-08-28 10:58:42.446] [DIALOGUE] [END] Speaker: 

[10:58:42] [2026-08-28 10:58:42.447] [INPUT] [TavernScene] Key: KEY_EVENT -> Action: CONFIRM

[10:58:42] [2026-08-28 10:58:42.894] [INPUT] [TavernScene] Key: KEY_EVENT -> Action: UP

[10:58:43] [2026-08-28 10:58:43.071] [INPUT] [TavernScene] Key: KEY_EVENT -> Action: RIGHT

[10:58:57] [2026-08-28 10:58:57.454] [INPUT] [TavernScene] Key: KEY_EVENT -> Action: RIGHT

[10:58:57] [2026-08-28 10:58:57.702] [INPUT] [TavernScene] Key: KEY_EVENT -> Action: UP

[10:58:58] [2026-08-28 10:58:58.102] [INPUT] [TavernScene] Key: KEY_EVENT -> Action: DOWN

[10:58:58] [2026-08-28 10:58:58.926] [INPUT] [TavernScene] Key: KEY_EVENT -> Action: RIGHT

[10:58:59] [2026-08-28 10:58:59.271] [INFO] [Intent] Input Z/ESPAÇO recebido: Iniciando interação com alvo [joseph_sylven].

[10:58:59] [2026-08-28 10:58:59.272] [DIALOGUE] [START] Speaker: Joseph Sylven | "Rhogar, meu rapaz. Vejo que a herança da sua mãe, a lâmina de Brentel, ainda pesa em suas costas."

[10:58:59] [2026-08-28 10:58:59.274] [INPUT] [TavernScene] Key: KEY_EVENT -> Action: CONFIRM

[10:58:59] [2026-08-28 10:58:59.614] [INFO] [Intent] Input Z/ESPAÇO recebido: Avançando ou finalizando caixa de diálogo atual.

[10:58:59] [2026-08-28 10:58:59.616] [INPUT] [TavernScene] Key: KEY_EVENT -> Action: CONFIRM

[10:58:59] [2026-08-28 10:58:59.841] [INFO] [Intent] Input Z/ESPAÇO recebido: Avançando ou finalizando caixa de diálogo atual.

[10:58:59] [2026-08-28 10:58:59.842] [DIALOGUE] [NEXT] Speaker: Joseph Sylven | "Aquela emboscada em Estayler ainda o assombra, não é? Lembre-se do que houve na carroça de escravos..."

[10:58:59] [2026-08-28 10:58:59.843] [INPUT] [TavernScene] Key: KEY_EVENT -> Action: CONFIRM

[10:59:00] [2026-08-28 10:59:00.198] [INFO] [Intent] Input Z/ESPAÇO recebido: Avançando ou finalizando caixa de diálogo atual.

[10:59:00] [2026-08-28 10:59:00.200] [INPUT] [TavernScene] Key: KEY_EVENT -> Action: CONFIRM

[10:59:00] [2026-08-28 10:59:00.430] [INFO] [Intent] Input Z/ESPAÇO recebido: Avançando ou finalizando caixa de diálogo atual.

[10:59:00] [2026-08-28 10:59:00.431] [DIALOGUE] [END] Speaker: 

[10:59:00] [2026-08-28 10:59:00.431] [INFO] [TavernScene] Rhogar lembrou do passado. Iniciando Flashback...

[10:59:00] [2026-08-28 10:59:00.431] [INPUT] [TavernScene] Key: KEY_EVENT -> Action: CONFIRM

[10:59:01] [2026-08-28 10:59:01.011] [DIALOGUE] [START] Speaker: Iksar | "Ora, ora... um draconato intrometido! Guardas, ensinem uma lição a esse lagarto!"

[10:59:02] [2026-08-28 10:59:02.425] [DIALOGUE] [NEXT] Speaker: Rhogar | "Solte a garota, Iksar. Essa covardia termina aqui!"

[10:59:03] [2026-08-28 10:59:03.446] [DIALOGUE] [END] Speaker: 

[10:59:04] [2026-08-28 10:59:04.025] [INFO] [BattleScene] Combate iniciado com suporte total a Teclado.

[10:59:04] [2026-08-28 10:59:04.026] [INFO] [InputManager] InputManager acoplado à cena atual.

[10:59:04] [2026-08-28 10:59:04.470] [INPUT] [BattleScene] Key: KEY_EVENT -> Action: CONFIRM

[10:59:04] [2026-08-28 10:59:04.656] [INFO] [Player] Rhogar Tordan atacou Guarda de Estayler A causando 18 de dano.

[10:59:04] [2026-08-28 10:59:04.666] [INPUT] [BattleScene] Key: KEY_EVENT -> Action: CONFIRM

[10:59:04] [2026-08-28 10:59:04.830] [INPUT] [BattleScene] Key: KEY_EVENT -> Action: CONFIRM

[10:59:04] [2026-08-28 10:59:04.998] [INPUT] [BattleScene] Key: KEY_EVENT -> Action: CONFIRM

[10:59:05] [2026-08-28 10:59:05.159] [INPUT] [BattleScene] Key: KEY_EVENT -> Action: CONFIRM

[10:59:05] [2026-08-28 10:59:05.335] [INPUT] [BattleScene] Key: KEY_EVENT -> Action: CONFIRM

[10:59:05] [2026-08-28 10:59:05.439] [INFO] [BattleScene] Turno dos Inimigos.

[10:59:05] [2026-08-28 10:59:05.439] [INFO] [Player] Rhogar Tordan sofreu 1 de dano e gerou fúria. HP: 119, Fúria: 25

[10:59:05] [2026-08-28 10:59:05.441] [INFO] [Player] Rhogar Tordan sofreu 1 de dano e gerou fúria. HP: 118, Fúria: 40

[10:59:05] [2026-08-28 10:59:05.529] [INPUT] [BattleScene] Key: KEY_EVENT -> Action: CONFIRM

[10:59:05] [2026-08-28 10:59:05.710] [INFO] [Player] Rhogar Tordan atacou Guarda de Estayler A causando 18 de dano.

[10:59:05] [2026-08-28 10:59:05.712] [INPUT] [BattleScene] Key: KEY_EVENT -> Action: CONFIRM

[10:59:05] [2026-08-28 10:59:05.903] [INPUT] [BattleScene] Key: KEY_EVENT -> Action: CONFIRM

[10:59:06] [2026-08-28 10:59:06.118] [INPUT] [BattleScene] Key: KEY_EVENT -> Action: CONFIRM

[10:59:06] [2026-08-28 10:59:06.319] [INPUT] [BattleScene] Key: KEY_EVENT -> Action: CONFIRM

[10:59:06] [2026-08-28 10:59:06.505] [INFO] [BattleScene] Turno dos Inimigos.

[10:59:06] [2026-08-28 10:59:06.506] [INFO] [Player] Rhogar Tordan sofreu 1 de dano e gerou fúria. HP: 117, Fúria: 65

[10:59:06] [2026-08-28 10:59:06.507] [INFO] [Player] Rhogar Tordan sofreu 1 de dano e gerou fúria. HP: 116, Fúria: 80

[10:59:06] [2026-08-28 10:59:06.541] [INPUT] [BattleScene] Key: KEY_EVENT -> Action: CONFIRM

[10:59:06] [2026-08-28 10:59:06.743] [INFO] [Player] Rhogar Tordan atacou Guarda de Estayler A causando 18 de dano.

[10:59:06] [2026-08-28 10:59:06.745] [INPUT] [BattleScene] Key: KEY_EVENT -> Action: CONFIRM

[10:59:06] [2026-08-28 10:59:06.943] [INPUT] [BattleScene] Key: KEY_EVENT -> Action: CONFIRM

[10:59:07] [2026-08-28 10:59:07.143] [INPUT] [BattleScene] Key: KEY_EVENT -> Action: CONFIRM

[10:59:07] [2026-08-28 10:59:07.366] [INPUT] [BattleScene] Key: KEY_EVENT -> Action: CONFIRM

[10:59:07] [2026-08-28 10:59:07.555] [INFO] [BattleScene] Turno dos Inimigos.

[10:59:07] [2026-08-28 10:59:07.557] [INFO] [Player] Rhogar Tordan sofreu 1 de dano e gerou fúria. HP: 115, Fúria: 100

[10:59:07] [2026-08-28 10:59:07.566] [INPUT] [BattleScene] Key: KEY_EVENT -> Action: CONFIRM

[10:59:07] [2026-08-28 10:59:07.767] [INFO] [Player] Rhogar Tordan atacou Guarda de Estayler B causando 18 de dano.

[10:59:07] [2026-08-28 10:59:07.768] [INPUT] [BattleScene] Key: KEY_EVENT -> Action: CONFIRM

[10:59:07] [2026-08-28 10:59:07.951] [INPUT] [BattleScene] Key: KEY_EVENT -> Action: CONFIRM

[10:59:08] [2026-08-28 10:59:08.150] [INPUT] [BattleScene] Key: KEY_EVENT -> Action: CONFIRM

[10:59:08] [2026-08-28 10:59:08.367] [INPUT] [BattleScene] Key: KEY_EVENT -> Action: CONFIRM

[10:59:08] [2026-08-28 10:59:08.558] [INPUT] [BattleScene] Key: KEY_EVENT -> Action: CONFIRM

[10:59:08] [2026-08-28 10:59:08.572] [INFO] [BattleScene] Turno dos Inimigos.

[10:59:08] [2026-08-28 10:59:08.572] [INFO] [Player] Rhogar Tordan sofreu 1 de dano e gerou fúria. HP: 114, Fúria: 100

[10:59:08] [2026-08-28 10:59:08.783] [INPUT] [BattleScene] Key: KEY_EVENT -> Action: CONFIRM

[10:59:08] [2026-08-28 10:59:08.975] [INFO] [Player] Rhogar Tordan atacou Guarda de Estayler B causando 18 de dano.

[10:59:08] [2026-08-28 10:59:08.977] [INPUT] [BattleScene] Key: KEY_EVENT -> Action: CONFIRM

[10:59:09] [2026-08-28 10:59:09.191] [INPUT] [BattleScene] Key: KEY_EVENT -> Action: CONFIRM

[10:59:09] [2026-08-28 10:59:09.424] [INPUT] [BattleScene] Key: KEY_EVENT -> Action: CONFIRM

[10:59:09] [2026-08-28 10:59:09.630] [INPUT] [BattleScene] Key: KEY_EVENT -> Action: CONFIRM

[10:59:09] [2026-08-28 10:59:09.789] [INFO] [BattleScene] Turno dos Inimigos.

[10:59:09] [2026-08-28 10:59:09.790] [INFO] [Player] Rhogar Tordan sofreu 1 de dano e gerou fúria. HP: 113, Fúria: 100

[10:59:09] [2026-08-28 10:59:09.919] [INPUT] [BattleScene] Key: KEY_EVENT -> Action: CONFIRM

[10:59:10] [2026-08-28 10:59:10.246] [INFO] [Player] Rhogar Tordan atacou Guarda de Estayler B causando 18 de dano.

[10:59:10] [2026-08-28 10:59:10.247] [INFO] [BattleScene] Batalha vencida (Multi-Alvo)!

[10:59:10] [2026-08-28 10:59:10.250] [INPUT] [BattleScene] Key: KEY_EVENT -> Action: CONFIRM

[10:59:10] [2026-08-28 10:59:10.494] [INPUT] [BattleScene] Key: KEY_EVENT -> Action: CONFIRM

[10:59:10] [2026-08-28 10:59:10.727] [INPUT] [BattleScene] Key: KEY_EVENT -> Action: CONFIRM

[10:59:10] [2026-08-28 10:59:10.958] [INPUT] [BattleScene] Key: KEY_EVENT -> Action: CONFIRM

[10:59:11] [2026-08-28 10:59:11.215] [INPUT] [BattleScene] Key: KEY_EVENT -> Action: CONFIRM

[10:59:11] [2026-08-28 10:59:11.648] [INPUT] [BattleScene] Key: KEY_EVENT -> Action: CONFIRM

[10:59:12] [2026-08-28 10:59:12.275] [INFO] [RewardScene] Cena de Recompensa iniciada. Retorno agendado para: TavernScene

[10:59:12] [2026-08-28 10:59:12.288] [INFO] [SaveManager] Progresso salvo com sucesso via LocalStorage (Fallback).

[10:59:13] [2026-08-28 10:59:13.599] [INFO] [RewardScene] Retornando para a cena: TavernScene

[10:59:14] [2026-08-28 10:59:14.589] [QUEST] quest_01_flashback -> completed

[10:59:14] [2026-08-28 10:59:14.590] [QUEST] quest_02_temple -> active

[10:59:14] [2026-08-28 10:59:14.590] [INFO] [WorldManager] Iniciando transição: RewardScene -> TavernScene {"x":700,"y":480,"returnedFromFlashback":true,"battleOutcome":"victory"}

[10:59:14] [2026-08-28 10:59:14.594] [ERROR] [UnhandledException] Uncaught ReferenceError: Phaser is not defined at http://localhost:3000/src/services/WorldManager.js:48:36 "ReferenceError: Phaser is not defined\n    at WorldManager.transitionTo (http://localhost:3000/src/services/WorldManager.js:48:36)\n    at Camera.<anonymous> (http://localhost:3000/src/scenes/RewardScene.js:91:24)\n    at Camera.emit (http://localhost:3000/node_modules/.vite/deps/phaser.js?v=8d46fc34:129:34)\n    at Fade.effectComplete (http://localhost:3000/node_modules/.vite/deps/phaser.js?v=8d46fc34:9684:17)\n    at Fade.update (http://localhost:3000/node_modules/.vite/deps/phaser.js?v=8d46fc34:9639:11)\n    at Camera.update (http://localhost:3000/node_modules/.vite/deps/phaser.js?v=8d46fc34:8868:22)\n    at CameraManager.update (http://localhost:3000/node_modules/.vite/deps/phaser.js?v=8d46fc34:9370:67)\n    at EventEmitter.emit (http://localhost:3000/node_modules/.vite/deps/phaser.js?v=8d46fc34:148:24)\n    at Systems.step (http://localhost:3000/node_modules/.vite/deps/phaser.js?v=8d46fc34:155255:12)\n    at SceneManager.update (http://localhost:3000/node_modules/.vite/deps/phaser.js?v=8d46fc34:153257:89)"

[10:59:18] [2026-08-28 10:59:18.159] [INFO] [RewardScene] Retornando para a cena: TavernScene

[10:59:19] [2026-08-28 10:59:19.350] [INFO] [RewardScene] Retornando para a cena: TavernScene

[10:59:19] [2026-08-28 10:59:19.350] [INFO] [RewardScene] Retornando para a cena: TavernScene

[10:59:19] [2026-08-28 10:59:19.486] [INFO] [RewardScene] Retornando para a cena: TavernScene

[10:59:19] [2026-08-28 10:59:19.487] [INFO] [RewardScene] Retornando para a cena: TavernScene

[10:59:20] [2026-08-28 10:59:20.040] [INFO] [RewardScene] Retornando para a cena: TavernScene

[10:59:20] [2026-08-28 10:59:20.040] [INFO] [RewardScene] Retornando para a cena: TavernScene

[10:59:20] [2026-08-28 10:59:20.040] [INFO] [RewardScene] Retornando para a cena: TavernScene

[10:59:20] [2026-08-28 10:59:20.198] [INFO] [RewardScene] Retornando para a cena: TavernScene

[10:59:20] [2026-08-28 10:59:20.198] [INFO] [RewardScene] Retornando para a cena: TavernScene

[10:59:20] [2026-08-28 10:59:20.198] [INFO] [RewardScene] Retornando para a cena: TavernScene

[10:59:20] [2026-08-28 10:59:20.678] [INFO] [RewardScene] Retornando para a cena: TavernScene

[10:59:20] [2026-08-28 10:59:20.678] [INFO] [RewardScene] Retornando para a cena: TavernScene

[10:59:20] [2026-08-28 10:59:20.678] [INFO] [RewardScene] Retornando para a cena: TavernScene

[10:59:20] [2026-08-28 10:59:20.679] [INFO] [RewardScene] Retornando para a cena: TavernScene

[10:59:20] [2026-08-28 10:59:20.806] [INFO] [RewardScene] Retornando para a cena: TavernScene

[10:59:20] [2026-08-28 10:59:20.806] [INFO] [RewardScene] Retornando para a cena: TavernScene

[10:59:20] [2026-08-28 10:59:20.806] [INFO] [RewardScene] Retornando para a cena: TavernScene

[10:59:20] [2026-08-28 10:59:20.806] [INFO] [RewardScene] Retornando para a cena: TavernScene

[11:02:22] [INIT] Logger inicializado e conectado ao Electron.
[11:02:22] [2026-08-28 11:02:22.790] [INFO] [PreloadScene] Assets procedurais provisórios gerados com sucesso.

[11:02:22] [2026-08-28 11:02:22.810] [INFO] [SaveManager] Progresso lido do LocalStorage.

[11:02:22] [2026-08-28 11:02:22.816] [INFO] [InputManager] InputManager acoplado à cena atual.

[11:02:22] [2026-08-28 11:02:22.820] [INFO] [MenuScene] Cena de Menu criada e inputs vinculados.

[11:02:48] [2026-08-28 11:02:48.976] [INFO] [MenuScene] Ação: Iniciar Novo Jogo (TavernScene)

[11:02:48] [2026-08-28 11:02:48.976] [INFO] [QuestManager] Progresso das missões resetado para novo jogo.

[11:02:48] [2026-08-28 11:02:48.977] [INPUT] [MenuScene] Key: KEY_EVENT -> Action: CONFIRM

[11:02:48] [2026-08-28 11:02:48.980] [INFO] [QuestManager] Banco de missões inicializado.

[11:02:49] [2026-08-28 11:02:49.008] [INFO] [InputManager] InputManager acoplado à cena atual.

[11:02:49] [2026-08-28 11:02:49.011] [INFO] [TavernScene] Ambiente da Taverna criado.

[11:02:49] [2026-08-28 11:02:49.881] [INPUT] [TavernScene] Key: KEY_EVENT -> Action: UP

[11:02:51] [2026-08-28 11:02:51.181] [INPUT] [TavernScene] Key: KEY_EVENT -> Action: LEFT

[11:02:52] [2026-08-28 11:02:52.253] [INPUT] [TavernScene] Key: KEY_EVENT -> Action: DOWN

[11:02:52] [2026-08-28 11:02:52.687] [INFO] [Intent] Input Z/ESPAÇO recebido: Iniciando interação com alvo [veronica_stinfy].

[11:02:52] [2026-08-28 11:02:52.688] [DIALOGUE] [START] Speaker: Verônica Stinfy | "A magia abissal... Ela contorce a trama da realidade de formas interessantes."

[11:02:52] [2026-08-28 11:02:52.695] [INPUT] [TavernScene] Key: KEY_EVENT -> Action: CONFIRM

[11:02:53] [2026-08-28 11:02:53.086] [INFO] [Intent] Input Z/ESPAÇO recebido: Avançando ou finalizando caixa de diálogo atual.

[11:02:53] [2026-08-28 11:02:53.090] [INPUT] [TavernScene] Key: KEY_EVENT -> Action: CONFIRM

[11:02:53] [2026-08-28 11:02:53.360] [INFO] [Intent] Input Z/ESPAÇO recebido: Avançando ou finalizando caixa de diálogo atual.

[11:02:53] [2026-08-28 11:02:53.360] [DIALOGUE] [NEXT] Speaker: Verônica Stinfy | "O que você quer, meio-elfo?"

[11:02:53] [2026-08-28 11:02:53.362] [INPUT] [TavernScene] Key: KEY_EVENT -> Action: CONFIRM

[11:02:53] [2026-08-28 11:02:53.864] [INFO] [Intent] Input Z/ESPAÇO recebido: Avançando ou finalizando caixa de diálogo atual.

[11:02:53] [2026-08-28 11:02:53.873] [INPUT] [TavernScene] Key: KEY_EVENT -> Action: CONFIRM

[11:02:54] [2026-08-28 11:02:54.280] [INFO] [Intent] Input Z/ESPAÇO recebido: Avançando ou finalizando caixa de diálogo atual.

[11:02:54] [2026-08-28 11:02:54.281] [DIALOGUE] [CHOICE] Speaker: Verônica Stinfy | "[Positiva] Oferecer cooperação contra os cultistas."

[11:02:54] [2026-08-28 11:02:54.283] [INPUT] [TavernScene] Key: KEY_EVENT -> Action: CONFIRM

[11:02:54] [2026-08-28 11:02:54.727] [INFO] [Intent] Input Z/ESPAÇO recebido: Avançando ou finalizando caixa de diálogo atual.

[11:02:54] [2026-08-28 11:02:54.730] [INPUT] [TavernScene] Key: KEY_EVENT -> Action: CONFIRM

[11:02:55] [2026-08-28 11:02:55.159] [INFO] [Intent] Input Z/ESPAÇO recebido: Avançando ou finalizando caixa de diálogo atual.

[11:02:55] [2026-08-28 11:02:55.160] [DIALOGUE] [NEXT] Speaker: Verônica Stinfy | "Agora não me incomode. Estou trabalhando."

[11:02:55] [2026-08-28 11:02:55.163] [INPUT] [TavernScene] Key: KEY_EVENT -> Action: CONFIRM

[11:02:55] [2026-08-28 11:02:55.534] [INPUT] [TavernScene] Key: KEY_EVENT -> Action: RIGHT

[11:02:55] [2026-08-28 11:02:55.648] [INFO] [Intent] Input Z/ESPAÇO recebido: Avançando ou finalizando caixa de diálogo atual.

[11:02:55] [2026-08-28 11:02:55.649] [INPUT] [TavernScene] Key: KEY_EVENT -> Action: CONFIRM

[11:02:56] [2026-08-28 11:02:56.054] [INFO] [Intent] Input Z/ESPAÇO recebido: Avançando ou finalizando caixa de diálogo atual.

[11:02:56] [2026-08-28 11:02:56.054] [DIALOGUE] [END] Speaker: 

[11:02:56] [2026-08-28 11:02:56.055] [INPUT] [TavernScene] Key: KEY_EVENT -> Action: CONFIRM

[11:02:56] [2026-08-28 11:02:56.253] [INPUT] [TavernScene] Key: KEY_EVENT -> Action: RIGHT

[11:02:56] [2026-08-28 11:02:56.481] [INPUT] [TavernScene] Key: KEY_EVENT -> Action: UP

[11:02:57] [2026-08-28 11:02:57.447] [INFO] [Intent] Input Z/ESPAÇO recebido: Iniciando interação com alvo [hilda].

[11:02:57] [2026-08-28 11:02:57.451] [INPUT] [TavernScene] Key: KEY_EVENT -> Action: CONFIRM

[11:02:57] [2026-08-28 11:02:57.664] [INFO] [Intent] Input Z/ESPAÇO recebido: Avançando ou finalizando caixa de diálogo atual.

[11:02:57] [2026-08-28 11:02:57.665] [INFO] [InventoryManager] Item adicionado: potion_heal x1

[11:02:57] [2026-08-28 11:02:57.666] [INFO] [ShopUI] Comprou Poção de Vida por 20 PO

[11:02:57] [2026-08-28 11:02:57.666] [INPUT] [TavernScene] Key: KEY_EVENT -> Action: CONFIRM

[11:02:58] [2026-08-28 11:02:58.240] [INPUT] [TavernScene] Key: KEY_EVENT -> Action: DOWN

[11:02:58] [2026-08-28 11:02:58.431] [INPUT] [TavernScene] Key: KEY_EVENT -> Action: DOWN

[11:02:58] [2026-08-28 11:02:58.750] [INFO] [Intent] Input Z/ESPAÇO recebido: Avançando ou finalizando caixa de diálogo atual.

[11:02:58] [2026-08-28 11:02:58.751] [INPUT] [TavernScene] Key: KEY_EVENT -> Action: CONFIRM

[11:02:59] [2026-08-28 11:02:59.005] [INPUT] [TavernScene] Key: KEY_EVENT -> Action: RIGHT

[11:02:59] [2026-08-28 11:02:59.182] [INPUT] [TavernScene] Key: KEY_EVENT -> Action: DOWN

[11:03:00] [2026-08-28 11:03:00.114] [INPUT] [TavernScene] Key: KEY_EVENT -> Action: UP

[11:03:00] [2026-08-28 11:03:00.264] [INPUT] [TavernScene] Key: KEY_EVENT -> Action: RIGHT

[11:03:00] [2026-08-28 11:03:00.742] [INPUT] [TavernScene] Key: KEY_EVENT -> Action: RIGHT

[11:03:00] [2026-08-28 11:03:00.897] [INPUT] [TavernScene] Key: KEY_EVENT -> Action: UP

[11:03:01] [2026-08-28 11:03:01.482] [INFO] [Intent] Input Z/ESPAÇO recebido: Iniciando interação com alvo [traudon_alicia].

[11:03:01] [2026-08-28 11:03:01.482] [DIALOGUE] [START] Speaker: Traudon | "Ah... damascos em calda com cerveja, a perfeição da culinária anã! Não é mesmo, Alícia?"

[11:03:01] [2026-08-28 11:03:01.486] [INPUT] [TavernScene] Key: KEY_EVENT -> Action: CONFIRM

[11:03:01] [2026-08-28 11:03:01.742] [INFO] [Intent] Input Z/ESPAÇO recebido: Avançando ou finalizando caixa de diálogo atual.

[11:03:01] [2026-08-28 11:03:01.743] [INPUT] [TavernScene] Key: KEY_EVENT -> Action: CONFIRM

[11:03:01] [2026-08-28 11:03:01.997] [INFO] [Intent] Input Z/ESPAÇO recebido: Avançando ou finalizando caixa de diálogo atual.

[11:03:01] [2026-08-28 11:03:01.998] [DIALOGUE] [NEXT] Speaker: Alícia | "Você devia focar na sua magia, Traudon. Diga a ele, viajante."

[11:03:01] [2026-08-28 11:03:01.999] [INPUT] [TavernScene] Key: KEY_EVENT -> Action: CONFIRM

[11:03:02] [2026-08-28 11:03:02.414] [INFO] [Intent] Input Z/ESPAÇO recebido: Avançando ou finalizando caixa de diálogo atual.

[11:03:02] [2026-08-28 11:03:02.419] [INPUT] [TavernScene] Key: KEY_EVENT -> Action: CONFIRM

[11:03:02] [2026-08-28 11:03:02.686] [INFO] [Intent] Input Z/ESPAÇO recebido: Avançando ou finalizando caixa de diálogo atual.

[11:03:02] [2026-08-28 11:03:02.686] [DIALOGUE] [CHOICE] Speaker: Alícia | "[Positiva] Apreciar a melodia do alaúde de Alícia."

[11:03:02] [2026-08-28 11:03:02.687] [INPUT] [TavernScene] Key: KEY_EVENT -> Action: CONFIRM

[11:03:03] [2026-08-28 11:03:03.087] [INFO] [Intent] Input Z/ESPAÇO recebido: Avançando ou finalizando caixa de diálogo atual.

[11:03:03] [2026-08-28 11:03:03.088] [INPUT] [TavernScene] Key: KEY_EVENT -> Action: CONFIRM

[11:03:03] [2026-08-28 11:03:03.590] [INFO] [Intent] Input Z/ESPAÇO recebido: Avançando ou finalizando caixa de diálogo atual.

[11:03:03] [2026-08-28 11:03:03.591] [DIALOGUE] [NEXT] Speaker: Traudon | "Bah, não ligue para ela. Um druida anão retira seu poder da terra e dos doces!"

[11:03:03] [2026-08-28 11:03:03.592] [INPUT] [TavernScene] Key: KEY_EVENT -> Action: CONFIRM

[11:03:03] [2026-08-28 11:03:03.975] [INFO] [Intent] Input Z/ESPAÇO recebido: Avançando ou finalizando caixa de diálogo atual.

[11:03:03] [2026-08-28 11:03:03.976] [INPUT] [TavernScene] Key: KEY_EVENT -> Action: CONFIRM

[11:03:04] [2026-08-28 11:03:04.398] [INFO] [Intent] Input Z/ESPAÇO recebido: Avançando ou finalizando caixa de diálogo atual.

[11:03:04] [2026-08-28 11:03:04.398] [DIALOGUE] [END] Speaker: 

[11:03:04] [2026-08-28 11:03:04.398] [INPUT] [TavernScene] Key: KEY_EVENT -> Action: CONFIRM

[11:03:04] [2026-08-28 11:03:04.838] [INPUT] [TavernScene] Key: KEY_EVENT -> Action: LEFT

[11:03:05] [2026-08-28 11:03:05.046] [INPUT] [TavernScene] Key: KEY_EVENT -> Action: DOWN

[11:03:05] [2026-08-28 11:03:05.447] [INPUT] [TavernScene] Key: KEY_EVENT -> Action: LEFT

[11:03:06] [2026-08-28 11:03:06.342] [INPUT] [TavernScene] Key: KEY_EVENT -> Action: DOWN

[11:03:08] [2026-08-28 11:03:08.071] [INFO] [Intent] Input Z/ESPAÇO recebido: Iniciando interação com alvo [john_bardem].

[11:03:08] [2026-08-28 11:03:08.071] [DIALOGUE] [START] Speaker: John Bardem | "Fique frio e não faça movimentos bruscos."

[11:03:08] [2026-08-28 11:03:08.076] [INPUT] [TavernScene] Key: KEY_EVENT -> Action: CONFIRM

[11:03:08] [2026-08-28 11:03:08.327] [INFO] [Intent] Input Z/ESPAÇO recebido: Avançando ou finalizando caixa de diálogo atual.

[11:03:08] [2026-08-28 11:03:08.328] [INPUT] [TavernScene] Key: KEY_EVENT -> Action: CONFIRM

[11:03:08] [2026-08-28 11:03:08.630] [INFO] [Intent] Input Z/ESPAÇO recebido: Avançando ou finalizando caixa de diálogo atual.

[11:03:08] [2026-08-28 11:03:08.630] [DIALOGUE] [NEXT] Speaker: John Bardem | "Vê aquele mercenário perto da mesa? O que acha de agir?"

[11:03:08] [2026-08-28 11:03:08.632] [INPUT] [TavernScene] Key: KEY_EVENT -> Action: CONFIRM

[11:03:09] [2026-08-28 11:03:09.046] [INFO] [Intent] Input Z/ESPAÇO recebido: Avançando ou finalizando caixa de diálogo atual.

[11:03:09] [2026-08-28 11:03:09.052] [INPUT] [TavernScene] Key: KEY_EVENT -> Action: CONFIRM

[11:03:09] [2026-08-28 11:03:09.510] [INFO] [Intent] Input Z/ESPAÇO recebido: Avançando ou finalizando caixa de diálogo atual.

[11:03:09] [2026-08-28 11:03:09.511] [DIALOGUE] [CHOICE] Speaker: John Bardem | "[Positiva] Oferecer cobertura caso o mercenário reaja."

[11:03:09] [2026-08-28 11:03:09.512] [INPUT] [TavernScene] Key: KEY_EVENT -> Action: CONFIRM

[11:03:09] [2026-08-28 11:03:09.814] [INFO] [Intent] Input Z/ESPAÇO recebido: Avançando ou finalizando caixa de diálogo atual.

[11:03:09] [2026-08-28 11:03:09.815] [INPUT] [TavernScene] Key: KEY_EVENT -> Action: CONFIRM

[11:03:10] [2026-08-28 11:03:10.303] [INFO] [Intent] Input Z/ESPAÇO recebido: Avançando ou finalizando caixa de diálogo atual.

[11:03:10] [2026-08-28 11:03:10.303] [DIALOGUE] [END] Speaker: 

[11:03:10] [2026-08-28 11:03:10.303] [INPUT] [TavernScene] Key: KEY_EVENT -> Action: CONFIRM

[11:03:10] [2026-08-28 11:03:10.726] [INPUT] [TavernScene] Key: KEY_EVENT -> Action: RIGHT

[11:03:14] [2026-08-28 11:03:14.230] [INFO] [Intent] Input Z/ESPAÇO recebido: Iniciando interação com alvo [joseph_sylven].

[11:03:14] [2026-08-28 11:03:14.231] [DIALOGUE] [START] Speaker: Joseph Sylven | "Rhogar, meu rapaz. Vejo que a herança da sua mãe, a lâmina de Brentel, ainda pesa em suas costas."

[11:03:14] [2026-08-28 11:03:14.232] [INPUT] [TavernScene] Key: KEY_EVENT -> Action: CONFIRM

[11:03:14] [2026-08-28 11:03:14.439] [INFO] [Intent] Input Z/ESPAÇO recebido: Avançando ou finalizando caixa de diálogo atual.

[11:03:14] [2026-08-28 11:03:14.441] [INPUT] [TavernScene] Key: KEY_EVENT -> Action: CONFIRM

[11:03:14] [2026-08-28 11:03:14.614] [INFO] [Intent] Input Z/ESPAÇO recebido: Avançando ou finalizando caixa de diálogo atual.

[11:03:14] [2026-08-28 11:03:14.614] [DIALOGUE] [NEXT] Speaker: Joseph Sylven | "Aquela emboscada em Estayler ainda o assombra, não é? Lembre-se do que houve na carroça de escravos..."

[11:03:14] [2026-08-28 11:03:14.615] [INPUT] [TavernScene] Key: KEY_EVENT -> Action: CONFIRM

[11:03:14] [2026-08-28 11:03:14.782] [INFO] [Intent] Input Z/ESPAÇO recebido: Avançando ou finalizando caixa de diálogo atual.

[11:03:14] [2026-08-28 11:03:14.783] [INPUT] [TavernScene] Key: KEY_EVENT -> Action: CONFIRM

[11:03:14] [2026-08-28 11:03:14.934] [INFO] [Intent] Input Z/ESPAÇO recebido: Avançando ou finalizando caixa de diálogo atual.

[11:03:14] [2026-08-28 11:03:14.934] [DIALOGUE] [END] Speaker: 

[11:03:14] [2026-08-28 11:03:14.934] [INFO] [TavernScene] Rhogar lembrou do passado. Iniciando Flashback...

[11:03:14] [2026-08-28 11:03:14.934] [INPUT] [TavernScene] Key: KEY_EVENT -> Action: CONFIRM

[11:03:15] [2026-08-28 11:03:15.102] [INFO] [Intent] Input Z/ESPAÇO recebido: Iniciando interação com alvo [joseph_sylven].

[11:03:15] [2026-08-28 11:03:15.102] [DIALOGUE] [START] Speaker: Joseph Sylven | "Rhogar, meu rapaz. Vejo que a herança da sua mãe, a lâmina de Brentel, ainda pesa em suas costas."

[11:03:15] [2026-08-28 11:03:15.103] [INPUT] [TavernScene] Key: KEY_EVENT -> Action: CONFIRM

[11:03:15] [2026-08-28 11:03:15.262] [INFO] [Intent] Input Z/ESPAÇO recebido: Avançando ou finalizando caixa de diálogo atual.

[11:03:15] [2026-08-28 11:03:15.263] [INPUT] [TavernScene] Key: KEY_EVENT -> Action: CONFIRM

[11:03:15] [2026-08-28 11:03:15.446] [INFO] [Intent] Input Z/ESPAÇO recebido: Avançando ou finalizando caixa de diálogo atual.

[11:03:15] [2026-08-28 11:03:15.447] [DIALOGUE] [NEXT] Speaker: Joseph Sylven | "Aquela emboscada em Estayler ainda o assombra, não é? Lembre-se do que houve na carroça de escravos..."

[11:03:15] [2026-08-28 11:03:15.448] [INPUT] [TavernScene] Key: KEY_EVENT -> Action: CONFIRM

[11:03:15] [2026-08-28 11:03:15.514] [DIALOGUE] [START] Speaker: Iksar | "Ora, ora... um draconato intrometido! Guardas, ensinem uma lição a esse lagarto!"

[11:03:15] [2026-08-28 11:03:15.838] [DIALOGUE] [NEXT] Speaker: Rhogar | "Solte a garota, Iksar. Essa covardia termina aqui!"

[11:03:16] [2026-08-28 11:03:16.222] [DIALOGUE] [END] Speaker: 

[11:03:16] [2026-08-28 11:03:16.795] [INFO] [BattleScene] Combate iniciado com suporte total a Teclado.

[11:03:16] [2026-08-28 11:03:16.796] [INFO] [InputManager] InputManager acoplado à cena atual.

[11:03:16] [2026-08-28 11:03:16.854] [INPUT] [BattleScene] Key: KEY_EVENT -> Action: CONFIRM

[11:03:17] [2026-08-28 11:03:17.086] [INFO] [Player] Rhogar Tordan atacou Guarda de Estayler A causando 18 de dano.

[11:03:17] [2026-08-28 11:03:17.094] [INPUT] [BattleScene] Key: KEY_EVENT -> Action: CONFIRM

[11:03:17] [2026-08-28 11:03:17.342] [INPUT] [BattleScene] Key: KEY_EVENT -> Action: CONFIRM

[11:03:17] [2026-08-28 11:03:17.582] [INPUT] [BattleScene] Key: KEY_EVENT -> Action: CONFIRM

[11:03:17] [2026-08-28 11:03:17.781] [INPUT] [BattleScene] Key: KEY_EVENT -> Action: CONFIRM

[11:03:17] [2026-08-28 11:03:17.893] [INFO] [BattleScene] Turno dos Inimigos.

[11:03:17] [2026-08-28 11:03:17.894] [INFO] [Player] Rhogar Tordan sofreu 1 de dano e gerou fúria. HP: 119, Fúria: 25

[11:03:17] [2026-08-28 11:03:17.896] [INFO] [Player] Rhogar Tordan sofreu 1 de dano e gerou fúria. HP: 118, Fúria: 40

[11:03:17] [2026-08-28 11:03:17.974] [INPUT] [BattleScene] Key: KEY_EVENT -> Action: CONFIRM

[11:03:18] [2026-08-28 11:03:18.158] [INFO] [Player] Rhogar Tordan atacou Guarda de Estayler A causando 18 de dano.

[11:03:18] [2026-08-28 11:03:18.160] [INPUT] [BattleScene] Key: KEY_EVENT -> Action: CONFIRM

[11:03:18] [2026-08-28 11:03:18.342] [INPUT] [BattleScene] Key: KEY_EVENT -> Action: CONFIRM

[11:03:18] [2026-08-28 11:03:18.534] [INPUT] [BattleScene] Key: KEY_EVENT -> Action: CONFIRM

[11:03:18] [2026-08-28 11:03:18.750] [INPUT] [BattleScene] Key: KEY_EVENT -> Action: CONFIRM

[11:03:18] [2026-08-28 11:03:18.941] [INPUT] [BattleScene] Key: KEY_EVENT -> Action: CONFIRM

[11:03:18] [2026-08-28 11:03:18.960] [INFO] [BattleScene] Turno dos Inimigos.

[11:03:18] [2026-08-28 11:03:18.960] [INFO] [Player] Rhogar Tordan sofreu 1 de dano e gerou fúria. HP: 117, Fúria: 65

[11:03:18] [2026-08-28 11:03:18.961] [INFO] [Player] Rhogar Tordan sofreu 1 de dano e gerou fúria. HP: 116, Fúria: 80

[11:03:19] [2026-08-28 11:03:19.159] [INPUT] [BattleScene] Key: KEY_EVENT -> Action: CONFIRM

[11:03:19] [2026-08-28 11:03:19.366] [INFO] [Player] Rhogar Tordan atacou Guarda de Estayler A causando 18 de dano.

[11:03:19] [2026-08-28 11:03:19.368] [INPUT] [BattleScene] Key: KEY_EVENT -> Action: CONFIRM

[11:03:19] [2026-08-28 11:03:19.574] [INPUT] [BattleScene] Key: KEY_EVENT -> Action: CONFIRM

[11:03:19] [2026-08-28 11:03:19.782] [INPUT] [BattleScene] Key: KEY_EVENT -> Action: CONFIRM

[11:03:20] [2026-08-28 11:03:20.014] [INPUT] [BattleScene] Key: KEY_EVENT -> Action: CONFIRM

[11:03:20] [2026-08-28 11:03:20.177] [INFO] [BattleScene] Turno dos Inimigos.

[11:03:20] [2026-08-28 11:03:20.178] [INFO] [Player] Rhogar Tordan sofreu 1 de dano e gerou fúria. HP: 115, Fúria: 100

[11:03:20] [2026-08-28 11:03:20.229] [INPUT] [BattleScene] Key: KEY_EVENT -> Action: CONFIRM

[11:03:20] [2026-08-28 11:03:20.445] [INFO] [Player] Rhogar Tordan atacou Guarda de Estayler B causando 18 de dano.

[11:03:20] [2026-08-28 11:03:20.446] [INPUT] [BattleScene] Key: KEY_EVENT -> Action: CONFIRM

[11:03:20] [2026-08-28 11:03:20.670] [INPUT] [BattleScene] Key: KEY_EVENT -> Action: CONFIRM

[11:03:20] [2026-08-28 11:03:20.896] [INPUT] [BattleScene] Key: KEY_EVENT -> Action: CONFIRM

[11:03:21] [2026-08-28 11:03:21.126] [INPUT] [BattleScene] Key: KEY_EVENT -> Action: CONFIRM

[11:03:21] [2026-08-28 11:03:21.260] [INFO] [BattleScene] Turno dos Inimigos.

[11:03:21] [2026-08-28 11:03:21.260] [INFO] [Player] Rhogar Tordan sofreu 1 de dano e gerou fúria. HP: 114, Fúria: 100

[11:03:21] [2026-08-28 11:03:21.342] [INPUT] [BattleScene] Key: KEY_EVENT -> Action: CONFIRM

[11:03:21] [2026-08-28 11:03:21.702] [INFO] [Player] Rhogar Tordan atacou Guarda de Estayler B causando 18 de dano.

[11:03:21] [2026-08-28 11:03:21.703] [INPUT] [BattleScene] Key: KEY_EVENT -> Action: CONFIRM

[11:03:21] [2026-08-28 11:03:21.950] [INPUT] [BattleScene] Key: KEY_EVENT -> Action: CONFIRM

[11:03:22] [2026-08-28 11:03:22.190] [INPUT] [BattleScene] Key: KEY_EVENT -> Action: CONFIRM

[11:03:22] [2026-08-28 11:03:22.470] [INPUT] [BattleScene] Key: KEY_EVENT -> Action: CONFIRM

[11:03:22] [2026-08-28 11:03:22.510] [INFO] [BattleScene] Turno dos Inimigos.

[11:03:22] [2026-08-28 11:03:22.510] [INFO] [Player] Rhogar Tordan sofreu 1 de dano e gerou fúria. HP: 113, Fúria: 100

[11:03:22] [2026-08-28 11:03:22.729] [INPUT] [BattleScene] Key: KEY_EVENT -> Action: CONFIRM

[11:03:22] [2026-08-28 11:03:22.966] [INFO] [Player] Rhogar Tordan atacou Guarda de Estayler B causando 18 de dano.

[11:03:22] [2026-08-28 11:03:22.967] [INFO] [BattleScene] Batalha vencida (Multi-Alvo)!

[11:03:22] [2026-08-28 11:03:22.973] [INPUT] [BattleScene] Key: KEY_EVENT -> Action: CONFIRM

[11:03:23] [2026-08-28 11:03:23.214] [INPUT] [BattleScene] Key: KEY_EVENT -> Action: CONFIRM

[11:03:23] [2026-08-28 11:03:23.438] [INPUT] [BattleScene] Key: KEY_EVENT -> Action: CONFIRM

[11:03:23] [2026-08-28 11:03:23.976] [INPUT] [BattleScene] Key: KEY_EVENT -> Action: CONFIRM

[11:03:24] [2026-08-28 11:03:24.994] [INFO] [RewardScene] Cena de Recompensa iniciada. Retorno agendado para: TavernScene

[11:03:25] [2026-08-28 11:03:25.011] [INFO] [SaveManager] Progresso salvo com sucesso via LocalStorage (Fallback).

[11:03:25] [2026-08-28 11:03:25.806] [INFO] [RewardScene] Retornando para a cena: TavernScene

[11:03:26] [2026-08-28 11:03:26.811] [QUEST] quest_01_flashback -> completed

[11:03:26] [2026-08-28 11:03:26.812] [QUEST] quest_02_temple -> active

[11:03:26] [2026-08-28 11:03:26.813] [INFO] [WorldManager] Iniciando transição: RewardScene -> TavernScene {"x":700,"y":480,"returnedFromFlashback":true,"battleOutcome":"victory"}

[11:03:27] [2026-08-28 11:03:27.149] [INFO] [InputManager] InputManager acoplado à cena atual.

[11:03:27] [2026-08-28 11:03:27.151] [INFO] [TavernScene] Ambiente da Taverna criado.

[11:03:27] [2026-08-28 11:03:27.151] [INFO] [TavernScene] Retornou do Flashback. Missões atualizadas.

[11:03:31] [2026-08-28 11:03:31.582] [INPUT] [TavernScene] Key: KEY_EVENT -> Action: LEFT

[11:03:31] [2026-08-28 11:03:31.790] [INPUT] [TavernScene] Key: KEY_EVENT -> Action: DOWN

[11:03:31] [2026-08-28 11:03:31.974] [INPUT] [TavernScene] Key: KEY_EVENT -> Action: LEFT

[11:03:32] [2026-08-28 11:03:32.422] [INPUT] [TavernScene] Key: KEY_EVENT -> Action: UP

[11:03:33] [2026-08-28 11:03:33.055] [INPUT] [TavernScene] Key: KEY_EVENT -> Action: DOWN

[11:03:33] [2026-08-28 11:03:33.427] [INFO] [WorldManager] Iniciando transição: TavernScene -> RastphenCityScene {"x":520,"y":880}

[11:03:33] [2026-08-28 11:03:33.743] [INFO] [WorldManager] Iniciando transição: TavernScene -> RastphenCityScene {"x":520,"y":880}

[11:03:33] [2026-08-28 11:03:33.761] [INFO] [RastphenCityScene] Renderizando mapa aberto da cidade.

[11:03:33] [2026-08-28 11:03:33.767] [INFO] [InputManager] InputManager acoplado à cena atual.

[11:03:34] [2026-08-28 11:03:34.782] [INPUT] [RastphenCityScene] Key: KEY_EVENT -> Action: RIGHT

[11:03:35] [2026-08-28 11:03:35.126] [INPUT] [RastphenCityScene] Key: KEY_EVENT -> Action: UP

[11:03:38] [2026-08-28 11:03:38.383] [INPUT] [RastphenCityScene] Key: KEY_EVENT -> Action: LEFT

[11:03:38] [2026-08-28 11:03:38.646] [INPUT] [RastphenCityScene] Key: KEY_EVENT -> Action: UP

[11:03:39] [2026-08-28 11:03:39.326] [INFO] [RastphenCityScene] Acionando transição para ForestRouteScene

[11:03:39] [2026-08-28 11:03:39.328] [ERROR] [UnhandledException] Uncaught ReferenceError: QuestManager is not defined at http://localhost:3000/src/scenes/RastphenCityScene.js:121:28 "ReferenceError: QuestManager is not defined\n    at Function.<anonymous> (http://localhost:3000/src/scenes/RastphenCityScene.js:121:28)\n    at World.collideSpriteVsSprite (http://localhost:3000/node_modules/.vite/deps/phaser.js?v=aa19ae1e:114931:43)\n    at World.collideHandler (http://localhost:3000/node_modules/.vite/deps/phaser.js?v=aa19ae1e:114882:54)\n    at World.collideObjects (http://localhost:3000/node_modules/.vite/deps/phaser.js?v=aa19ae1e:114848:50)\n    at Collider.update (http://localhost:3000/node_modules/.vite/deps/phaser.js?v=aa19ae1e:111267:16)\n    at World.update (http://localhost:3000/node_modules/.vite/deps/phaser.js?v=aa19ae1e:114355:37)\n    at EventEmitter.emit (http://localhost:3000/node_modules/.vite/deps/phaser.js?v=aa19ae1e:148:24)\n    at Systems.step (http://localhost:3000/node_modules/.vite/deps/phaser.js?v=aa19ae1e:155255:12)\n    at SceneManager.update (http://localhost:3000/node_modules/.vite/deps/phaser.js?v=aa19ae1e:153257:89)\n    at Game.step (http://localhost:3000/node_modules/.vite/deps/phaser.js?v=aa19ae1e:13125:16)"

[11:03:39] [2026-08-28 11:03:39.765] [INPUT] [RastphenCityScene] Key: KEY_EVENT -> Action: UP

[11:03:39] [2026-08-28 11:03:39.942] [INPUT] [RastphenCityScene] Key: KEY_EVENT -> Action: UP

[11:03:39] [2026-08-28 11:03:39.942] [INPUT] [RastphenCityScene] Key: KEY_EVENT -> Action: RIGHT

[11:03:40] [2026-08-28 11:03:40.422] [INPUT] [RastphenCityScene] Key: KEY_EVENT -> Action: UP

[11:04:29] [INIT] Logger inicializado e conectado ao Electron.
[11:04:30] [2026-08-28 11:04:30.311] [INFO] [PreloadScene] Assets procedurais provisórios gerados com sucesso.

[11:04:30] [2026-08-28 11:04:30.325] [INFO] [SaveManager] Progresso lido do LocalStorage.

[11:04:30] [2026-08-28 11:04:30.334] [INFO] [InputManager] InputManager acoplado à cena atual.

[11:04:30] [2026-08-28 11:04:30.339] [INFO] [MenuScene] Cena de Menu criada e inputs vinculados.

[11:04:39] [2026-08-28 11:04:39.811] [INFO] [MenuScene] Ação: Iniciar Novo Jogo (TavernScene)

[11:04:39] [2026-08-28 11:04:39.811] [INFO] [QuestManager] Progresso das missões resetado para novo jogo.

[11:04:39] [2026-08-28 11:04:39.811] [INPUT] [MenuScene] Key: KEY_EVENT -> Action: CONFIRM

[11:04:39] [2026-08-28 11:04:39.824] [INFO] [QuestManager] Banco de missões inicializado.

[11:04:39] [2026-08-28 11:04:39.848] [INFO] [InputManager] InputManager acoplado à cena atual.

[11:04:39] [2026-08-28 11:04:39.852] [INFO] [TavernScene] Ambiente da Taverna criado.

[11:04:41] [2026-08-28 11:04:41.439] [INPUT] [TavernScene] Key: KEY_EVENT -> Action: UP

[11:04:41] [2026-08-28 11:04:41.742] [INPUT] [TavernScene] Key: KEY_EVENT -> Action: LEFT

[11:04:43] [2026-08-28 11:04:43.303] [INPUT] [TavernScene] Key: KEY_EVENT -> Action: UP

[11:04:43] [2026-08-28 11:04:43.639] [INPUT] [TavernScene] Key: KEY_EVENT -> Action: LEFT

[11:04:44] [2026-08-28 11:04:44.062] [INPUT] [TavernScene] Key: KEY_EVENT -> Action: UP

[11:04:44] [2026-08-28 11:04:44.303] [INPUT] [TavernScene] Key: KEY_EVENT -> Action: LEFT

[11:04:44] [2026-08-28 11:04:44.783] [INFO] [Intent] Input Z/ESPAÇO recebido: Iniciando interação com alvo [veronica_stinfy].

[11:04:44] [2026-08-28 11:04:44.783] [DIALOGUE] [START] Speaker: Verônica Stinfy | "A magia abissal... Ela contorce a trama da realidade de formas interessantes."

[11:04:44] [2026-08-28 11:04:44.787] [INPUT] [TavernScene] Key: KEY_EVENT -> Action: CONFIRM

[11:04:45] [2026-08-28 11:04:45.361] [INFO] [Intent] Input Z/ESPAÇO recebido: Avançando ou finalizando caixa de diálogo atual.

[11:04:45] [2026-08-28 11:04:45.366] [INPUT] [TavernScene] Key: KEY_EVENT -> Action: CONFIRM

[11:04:46] [2026-08-28 11:04:46.309] [INFO] [Intent] Input Z/ESPAÇO recebido: Avançando ou finalizando caixa de diálogo atual.

[11:04:46] [2026-08-28 11:04:46.309] [DIALOGUE] [NEXT] Speaker: Verônica Stinfy | "O que você quer, meio-elfo?"

[11:04:46] [2026-08-28 11:04:46.310] [INPUT] [TavernScene] Key: KEY_EVENT -> Action: CONFIRM

[11:04:47] [2026-08-28 11:04:47.951] [INFO] [Intent] Input Z/ESPAÇO recebido: Avançando ou finalizando caixa de diálogo atual.

[11:04:47] [2026-08-28 11:04:47.951] [DIALOGUE] [CHOICE] Speaker: Verônica Stinfy | "[Positiva] Oferecer cooperação contra os cultistas."

[11:04:47] [2026-08-28 11:04:47.952] [INPUT] [TavernScene] Key: KEY_EVENT -> Action: CONFIRM

[11:04:48] [2026-08-28 11:04:48.398] [INFO] [Intent] Input Z/ESPAÇO recebido: Avançando ou finalizando caixa de diálogo atual.

[11:04:48] [2026-08-28 11:04:48.400] [INPUT] [TavernScene] Key: KEY_EVENT -> Action: CONFIRM

[11:04:48] [2026-08-28 11:04:48.630] [INFO] [Intent] Input Z/ESPAÇO recebido: Avançando ou finalizando caixa de diálogo atual.

[11:04:48] [2026-08-28 11:04:48.631] [DIALOGUE] [NEXT] Speaker: Verônica Stinfy | "Agora não me incomode. Estou trabalhando."

[11:04:48] [2026-08-28 11:04:48.631] [INPUT] [TavernScene] Key: KEY_EVENT -> Action: CONFIRM

[11:04:49] [2026-08-28 11:04:49.070] [INFO] [Intent] Input Z/ESPAÇO recebido: Avançando ou finalizando caixa de diálogo atual.

[11:04:49] [2026-08-28 11:04:49.070] [INPUT] [TavernScene] Key: KEY_EVENT -> Action: CONFIRM

[11:04:49] [2026-08-28 11:04:49.609] [INFO] [Intent] Input Z/ESPAÇO recebido: Avançando ou finalizando caixa de diálogo atual.

[11:04:49] [2026-08-28 11:04:49.609] [DIALOGUE] [END] Speaker: 

[11:04:49] [2026-08-28 11:04:49.610] [INPUT] [TavernScene] Key: KEY_EVENT -> Action: CONFIRM

[11:04:50] [2026-08-28 11:04:50.270] [INPUT] [TavernScene] Key: KEY_EVENT -> Action: RIGHT

[11:04:50] [2026-08-28 11:04:50.584] [INPUT] [TavernScene] Key: KEY_EVENT -> Action: UP

[11:04:51] [2026-08-28 11:04:51.830] [INFO] [Intent] Input Z/ESPAÇO recebido: Iniciando interação com alvo [hilda].

[11:04:51] [2026-08-28 11:04:51.832] [INPUT] [TavernScene] Key: KEY_EVENT -> Action: CONFIRM

[11:04:52] [2026-08-28 11:04:52.246] [INFO] [Intent] Input Z/ESPAÇO recebido: Avançando ou finalizando caixa de diálogo atual.

[11:04:52] [2026-08-28 11:04:52.247] [INFO] [InventoryManager] Item adicionado: potion_heal x1

[11:04:52] [2026-08-28 11:04:52.248] [INFO] [ShopUI] Comprou Poção de Vida por 20 PO

[11:04:52] [2026-08-28 11:04:52.248] [INPUT] [TavernScene] Key: KEY_EVENT -> Action: CONFIRM

[11:04:52] [2026-08-28 11:04:52.642] [INPUT] [TavernScene] Key: KEY_EVENT -> Action: DOWN

[11:04:52] [2026-08-28 11:04:52.838] [INPUT] [TavernScene] Key: KEY_EVENT -> Action: DOWN

[11:04:53] [2026-08-28 11:04:53.160] [INFO] [Intent] Input Z/ESPAÇO recebido: Avançando ou finalizando caixa de diálogo atual.

[11:04:53] [2026-08-28 11:04:53.160] [INPUT] [TavernScene] Key: KEY_EVENT -> Action: CONFIRM

[11:04:53] [2026-08-28 11:04:53.662] [INPUT] [TavernScene] Key: KEY_EVENT -> Action: RIGHT

[11:04:53] [2026-08-28 11:04:53.766] [INPUT] [TavernScene] Key: KEY_EVENT -> Action: DOWN

[11:04:54] [2026-08-28 11:04:54.623] [INFO] [Intent] Input Z/ESPAÇO recebido: Iniciando interação com alvo [traudon_alicia].

[11:04:54] [2026-08-28 11:04:54.623] [DIALOGUE] [START] Speaker: Traudon | "Ah... damascos em calda com cerveja, a perfeição da culinária anã! Não é mesmo, Alícia?"

[11:04:54] [2026-08-28 11:04:54.625] [INPUT] [TavernScene] Key: KEY_EVENT -> Action: CONFIRM

[11:04:54] [2026-08-28 11:04:54.862] [INFO] [Intent] Input Z/ESPAÇO recebido: Avançando ou finalizando caixa de diálogo atual.

[11:04:54] [2026-08-28 11:04:54.863] [INPUT] [TavernScene] Key: KEY_EVENT -> Action: CONFIRM

[11:04:55] [2026-08-28 11:04:55.088] [INFO] [Intent] Input Z/ESPAÇO recebido: Avançando ou finalizando caixa de diálogo atual.

[11:04:55] [2026-08-28 11:04:55.088] [DIALOGUE] [NEXT] Speaker: Alícia | "Você devia focar na sua magia, Traudon. Diga a ele, viajante."

[11:04:55] [2026-08-28 11:04:55.091] [INPUT] [TavernScene] Key: KEY_EVENT -> Action: CONFIRM

[11:04:55] [2026-08-28 11:04:55.302] [INFO] [Intent] Input Z/ESPAÇO recebido: Avançando ou finalizando caixa de diálogo atual.

[11:04:55] [2026-08-28 11:04:55.304] [INPUT] [TavernScene] Key: KEY_EVENT -> Action: CONFIRM

[11:04:55] [2026-08-28 11:04:55.574] [INFO] [Intent] Input Z/ESPAÇO recebido: Avançando ou finalizando caixa de diálogo atual.

[11:04:55] [2026-08-28 11:04:55.574] [DIALOGUE] [CHOICE] Speaker: Alícia | "[Positiva] Apreciar a melodia do alaúde de Alícia."

[11:04:55] [2026-08-28 11:04:55.575] [INPUT] [TavernScene] Key: KEY_EVENT -> Action: CONFIRM

[11:04:55] [2026-08-28 11:04:55.878] [INFO] [Intent] Input Z/ESPAÇO recebido: Avançando ou finalizando caixa de diálogo atual.

[11:04:55] [2026-08-28 11:04:55.879] [INPUT] [TavernScene] Key: KEY_EVENT -> Action: CONFIRM

[11:04:56] [2026-08-28 11:04:56.086] [INFO] [Intent] Input Z/ESPAÇO recebido: Avançando ou finalizando caixa de diálogo atual.

[11:04:56] [2026-08-28 11:04:56.086] [DIALOGUE] [NEXT] Speaker: Traudon | "Bah, não ligue para ela. Um druida anão retira seu poder da terra e dos doces!"

[11:04:56] [2026-08-28 11:04:56.087] [INPUT] [TavernScene] Key: KEY_EVENT -> Action: CONFIRM

[11:04:56] [2026-08-28 11:04:56.286] [INFO] [Intent] Input Z/ESPAÇO recebido: Avançando ou finalizando caixa de diálogo atual.

[11:04:56] [2026-08-28 11:04:56.287] [INPUT] [TavernScene] Key: KEY_EVENT -> Action: CONFIRM

[11:04:56] [2026-08-28 11:04:56.502] [INFO] [Intent] Input Z/ESPAÇO recebido: Avançando ou finalizando caixa de diálogo atual.

[11:04:56] [2026-08-28 11:04:56.502] [DIALOGUE] [END] Speaker: 

[11:04:56] [2026-08-28 11:04:56.502] [INPUT] [TavernScene] Key: KEY_EVENT -> Action: CONFIRM

[11:05:05] [INIT] Logger inicializado e conectado ao Electron.
[11:05:05] [2026-08-28 11:05:05.827] [INFO] [PreloadScene] Assets procedurais provisórios gerados com sucesso.

[11:05:05] [2026-08-28 11:05:05.844] [INFO] [SaveManager] Progresso lido do LocalStorage.

[11:05:05] [2026-08-28 11:05:05.853] [INFO] [InputManager] InputManager acoplado à cena atual.

[11:05:05] [2026-08-28 11:05:05.858] [INFO] [MenuScene] Cena de Menu criada e inputs vinculados.

[11:05:11] [2026-08-28 11:05:11.297] [INFO] [MenuScene] Ação: Iniciar Novo Jogo (TavernScene)

[11:05:11] [2026-08-28 11:05:11.297] [INFO] [QuestManager] Progresso das missões resetado para novo jogo.

[11:05:11] [2026-08-28 11:05:11.298] [INPUT] [MenuScene] Key: KEY_EVENT -> Action: CONFIRM

[11:05:11] [2026-08-28 11:05:11.308] [INFO] [QuestManager] Banco de missões inicializado.

[11:05:11] [2026-08-28 11:05:11.335] [INFO] [InputManager] InputManager acoplado à cena atual.

[11:05:11] [2026-08-28 11:05:11.340] [INFO] [TavernScene] Ambiente da Taverna criado.

[11:05:12] [2026-08-28 11:05:12.344] [INPUT] [TavernScene] Key: KEY_EVENT -> Action: UP

[11:05:13] [2026-08-28 11:05:13.208] [INPUT] [TavernScene] Key: KEY_EVENT -> Action: LEFT

[11:05:13] [2026-08-28 11:05:13.598] [INPUT] [TavernScene] Key: KEY_EVENT -> Action: DOWN

[11:05:13] [2026-08-28 11:05:13.877] [INPUT] [TavernScene] Key: KEY_EVENT -> Action: RIGHT

[11:05:15] [2026-08-28 11:05:15.382] [INPUT] [TavernScene] Key: KEY_EVENT -> Action: UP

[11:05:16] [2026-08-28 11:05:16.127] [INFO] [Intent] Input Z/ESPAÇO recebido: Iniciando interação com alvo [joseph_sylven].

[11:05:16] [2026-08-28 11:05:16.128] [DIALOGUE] [START] Speaker: Joseph Sylven | "Rhogar, ainda há tensão no ar. Converse com os frequentadores da taverna e beba algo antes de falarmos sobre nosso passado."

[11:05:16] [2026-08-28 11:05:16.132] [INPUT] [TavernScene] Key: KEY_EVENT -> Action: CONFIRM

[11:05:16] [2026-08-28 11:05:16.582] [INFO] [Intent] Input Z/ESPAÇO recebido: Avançando ou finalizando caixa de diálogo atual.

[11:05:16] [2026-08-28 11:05:16.588] [INPUT] [TavernScene] Key: KEY_EVENT -> Action: CONFIRM

[11:05:17] [2026-08-28 11:05:17.167] [INFO] [Intent] Input Z/ESPAÇO recebido: Avançando ou finalizando caixa de diálogo atual.

[11:05:17] [2026-08-28 11:05:17.167] [DIALOGUE] [END] Speaker: 

[11:05:17] [2026-08-28 11:05:17.167] [INPUT] [TavernScene] Key: KEY_EVENT -> Action: CONFIRM

[11:05:17] [2026-08-28 11:05:17.671] [INPUT] [TavernScene] Key: KEY_EVENT -> Action: LEFT

[11:05:17] [2026-08-28 11:05:17.927] [INPUT] [TavernScene] Key: KEY_EVENT -> Action: UP

[11:05:19] [2026-08-28 11:05:19.223] [INPUT] [TavernScene] Key: KEY_EVENT -> Action: RIGHT

[11:05:20] [2026-08-28 11:05:20.094] [INFO] [Intent] Input Z/ESPAÇO recebido: Iniciando interação com alvo [traudon_alicia].

[11:05:20] [2026-08-28 11:05:20.095] [DIALOGUE] [START] Speaker: Traudon | "Ah... damascos em calda com cerveja, a perfeição da culinária anã! Não é mesmo, Alícia?"

[11:05:20] [2026-08-28 11:05:20.098] [INPUT] [TavernScene] Key: KEY_EVENT -> Action: CONFIRM

[11:05:20] [2026-08-28 11:05:20.318] [INFO] [Intent] Input Z/ESPAÇO recebido: Avançando ou finalizando caixa de diálogo atual.

[11:05:20] [2026-08-28 11:05:20.320] [INPUT] [TavernScene] Key: KEY_EVENT -> Action: CONFIRM

[11:05:20] [2026-08-28 11:05:20.551] [INFO] [Intent] Input Z/ESPAÇO recebido: Avançando ou finalizando caixa de diálogo atual.

[11:05:20] [2026-08-28 11:05:20.551] [DIALOGUE] [NEXT] Speaker: Alícia | "Você devia focar na sua magia, Traudon. Diga a ele, viajante."

[11:05:20] [2026-08-28 11:05:20.555] [INPUT] [TavernScene] Key: KEY_EVENT -> Action: CONFIRM

[11:05:20] [2026-08-28 11:05:20.942] [INFO] [Intent] Input Z/ESPAÇO recebido: Avançando ou finalizando caixa de diálogo atual.

[11:05:20] [2026-08-28 11:05:20.951] [INPUT] [TavernScene] Key: KEY_EVENT -> Action: CONFIRM

[11:05:21] [2026-08-28 11:05:21.191] [INFO] [Intent] Input Z/ESPAÇO recebido: Avançando ou finalizando caixa de diálogo atual.

[11:05:21] [2026-08-28 11:05:21.192] [DIALOGUE] [CHOICE] Speaker: Alícia | "[Positiva] Apreciar a melodia do alaúde de Alícia."

[11:05:21] [2026-08-28 11:05:21.194] [INPUT] [TavernScene] Key: KEY_EVENT -> Action: CONFIRM

[11:05:21] [2026-08-28 11:05:21.583] [INFO] [Intent] Input Z/ESPAÇO recebido: Avançando ou finalizando caixa de diálogo atual.

[11:05:21] [2026-08-28 11:05:21.584] [INPUT] [TavernScene] Key: KEY_EVENT -> Action: CONFIRM

[11:05:21] [2026-08-28 11:05:21.847] [INFO] [Intent] Input Z/ESPAÇO recebido: Avançando ou finalizando caixa de diálogo atual.

[11:05:21] [2026-08-28 11:05:21.848] [DIALOGUE] [NEXT] Speaker: Traudon | "Bah, não ligue para ela. Um druida anão retira seu poder da terra e dos doces!"

[11:05:21] [2026-08-28 11:05:21.848] [INPUT] [TavernScene] Key: KEY_EVENT -> Action: CONFIRM

[11:05:22] [2026-08-28 11:05:22.270] [INFO] [Intent] Input Z/ESPAÇO recebido: Avançando ou finalizando caixa de diálogo atual.

[11:05:22] [2026-08-28 11:05:22.272] [INPUT] [TavernScene] Key: KEY_EVENT -> Action: CONFIRM

[11:05:22] [2026-08-28 11:05:22.630] [INFO] [Intent] Input Z/ESPAÇO recebido: Avançando ou finalizando caixa de diálogo atual.

[11:05:22] [2026-08-28 11:05:22.631] [DIALOGUE] [END] Speaker: 

[11:05:22] [2026-08-28 11:05:22.631] [INPUT] [TavernScene] Key: KEY_EVENT -> Action: CONFIRM

[11:05:22] [2026-08-28 11:05:22.982] [INPUT] [TavernScene] Key: KEY_EVENT -> Action: UP

[11:05:23] [2026-08-28 11:05:23.224] [INPUT] [TavernScene] Key: KEY_EVENT -> Action: RIGHT

[11:05:23] [2026-08-28 11:05:23.926] [INFO] [Intent] Input Z/ESPAÇO recebido: Nenhuma zona interativa próxima. Ação ignorada.

[11:05:23] [2026-08-28 11:05:23.926] [INPUT] [TavernScene] Key: KEY_EVENT -> Action: CONFIRM

[11:05:24] [2026-08-28 11:05:24.239] [INPUT] [TavernScene] Key: KEY_EVENT -> Action: LEFT

[11:05:24] [2026-08-28 11:05:24.431] [INFO] [Intent] Input Z/ESPAÇO recebido: Iniciando interação com alvo [quadro_avisos].

[11:05:24] [2026-08-28 11:05:24.449] [INPUT] [TavernScene] Key: KEY_EVENT -> Action: CONFIRM

[11:05:24] [2026-08-28 11:05:24.926] [INFO] [Intent] Input Z/ESPAÇO recebido: Avançando ou finalizando caixa de diálogo atual.

[11:05:24] [2026-08-28 11:05:24.927] [INPUT] [TavernScene] Key: KEY_EVENT -> Action: CONFIRM

[11:05:25] [2026-08-28 11:05:25.302] [INPUT] [TavernScene] Key: KEY_EVENT -> Action: DOWN

[11:05:25] [2026-08-28 11:05:25.559] [INPUT] [TavernScene] Key: KEY_EVENT -> Action: LEFT

[11:05:26] [2026-08-28 11:05:26.839] [INFO] [Intent] Input Z/ESPAÇO recebido: Iniciando interação com alvo [hilda].

[11:05:26] [2026-08-28 11:05:26.843] [INPUT] [TavernScene] Key: KEY_EVENT -> Action: CONFIRM

[11:05:27] [2026-08-28 11:05:27.167] [INFO] [Intent] Input Z/ESPAÇO recebido: Avançando ou finalizando caixa de diálogo atual.

[11:05:27] [2026-08-28 11:05:27.168] [INFO] [InventoryManager] Item adicionado: potion_heal x1

[11:05:27] [2026-08-28 11:05:27.169] [INFO] [ShopUI] Comprou Poção de Vida por 20 PO

[11:05:27] [2026-08-28 11:05:27.169] [INPUT] [TavernScene] Key: KEY_EVENT -> Action: CONFIRM

[11:05:27] [2026-08-28 11:05:27.616] [INPUT] [TavernScene] Key: KEY_EVENT -> Action: DOWN

[11:05:27] [2026-08-28 11:05:27.799] [INPUT] [TavernScene] Key: KEY_EVENT -> Action: DOWN

[11:05:28] [2026-08-28 11:05:28.126] [INFO] [Intent] Input Z/ESPAÇO recebido: Avançando ou finalizando caixa de diálogo atual.

[11:05:28] [2026-08-28 11:05:28.127] [INPUT] [TavernScene] Key: KEY_EVENT -> Action: CONFIRM

[11:05:28] [2026-08-28 11:05:28.310] [INPUT] [TavernScene] Key: KEY_EVENT -> Action: LEFT

[11:05:29] [2026-08-28 11:05:29.726] [INPUT] [TavernScene] Key: KEY_EVENT -> Action: UP

[11:05:30] [2026-08-28 11:05:30.310] [INFO] [Intent] Input Z/ESPAÇO recebido: Nenhuma zona interativa próxima. Ação ignorada.

[11:05:30] [2026-08-28 11:05:30.311] [INPUT] [TavernScene] Key: KEY_EVENT -> Action: CONFIRM

[11:05:30] [2026-08-28 11:05:30.757] [INPUT] [TavernScene] Key: KEY_EVENT -> Action: RIGHT

[11:05:31] [2026-08-28 11:05:31.014] [INFO] [Intent] Input Z/ESPAÇO recebido: Iniciando interação com alvo [placa_regras].

[11:05:31] [2026-08-28 11:05:31.014] [DIALOGUE] [START] Speaker: Placa da Taverna | "[O entalhe está desgastado, escrito em quatro línguas de Walldarten]"

[11:05:31] [2026-08-28 11:05:31.015] [INPUT] [TavernScene] Key: KEY_EVENT -> Action: CONFIRM

[11:05:31] [2026-08-28 11:05:31.526] [INFO] [Intent] Input Z/ESPAÇO recebido: Avançando ou finalizando caixa de diálogo atual.

[11:05:31] [2026-08-28 11:05:31.527] [INPUT] [TavernScene] Key: KEY_EVENT -> Action: CONFIRM

[11:05:32] [2026-08-28 11:05:32.103] [INFO] [Intent] Input Z/ESPAÇO recebido: Avançando ou finalizando caixa de diálogo atual.

[11:05:32] [2026-08-28 11:05:32.103] [DIALOGUE] [NEXT] Speaker: Placa da Taverna | "'A Ordem Mantém a Paz. Por isso Comam, Bebam, Paguem... e Briguem Lá Fora!'"

[11:05:32] [2026-08-28 11:05:32.105] [INPUT] [TavernScene] Key: KEY_EVENT -> Action: CONFIRM

[11:05:32] [2026-08-28 11:05:32.350] [INPUT] [TavernScene] Key: KEY_EVENT -> Action: DOWN

[11:05:32] [2026-08-28 11:05:32.674] [INFO] [Intent] Input Z/ESPAÇO recebido: Avançando ou finalizando caixa de diálogo atual.

[11:05:32] [2026-08-28 11:05:32.677] [INPUT] [TavernScene] Key: KEY_EVENT -> Action: CONFIRM

[11:05:33] [2026-08-28 11:05:33.175] [INFO] [Intent] Input Z/ESPAÇO recebido: Avançando ou finalizando caixa de diálogo atual.

[11:05:33] [2026-08-28 11:05:33.175] [DIALOGUE] [END] Speaker: 

[11:05:33] [2026-08-28 11:05:33.176] [INPUT] [TavernScene] Key: KEY_EVENT -> Action: CONFIRM

[11:05:33] [2026-08-28 11:05:33.542] [INPUT] [TavernScene] Key: KEY_EVENT -> Action: DOWN

[11:05:33] [2026-08-28 11:05:33.810] [INPUT] [TavernScene] Key: KEY_EVENT -> Action: RIGHT

[11:05:34] [2026-08-28 11:05:34.590] [INFO] [Intent] Input Z/ESPAÇO recebido: Iniciando interação com alvo [veronica_stinfy].

[11:05:34] [2026-08-28 11:05:34.591] [DIALOGUE] [START] Speaker: Verônica Stinfy | "A magia abissal... Ela contorce a trama da realidade de formas interessantes."

[11:05:34] [2026-08-28 11:05:34.595] [INPUT] [TavernScene] Key: KEY_EVENT -> Action: CONFIRM

[11:05:34] [2026-08-28 11:05:34.967] [INFO] [Intent] Input Z/ESPAÇO recebido: Avançando ou finalizando caixa de diálogo atual.

[11:05:34] [2026-08-28 11:05:34.968] [INPUT] [TavernScene] Key: KEY_EVENT -> Action: CONFIRM

[11:05:35] [2026-08-28 11:05:35.334] [INFO] [Intent] Input Z/ESPAÇO recebido: Avançando ou finalizando caixa de diálogo atual.

[11:05:35] [2026-08-28 11:05:35.334] [DIALOGUE] [NEXT] Speaker: Verônica Stinfy | "O que você quer, meio-elfo?"

[11:05:35] [2026-08-28 11:05:35.335] [INPUT] [TavernScene] Key: KEY_EVENT -> Action: CONFIRM

[11:05:35] [2026-08-28 11:05:35.734] [INFO] [Intent] Input Z/ESPAÇO recebido: Avançando ou finalizando caixa de diálogo atual.

[11:05:35] [2026-08-28 11:05:35.739] [INPUT] [TavernScene] Key: KEY_EVENT -> Action: CONFIRM

[11:05:36] [2026-08-28 11:05:36.230] [INFO] [Intent] Input Z/ESPAÇO recebido: Avançando ou finalizando caixa de diálogo atual.

[11:05:36] [2026-08-28 11:05:36.231] [DIALOGUE] [CHOICE] Speaker: Verônica Stinfy | "[Positiva] Oferecer cooperação contra os cultistas."

[11:05:36] [2026-08-28 11:05:36.232] [INPUT] [TavernScene] Key: KEY_EVENT -> Action: CONFIRM

[11:05:36] [2026-08-28 11:05:36.558] [INFO] [Intent] Input Z/ESPAÇO recebido: Avançando ou finalizando caixa de diálogo atual.

[11:05:36] [2026-08-28 11:05:36.560] [INPUT] [TavernScene] Key: KEY_EVENT -> Action: CONFIRM

[11:05:36] [2026-08-28 11:05:36.973] [INFO] [Intent] Input Z/ESPAÇO recebido: Avançando ou finalizando caixa de diálogo atual.

[11:05:36] [2026-08-28 11:05:36.974] [DIALOGUE] [NEXT] Speaker: Verônica Stinfy | "Agora não me incomode. Estou trabalhando."

[11:05:36] [2026-08-28 11:05:36.974] [INPUT] [TavernScene] Key: KEY_EVENT -> Action: CONFIRM

[11:05:37] [2026-08-28 11:05:37.374] [INFO] [Intent] Input Z/ESPAÇO recebido: Avançando ou finalizando caixa de diálogo atual.

[11:05:37] [2026-08-28 11:05:37.374] [INPUT] [TavernScene] Key: KEY_EVENT -> Action: CONFIRM

[11:05:37] [2026-08-28 11:05:37.782] [INFO] [Intent] Input Z/ESPAÇO recebido: Avançando ou finalizando caixa de diálogo atual.

[11:05:37] [2026-08-28 11:05:37.782] [DIALOGUE] [END] Speaker: 

[11:05:37] [2026-08-28 11:05:37.782] [INPUT] [TavernScene] Key: KEY_EVENT -> Action: CONFIRM

[11:05:38] [2026-08-28 11:05:38.142] [INPUT] [TavernScene] Key: KEY_EVENT -> Action: RIGHT

[11:05:38] [2026-08-28 11:05:38.414] [INPUT] [TavernScene] Key: KEY_EVENT -> Action: DOWN

[11:05:39] [2026-08-28 11:05:39.246] [INPUT] [TavernScene] Key: KEY_EVENT -> Action: LEFT

[11:05:40] [2026-08-28 11:05:40.326] [INFO] [Intent] Input Z/ESPAÇO recebido: Iniciando interação com alvo [john_bardem].

[11:05:40] [2026-08-28 11:05:40.327] [DIALOGUE] [START] Speaker: John Bardem | "Fique frio e não faça movimentos bruscos."

[11:05:40] [2026-08-28 11:05:40.330] [INPUT] [TavernScene] Key: KEY_EVENT -> Action: CONFIRM

[11:05:40] [2026-08-28 11:05:40.493] [INFO] [Intent] Input Z/ESPAÇO recebido: Avançando ou finalizando caixa de diálogo atual.

[11:05:40] [2026-08-28 11:05:40.494] [INPUT] [TavernScene] Key: KEY_EVENT -> Action: CONFIRM

[11:05:40] [2026-08-28 11:05:40.718] [INFO] [Intent] Input Z/ESPAÇO recebido: Avançando ou finalizando caixa de diálogo atual.

[11:05:40] [2026-08-28 11:05:40.719] [DIALOGUE] [NEXT] Speaker: John Bardem | "Vê aquele mercenário perto da mesa? O que acha de agir?"

[11:05:40] [2026-08-28 11:05:40.719] [INPUT] [TavernScene] Key: KEY_EVENT -> Action: CONFIRM

[11:05:40] [2026-08-28 11:05:40.926] [INFO] [Intent] Input Z/ESPAÇO recebido: Avançando ou finalizando caixa de diálogo atual.

[11:05:40] [2026-08-28 11:05:40.929] [INPUT] [TavernScene] Key: KEY_EVENT -> Action: CONFIRM

[11:05:41] [2026-08-28 11:05:41.207] [INFO] [Intent] Input Z/ESPAÇO recebido: Avançando ou finalizando caixa de diálogo atual.

[11:05:41] [2026-08-28 11:05:41.207] [DIALOGUE] [CHOICE] Speaker: John Bardem | "[Positiva] Oferecer cobertura caso o mercenário reaja."

[11:05:41] [2026-08-28 11:05:41.209] [INPUT] [TavernScene] Key: KEY_EVENT -> Action: CONFIRM

[11:05:41] [2026-08-28 11:05:41.614] [INFO] [Intent] Input Z/ESPAÇO recebido: Avançando ou finalizando caixa de diálogo atual.

[11:05:41] [2026-08-28 11:05:41.615] [INPUT] [TavernScene] Key: KEY_EVENT -> Action: CONFIRM

[11:05:41] [2026-08-28 11:05:41.949] [INFO] [Intent] Input Z/ESPAÇO recebido: Avançando ou finalizando caixa de diálogo atual.

[11:05:41] [2026-08-28 11:05:41.949] [DIALOGUE] [END] Speaker: 

[11:05:41] [2026-08-28 11:05:41.950] [INPUT] [TavernScene] Key: KEY_EVENT -> Action: CONFIRM

[11:05:42] [2026-08-28 11:05:42.278] [INPUT] [TavernScene] Key: KEY_EVENT -> Action: RIGHT

[11:05:42] [2026-08-28 11:05:42.830] [INPUT] [TavernScene] Key: KEY_EVENT -> Action: UP

[11:05:43] [2026-08-28 11:05:43.457] [INPUT] [TavernScene] Key: KEY_EVENT -> Action: DOWN

[11:05:43] [2026-08-28 11:05:43.830] [INPUT] [TavernScene] Key: KEY_EVENT -> Action: UP

[11:05:45] [2026-08-28 11:05:45.998] [INFO] [Intent] Input Z/ESPAÇO recebido: Iniciando interação com alvo [joseph_sylven].

[11:05:46] [2026-08-28 11:05:45.999] [DIALOGUE] [START] Speaker: Joseph Sylven | "Rhogar, meu rapaz. Vejo que a herança da sua mãe, a lâmina de Brentel, ainda pesa em suas costas."

[11:05:46] [2026-08-28 11:05:46.000] [INPUT] [TavernScene] Key: KEY_EVENT -> Action: CONFIRM

[11:05:46] [2026-08-28 11:05:46.335] [INFO] [Intent] Input Z/ESPAÇO recebido: Avançando ou finalizando caixa de diálogo atual.

[11:05:46] [2026-08-28 11:05:46.337] [INPUT] [TavernScene] Key: KEY_EVENT -> Action: CONFIRM

[11:05:46] [2026-08-28 11:05:46.598] [INFO] [Intent] Input Z/ESPAÇO recebido: Avançando ou finalizando caixa de diálogo atual.

[11:05:46] [2026-08-28 11:05:46.599] [DIALOGUE] [NEXT] Speaker: Joseph Sylven | "Aquela emboscada em Estayler ainda o assombra, não é? Lembre-se do que houve na carroça de escravos..."

[11:05:46] [2026-08-28 11:05:46.599] [INPUT] [TavernScene] Key: KEY_EVENT -> Action: CONFIRM

[11:05:46] [2026-08-28 11:05:46.806] [INFO] [Intent] Input Z/ESPAÇO recebido: Avançando ou finalizando caixa de diálogo atual.

[11:05:46] [2026-08-28 11:05:46.806] [INPUT] [TavernScene] Key: KEY_EVENT -> Action: CONFIRM

[11:05:46] [2026-08-28 11:05:46.982] [INFO] [Intent] Input Z/ESPAÇO recebido: Avançando ou finalizando caixa de diálogo atual.

[11:05:46] [2026-08-28 11:05:46.983] [DIALOGUE] [END] Speaker: 

[11:05:46] [2026-08-28 11:05:46.983] [INFO] [TavernScene] Rhogar lembrou do passado. Iniciando Flashback...

[11:05:46] [2026-08-28 11:05:46.983] [INPUT] [TavernScene] Key: KEY_EVENT -> Action: CONFIRM

[11:05:47] [2026-08-28 11:05:47.206] [INFO] [Intent] Input Z/ESPAÇO recebido: Iniciando interação com alvo [joseph_sylven].

[11:05:47] [2026-08-28 11:05:47.206] [DIALOGUE] [START] Speaker: Joseph Sylven | "Rhogar, meu rapaz. Vejo que a herança da sua mãe, a lâmina de Brentel, ainda pesa em suas costas."

[11:05:47] [2026-08-28 11:05:47.207] [INPUT] [TavernScene] Key: KEY_EVENT -> Action: CONFIRM

[11:05:47] [2026-08-28 11:05:47.438] [INFO] [Intent] Input Z/ESPAÇO recebido: Avançando ou finalizando caixa de diálogo atual.

[11:05:47] [2026-08-28 11:05:47.440] [INPUT] [TavernScene] Key: KEY_EVENT -> Action: CONFIRM

[11:05:47] [2026-08-28 11:05:47.562] [DIALOGUE] [START] Speaker: Iksar | "Ora, ora... um draconato intrometido! Guardas, ensinem uma lição a esse lagarto!"

[11:05:47] [2026-08-28 11:05:47.870] [DIALOGUE] [NEXT] Speaker: Rhogar | "Solte a garota, Iksar. Essa covardia termina aqui!"

[11:05:48] [2026-08-28 11:05:48.246] [DIALOGUE] [END] Speaker: 

[11:05:48] [2026-08-28 11:05:48.820] [INFO] [BattleScene] Combate iniciado com suporte total a Teclado.

[11:05:48] [2026-08-28 11:05:48.822] [INFO] [InputManager] InputManager acoplado à cena atual.

[11:05:48] [2026-08-28 11:05:48.831] [INPUT] [BattleScene] Key: KEY_EVENT -> Action: CONFIRM

[11:05:49] [2026-08-28 11:05:49.014] [INFO] [Player] Rhogar Tordan atacou Guarda de Estayler A causando 18 de dano.

[11:05:49] [2026-08-28 11:05:49.023] [INPUT] [BattleScene] Key: KEY_EVENT -> Action: CONFIRM

[11:05:49] [2026-08-28 11:05:49.191] [INPUT] [BattleScene] Key: KEY_EVENT -> Action: CONFIRM

[11:05:49] [2026-08-28 11:05:49.398] [INPUT] [BattleScene] Key: KEY_EVENT -> Action: CONFIRM

[11:05:49] [2026-08-28 11:05:49.590] [INPUT] [BattleScene] Key: KEY_EVENT -> Action: CONFIRM

[11:05:49] [2026-08-28 11:05:49.803] [INFO] [BattleScene] Turno dos Inimigos.

[11:05:49] [2026-08-28 11:05:49.804] [INFO] [Player] Rhogar Tordan sofreu 1 de dano e gerou fúria. HP: 119, Fúria: 25

[11:05:49] [2026-08-28 11:05:49.807] [INFO] [Player] Rhogar Tordan sofreu 1 de dano e gerou fúria. HP: 118, Fúria: 40

[11:05:49] [2026-08-28 11:05:49.814] [INPUT] [BattleScene] Key: KEY_EVENT -> Action: CONFIRM

[11:05:50] [2026-08-28 11:05:50.014] [INFO] [Player] Rhogar Tordan atacou Guarda de Estayler A causando 18 de dano.

[11:05:50] [2026-08-28 11:05:50.015] [INPUT] [BattleScene] Key: KEY_EVENT -> Action: CONFIRM

[11:05:50] [2026-08-28 11:05:50.222] [INPUT] [BattleScene] Key: KEY_EVENT -> Action: CONFIRM

[11:05:50] [2026-08-28 11:05:50.446] [INPUT] [BattleScene] Key: KEY_EVENT -> Action: CONFIRM

[11:05:50] [2026-08-28 11:05:50.639] [INPUT] [BattleScene] Key: KEY_EVENT -> Action: CONFIRM

[11:05:50] [2026-08-28 11:05:50.819] [INFO] [BattleScene] Turno dos Inimigos.

[11:05:50] [2026-08-28 11:05:50.820] [INFO] [Player] Rhogar Tordan sofreu 1 de dano e gerou fúria. HP: 117, Fúria: 65

[11:05:50] [2026-08-28 11:05:50.821] [INFO] [Player] Rhogar Tordan sofreu 1 de dano e gerou fúria. HP: 116, Fúria: 80

[11:05:50] [2026-08-28 11:05:50.870] [INPUT] [BattleScene] Key: KEY_EVENT -> Action: CONFIRM

[11:05:51] [2026-08-28 11:05:51.071] [INFO] [Player] Rhogar Tordan atacou Guarda de Estayler A causando 18 de dano.

[11:05:51] [2026-08-28 11:05:51.074] [INPUT] [BattleScene] Key: KEY_EVENT -> Action: CONFIRM

[11:05:51] [2026-08-28 11:05:51.286] [INPUT] [BattleScene] Key: KEY_EVENT -> Action: CONFIRM

[11:05:51] [2026-08-28 11:05:51.494] [INPUT] [BattleScene] Key: KEY_EVENT -> Action: CONFIRM

[11:05:51] [2026-08-28 11:05:51.693] [INPUT] [BattleScene] Key: KEY_EVENT -> Action: CONFIRM

[11:05:51] [2026-08-28 11:05:51.886] [INFO] [BattleScene] Turno dos Inimigos.

[11:05:51] [2026-08-28 11:05:51.886] [INFO] [Player] Rhogar Tordan sofreu 1 de dano e gerou fúria. HP: 115, Fúria: 100

[11:05:51] [2026-08-28 11:05:51.902] [INPUT] [BattleScene] Key: KEY_EVENT -> Action: CONFIRM

[11:05:52] [2026-08-28 11:05:52.087] [INFO] [Player] Rhogar Tordan atacou Guarda de Estayler B causando 18 de dano.

[11:05:52] [2026-08-28 11:05:52.089] [INPUT] [BattleScene] Key: KEY_EVENT -> Action: CONFIRM

[11:05:52] [2026-08-28 11:05:52.303] [INPUT] [BattleScene] Key: KEY_EVENT -> Action: CONFIRM

[11:05:52] [2026-08-28 11:05:52.518] [INPUT] [BattleScene] Key: KEY_EVENT -> Action: CONFIRM

[11:05:52] [2026-08-28 11:05:52.886] [INFO] [BattleScene] Turno dos Inimigos.

[11:05:52] [2026-08-28 11:05:52.887] [INFO] [Player] Rhogar Tordan sofreu 1 de dano e gerou fúria. HP: 114, Fúria: 100

[11:06:09] [2026-08-28 11:06:09.920] [INPUT] [BattleScene] Key: KEY_EVENT -> Action: CONFIRM

[11:06:10] [2026-08-28 11:06:10.278] [INFO] [Player] Rhogar Tordan atacou Guarda de Estayler B causando 18 de dano.

[11:06:10] [2026-08-28 11:06:10.280] [INPUT] [BattleScene] Key: KEY_EVENT -> Action: CONFIRM

[11:06:10] [2026-08-28 11:06:10.622] [INPUT] [BattleScene] Key: KEY_EVENT -> Action: CONFIRM

[11:06:10] [2026-08-28 11:06:10.878] [INPUT] [BattleScene] Key: KEY_EVENT -> Action: CONFIRM

[11:06:11] [2026-08-28 11:06:11.078] [INPUT] [BattleScene] Key: KEY_EVENT -> Action: CONFIRM

[11:06:11] [2026-08-28 11:06:11.085] [INFO] [BattleScene] Turno dos Inimigos.

[11:06:11] [2026-08-28 11:06:11.086] [INFO] [Player] Rhogar Tordan sofreu 1 de dano e gerou fúria. HP: 113, Fúria: 100

[11:06:11] [2026-08-28 11:06:11.263] [INPUT] [BattleScene] Key: KEY_EVENT -> Action: CONFIRM

[11:06:11] [2026-08-28 11:06:11.438] [INFO] [Player] Rhogar Tordan atacou Guarda de Estayler B causando 18 de dano.

[11:06:11] [2026-08-28 11:06:11.439] [INFO] [BattleScene] Batalha vencida (Multi-Alvo)!

[11:06:11] [2026-08-28 11:06:11.444] [INPUT] [BattleScene] Key: KEY_EVENT -> Action: CONFIRM

[11:06:11] [2026-08-28 11:06:11.630] [INPUT] [BattleScene] Key: KEY_EVENT -> Action: CONFIRM

[11:06:12] [2026-08-28 11:06:12.014] [INPUT] [BattleScene] Key: KEY_EVENT -> Action: CONFIRM

[11:06:12] [2026-08-28 11:06:12.270] [INPUT] [BattleScene] Key: KEY_EVENT -> Action: CONFIRM

[11:06:12] [2026-08-28 11:06:12.710] [INPUT] [BattleScene] Key: KEY_EVENT -> Action: CONFIRM

[11:06:13] [2026-08-28 11:06:13.454] [INFO] [RewardScene] Cena de Recompensa iniciada. Retorno agendado para: TavernScene

[11:06:13] [2026-08-28 11:06:13.470] [INFO] [SaveManager] Progresso salvo com sucesso via LocalStorage (Fallback).

[11:06:13] [2026-08-28 11:06:13.926] [INFO] [RewardScene] Retornando para a cena: TavernScene

[11:06:14] [2026-08-28 11:06:14.305] [INFO] [RewardScene] Retornando para a cena: TavernScene

[11:06:15] [2026-08-28 11:06:15.303] [QUEST] quest_01_flashback -> completed

[11:06:15] [2026-08-28 11:06:15.304] [QUEST] quest_02_temple -> active

[11:06:15] [2026-08-28 11:06:15.304] [INFO] [WorldManager] Iniciando transição: RewardScene -> TavernScene {"x":700,"y":480,"returnedFromFlashback":true,"battleOutcome":"victory"}

[11:06:15] [2026-08-28 11:06:15.305] [QUEST] quest_01_flashback -> completed

[11:06:15] [2026-08-28 11:06:15.306] [QUEST] quest_02_temple -> active

[11:06:15] [2026-08-28 11:06:15.628] [INFO] [InputManager] InputManager acoplado à cena atual.

[11:06:15] [2026-08-28 11:06:15.629] [INFO] [TavernScene] Ambiente da Taverna criado.

[11:06:15] [2026-08-28 11:06:15.630] [INFO] [TavernScene] Retornou do Flashback. Missões atualizadas.

[11:06:16] [2026-08-28 11:06:16.526] [INFO] [Intent] Input Z/ESPAÇO recebido: Iniciando interação com alvo [joseph_sylven].

[11:06:16] [2026-08-28 11:06:16.527] [DIALOGUE] [START] Speaker: Joseph Sylven | "Superamos aquele cerco com honra. Agora as muralhas nos esperam."

[11:06:16] [2026-08-28 11:06:16.527] [INPUT] [TavernScene] Key: KEY_EVENT -> Action: CONFIRM

[11:06:16] [2026-08-28 11:06:16.926] [INFO] [Intent] Input Z/ESPAÇO recebido: Avançando ou finalizando caixa de diálogo atual.

[11:06:16] [2026-08-28 11:06:16.927] [INPUT] [TavernScene] Key: KEY_EVENT -> Action: CONFIRM

[11:06:17] [2026-08-28 11:06:17.326] [INFO] [Intent] Input Z/ESPAÇO recebido: Avançando ou finalizando caixa de diálogo atual.

[11:06:17] [2026-08-28 11:06:17.326] [DIALOGUE] [NEXT] Speaker: Joseph Sylven | "As muralhas de Rastphen levam à Estrada Sul. Vá, os portões sul foram abertos."

[11:06:17] [2026-08-28 11:06:17.327] [INPUT] [TavernScene] Key: KEY_EVENT -> Action: CONFIRM

[11:06:17] [2026-08-28 11:06:17.726] [INFO] [Intent] Input Z/ESPAÇO recebido: Avançando ou finalizando caixa de diálogo atual.

[11:06:17] [2026-08-28 11:06:17.728] [INPUT] [TavernScene] Key: KEY_EVENT -> Action: CONFIRM

[11:06:18] [2026-08-28 11:06:18.089] [INFO] [Intent] Input Z/ESPAÇO recebido: Avançando ou finalizando caixa de diálogo atual.

[11:06:18] [2026-08-28 11:06:18.089] [DIALOGUE] [END] Speaker: 

[11:06:18] [2026-08-28 11:06:18.089] [INPUT] [TavernScene] Key: KEY_EVENT -> Action: CONFIRM

[11:06:18] [2026-08-28 11:06:18.422] [INPUT] [TavernScene] Key: KEY_EVENT -> Action: LEFT

[11:06:19] [2026-08-28 11:06:19.494] [INPUT] [TavernScene] Key: KEY_EVENT -> Action: DOWN

[11:06:19] [2026-08-28 11:06:19.969] [INFO] [WorldManager] Iniciando transição: TavernScene -> RastphenCityScene {"x":520,"y":880}

[11:06:20] [2026-08-28 11:06:20.269] [INFO] [WorldManager] Iniciando transição: TavernScene -> RastphenCityScene {"x":520,"y":880}

[11:06:20] [2026-08-28 11:06:20.285] [INFO] [RastphenCityScene] Renderizando mapa aberto da cidade.

[11:06:20] [2026-08-28 11:06:20.294] [INFO] [InputManager] InputManager acoplado à cena atual.

[11:06:20] [2026-08-28 11:06:20.951] [INPUT] [RastphenCityScene] Key: KEY_EVENT -> Action: RIGHT

[11:06:22] [2026-08-28 11:06:22.574] [INPUT] [RastphenCityScene] Key: KEY_EVENT -> Action: UP

[11:06:24] [2026-08-28 11:06:24.486] [INFO] [WorldManager] Iniciando transição: RastphenCityScene -> TempleScene {"x":400,"y":520}

[11:06:24] [2026-08-28 11:06:24.785] [INFO] [WorldManager] Iniciando transição: RastphenCityScene -> TempleScene {"x":400,"y":520}

[11:06:24] [2026-08-28 11:06:24.804] [INFO] [TempleScene] Renderizando Templo de Palmem.

[11:06:24] [2026-08-28 11:06:24.812] [INFO] [InputManager] InputManager acoplado à cena atual.

[11:06:25] [2026-08-28 11:06:25.558] [INPUT] [TempleScene] Key: KEY_EVENT -> Action: UP

[11:06:27] [2026-08-28 11:06:27.022] [INFO] [Intent] Input Z/ESPAÇO recebido: Iniciando interação com alvo [sacerdotisa_palmem].

[11:06:27] [2026-08-28 11:06:27.023] [DIALOGUE] [START] Speaker: Sacerdotisa | "O veneno arcano corrói o espírito de Gruther. Se não expurgarmos a fonte de magia negra no Bosque Cinzento, ele perecerá."

[11:06:27] [2026-08-28 11:06:27.023] [INPUT] [TempleScene] Key: KEY_EVENT -> Action: CONFIRM

[11:06:27] [2026-08-28 11:06:27.238] [INFO] [Intent] Input Z/ESPAÇO recebido: Avançando ou finalizando caixa de diálogo atual.

[11:06:27] [2026-08-28 11:06:27.241] [INPUT] [TempleScene] Key: KEY_EVENT -> Action: CONFIRM

[11:06:27] [2026-08-28 11:06:27.454] [INFO] [Intent] Input Z/ESPAÇO recebido: Avançando ou finalizando caixa de diálogo atual.

[11:06:27] [2026-08-28 11:06:27.455] [DIALOGUE] [END] Speaker: 

[11:06:27] [2026-08-28 11:06:27.455] [QUEST] quest_02_temple -> completed

[11:06:27] [2026-08-28 11:06:27.456] [QUEST] quest_03_investigate_farm -> active

[11:06:27] [2026-08-28 11:06:27.456] [INFO] [TempleScene] Quest "O Templo de Palmem" concluída! Nova Missão: Investigar a Fazenda.

[11:06:27] [2026-08-28 11:06:27.459] [INPUT] [TempleScene] Key: KEY_EVENT -> Action: CONFIRM

[11:06:27] [2026-08-28 11:06:27.655] [INFO] [Intent] Input Z/ESPAÇO recebido: Iniciando interação com alvo [sacerdotisa_palmem].

[11:06:27] [2026-08-28 11:06:27.655] [DIALOGUE] [START] Speaker: Sacerdotisa | "O veneno arcano corrói o espírito de Gruther. Se não expurgarmos a fonte de magia negra no Bosque Cinzento, ele perecerá."

[11:06:27] [2026-08-28 11:06:27.657] [INPUT] [TempleScene] Key: KEY_EVENT -> Action: CONFIRM

[11:06:27] [2026-08-28 11:06:27.904] [INFO] [Intent] Input Z/ESPAÇO recebido: Avançando ou finalizando caixa de diálogo atual.

[11:06:27] [2026-08-28 11:06:27.905] [INPUT] [TempleScene] Key: KEY_EVENT -> Action: CONFIRM

[11:06:28] [2026-08-28 11:06:28.272] [INFO] [Intent] Input Z/ESPAÇO recebido: Avançando ou finalizando caixa de diálogo atual.

[11:06:28] [2026-08-28 11:06:28.273] [DIALOGUE] [END] Speaker: 

[11:06:28] [2026-08-28 11:06:28.273] [INPUT] [TempleScene] Key: KEY_EVENT -> Action: CONFIRM

[11:06:29] [2026-08-28 11:06:29.023] [INPUT] [TempleScene] Key: KEY_EVENT -> Action: LEFT

[11:06:29] [2026-08-28 11:06:29.198] [INPUT] [TempleScene] Key: KEY_EVENT -> Action: UP

[11:06:29] [2026-08-28 11:06:29.750] [INFO] [Intent] Input Z/ESPAÇO recebido: Iniciando interação com alvo [gruther_leito].

[11:06:29] [2026-08-28 11:06:29.751] [DIALOGUE] [START] Speaker: Gruther | "As sombras... invadiram o celeiro. Um monstro de chifres. Eu ouvi o grito de Melissa... Salve-a..."

[11:06:29] [2026-08-28 11:06:29.752] [INPUT] [TempleScene] Key: KEY_EVENT -> Action: CONFIRM

[11:06:29] [2026-08-28 11:06:29.975] [INFO] [Intent] Input Z/ESPAÇO recebido: Avançando ou finalizando caixa de diálogo atual.

[11:06:29] [2026-08-28 11:06:29.977] [INPUT] [TempleScene] Key: KEY_EVENT -> Action: CONFIRM

[11:06:30] [2026-08-28 11:06:30.190] [INFO] [Intent] Input Z/ESPAÇO recebido: Avançando ou finalizando caixa de diálogo atual.

[11:06:30] [2026-08-28 11:06:30.190] [DIALOGUE] [END] Speaker: 

[11:06:30] [2026-08-28 11:06:30.190] [INPUT] [TempleScene] Key: KEY_EVENT -> Action: CONFIRM

[11:06:30] [2026-08-28 11:06:30.431] [INFO] [Intent] Input Z/ESPAÇO recebido: Iniciando interação com alvo [gruther_leito].

[11:06:30] [2026-08-28 11:06:30.431] [DIALOGUE] [START] Speaker: Gruther | "As sombras... invadiram o celeiro. Um monstro de chifres. Eu ouvi o grito de Melissa... Salve-a..."

[11:06:30] [2026-08-28 11:06:30.432] [INPUT] [TempleScene] Key: KEY_EVENT -> Action: CONFIRM

[11:06:30] [2026-08-28 11:06:30.790] [INFO] [Intent] Input Z/ESPAÇO recebido: Avançando ou finalizando caixa de diálogo atual.

[11:06:30] [2026-08-28 11:06:30.791] [INPUT] [TempleScene] Key: KEY_EVENT -> Action: CONFIRM

[11:06:31] [2026-08-28 11:06:31.087] [INFO] [Intent] Input Z/ESPAÇO recebido: Avançando ou finalizando caixa de diálogo atual.

[11:06:31] [2026-08-28 11:06:31.088] [DIALOGUE] [END] Speaker: 

[11:06:31] [2026-08-28 11:06:31.088] [INPUT] [TempleScene] Key: KEY_EVENT -> Action: CONFIRM

[11:06:31] [2026-08-28 11:06:31.390] [INPUT] [TempleScene] Key: KEY_EVENT -> Action: DOWN

[11:06:31] [2026-08-28 11:06:31.590] [INPUT] [TempleScene] Key: KEY_EVENT -> Action: RIGHT

[11:06:33] [2026-08-28 11:06:33.385] [INFO] [WorldManager] Iniciando transição: TempleScene -> RastphenCityScene {"x":600,"y":220}

[11:06:33] [2026-08-28 11:06:33.686] [INFO] [WorldManager] Iniciando transição: TempleScene -> RastphenCityScene {"x":600,"y":220}

[11:06:33] [2026-08-28 11:06:33.702] [INFO] [RastphenCityScene] Renderizando mapa aberto da cidade.

[11:06:33] [2026-08-28 11:06:33.706] [INFO] [InputManager] InputManager acoplado à cena atual.

[11:06:34] [2026-08-28 11:06:34.006] [INPUT] [RastphenCityScene] Key: KEY_EVENT -> Action: DOWN

[11:06:34] [2026-08-28 11:06:34.534] [INPUT] [RastphenCityScene] Key: KEY_EVENT -> Action: RIGHT

[11:06:36] [2026-08-28 11:06:36.303] [INPUT] [RastphenCityScene] Key: KEY_EVENT -> Action: RIGHT

[11:06:40] [2026-08-28 11:06:40.805] [INFO] [Intent] Input Z/ESPAÇO recebido: Nenhuma zona interativa próxima. Ação ignorada.

[11:06:40] [2026-08-28 11:06:40.806] [INPUT] [RastphenCityScene] Key: KEY_EVENT -> Action: CONFIRM

[11:06:41] [2026-08-28 11:06:41.143] [INPUT] [RastphenCityScene] Key: KEY_EVENT -> Action: UP

[11:06:41] [2026-08-28 11:06:41.198] [INPUT] [RastphenCityScene] Key: KEY_EVENT -> Action: LEFT

[11:06:41] [2026-08-28 11:06:41.862] [INPUT] [RastphenCityScene] Key: KEY_EVENT -> Action: DOWN

[11:06:42] [2026-08-28 11:06:42.247] [INFO] [Intent] Input Z/ESPAÇO recebido: Iniciando interação com alvo [guardas_muralha].

[11:06:42] [2026-08-28 11:06:42.247] [DIALOGUE] [START] Speaker: Guarda Telmer | "Atenção viajante. Criaturas estranhas foram vistas na Estrada Sul."

[11:06:42] [2026-08-28 11:06:42.249] [INPUT] [RastphenCityScene] Key: KEY_EVENT -> Action: CONFIRM

[11:06:42] [2026-08-28 11:06:42.663] [INFO] [Intent] Input Z/ESPAÇO recebido: Avançando ou finalizando caixa de diálogo atual.

[11:06:42] [2026-08-28 11:06:42.664] [INPUT] [RastphenCityScene] Key: KEY_EVENT -> Action: CONFIRM

[11:06:42] [2026-08-28 11:06:42.878] [INFO] [Intent] Input Z/ESPAÇO recebido: Avançando ou finalizando caixa de diálogo atual.

[11:06:42] [2026-08-28 11:06:42.879] [DIALOGUE] [NEXT] Speaker: Guarda Breno | "Tenha cuidado se for prosseguir. Os portões estão abertos para aventureiros."

[11:06:42] [2026-08-28 11:06:42.879] [INPUT] [RastphenCityScene] Key: KEY_EVENT -> Action: CONFIRM

[11:06:43] [2026-08-28 11:06:43.198] [INPUT] [RastphenCityScene] Key: KEY_EVENT -> Action: UP

[11:06:43] [2026-08-28 11:06:43.382] [INFO] [Intent] Input Z/ESPAÇO recebido: Avançando ou finalizando caixa de diálogo atual.

[11:06:43] [2026-08-28 11:06:43.383] [INPUT] [RastphenCityScene] Key: KEY_EVENT -> Action: CONFIRM

[11:06:43] [2026-08-28 11:06:43.757] [INFO] [Intent] Input Z/ESPAÇO recebido: Avançando ou finalizando caixa de diálogo atual.

[11:06:43] [2026-08-28 11:06:43.758] [DIALOGUE] [END] Speaker: 

[11:06:43] [2026-08-28 11:06:43.758] [INPUT] [RastphenCityScene] Key: KEY_EVENT -> Action: CONFIRM

[11:06:43] [2026-08-28 11:06:43.901] [INPUT] [RastphenCityScene] Key: KEY_EVENT -> Action: UP

[11:06:44] [2026-08-28 11:06:44.157] [INPUT] [RastphenCityScene] Key: KEY_EVENT -> Action: LEFT

[11:07:13] [2026-08-28 11:07:13.351] [INPUT] [RastphenCityScene] Key: KEY_EVENT -> Action: LEFT

[11:07:13] [2026-08-28 11:07:13.958] [INPUT] [RastphenCityScene] Key: KEY_EVENT -> Action: DOWN

[11:07:14] [2026-08-28 11:07:14.769] [INPUT] [RastphenCityScene] Key: KEY_EVENT -> Action: DOWN

[11:07:15] [2026-08-28 11:07:15.094] [INPUT] [RastphenCityScene] Key: KEY_EVENT -> Action: RIGHT

[11:07:15] [2026-08-28 11:07:15.222] [INPUT] [RastphenCityScene] Key: KEY_EVENT -> Action: UP

[11:07:15] [2026-08-28 11:07:15.758] [INPUT] [RastphenCityScene] Key: KEY_EVENT -> Action: LEFT

[11:07:16] [2026-08-28 11:07:16.238] [INPUT] [RastphenCityScene] Key: KEY_EVENT -> Action: DOWN

[11:07:17] [2026-08-28 11:07:17.125] [INPUT] [RastphenCityScene] Key: KEY_EVENT -> Action: UP

[11:07:17] [2026-08-28 11:07:17.701] [INPUT] [RastphenCityScene] Key: KEY_EVENT -> Action: RIGHT

[11:07:20] [2026-08-28 11:07:20.870] [INPUT] [RastphenCityScene] Key: KEY_EVENT -> Action: RIGHT

[11:07:21] [2026-08-28 11:07:21.117] [INPUT] [RastphenCityScene] Key: KEY_EVENT -> Action: DOWN

[11:07:21] [2026-08-28 11:07:21.718] [INPUT] [RastphenCityScene] Key: KEY_EVENT -> Action: UP

[11:07:24] [2026-08-28 11:07:24.046] [INPUT] [RastphenCityScene] Key: KEY_EVENT -> Action: DOWN

[11:07:24] [2026-08-28 11:07:24.598] [INPUT] [RastphenCityScene] Key: KEY_EVENT -> Action: RIGHT

[11:07:27] [2026-08-28 11:07:27.190] [INFO] [Intent] Input Z/ESPAÇO recebido: Iniciando interação com alvo [mercador_yanil].

[11:07:27] [2026-08-28 11:07:27.190] [DIALOGUE] [START] Speaker: Yânil | "Dizem que as ruínas do Bosque Cinzento despertaram novamente. Tenho suprimentos, se tiver ouro."

[11:07:27] [2026-08-28 11:07:27.192] [INPUT] [RastphenCityScene] Key: KEY_EVENT -> Action: CONFIRM

[11:07:27] [2026-08-28 11:07:27.438] [INFO] [Intent] Input Z/ESPAÇO recebido: Avançando ou finalizando caixa de diálogo atual.

[11:07:27] [2026-08-28 11:07:27.439] [INPUT] [RastphenCityScene] Key: KEY_EVENT -> Action: CONFIRM

[11:07:27] [2026-08-28 11:07:27.686] [INFO] [Intent] Input Z/ESPAÇO recebido: Avançando ou finalizando caixa de diálogo atual.

[11:07:27] [2026-08-28 11:07:27.686] [DIALOGUE] [END] Speaker: 

[11:07:27] [2026-08-28 11:07:27.686] [INPUT] [RastphenCityScene] Key: KEY_EVENT -> Action: CONFIRM

[11:07:28] [2026-08-28 11:07:28.030] [INFO] [Intent] Input Z/ESPAÇO recebido: Iniciando interação com alvo [mercador_yanil].

[11:07:28] [2026-08-28 11:07:28.030] [DIALOGUE] [START] Speaker: Yânil | "Dizem que as ruínas do Bosque Cinzento despertaram novamente. Tenho suprimentos, se tiver ouro."

[11:07:28] [2026-08-28 11:07:28.032] [INPUT] [RastphenCityScene] Key: KEY_EVENT -> Action: CONFIRM

[11:07:28] [2026-08-28 11:07:28.158] [INPUT] [RastphenCityScene] Key: KEY_EVENT -> Action: RIGHT

[11:07:28] [2026-08-28 11:07:28.454] [INFO] [Intent] Input Z/ESPAÇO recebido: Avançando ou finalizando caixa de diálogo atual.

[11:07:28] [2026-08-28 11:07:28.454] [INPUT] [RastphenCityScene] Key: KEY_EVENT -> Action: CONFIRM

[11:07:28] [2026-08-28 11:07:28.774] [INFO] [Intent] Input Z/ESPAÇO recebido: Avançando ou finalizando caixa de diálogo atual.

[11:07:28] [2026-08-28 11:07:28.774] [DIALOGUE] [END] Speaker: 

[11:07:28] [2026-08-28 11:07:28.774] [INPUT] [RastphenCityScene] Key: KEY_EVENT -> Action: CONFIRM

[11:07:29] [2026-08-28 11:07:29.430] [INPUT] [RastphenCityScene] Key: KEY_EVENT -> Action: UP

[11:07:31] [2026-08-28 11:07:31.991] [INPUT] [RastphenCityScene] Key: KEY_EVENT -> Action: DOWN

[11:07:33] [2026-08-28 11:07:33.022] [INPUT] [RastphenCityScene] Key: KEY_EVENT -> Action: LEFT

[11:07:37] [2026-08-28 11:07:37.678] [INPUT] [RastphenCityScene] Key: KEY_EVENT -> Action: LEFT

[11:07:43] [2026-08-28 11:07:43.935] [INPUT] [RastphenCityScene] Key: KEY_EVENT -> Action: UP

[11:07:44] [2026-08-28 11:07:44.278] [INPUT] [RastphenCityScene] Key: KEY_EVENT -> Action: RIGHT

[11:07:45] [2026-08-28 11:07:45.079] [INPUT] [RastphenCityScene] Key: KEY_EVENT -> Action: DOWN

[11:07:45] [2026-08-28 11:07:45.654] [INFO] [Intent] Input Z/ESPAÇO recebido: Nenhuma zona interativa próxima. Ação ignorada.

[11:07:45] [2026-08-28 11:07:45.655] [INPUT] [RastphenCityScene] Key: KEY_EVENT -> Action: CONFIRM

[11:07:46] [2026-08-28 11:07:46.102] [INFO] [Intent] Input Z/ESPAÇO recebido: Nenhuma zona interativa próxima. Ação ignorada.

[11:07:46] [2026-08-28 11:07:46.102] [INPUT] [RastphenCityScene] Key: KEY_EVENT -> Action: CONFIRM

[11:07:46] [2026-08-28 11:07:46.310] [INFO] [Intent] Input Z/ESPAÇO recebido: Nenhuma zona interativa próxima. Ação ignorada.

[11:07:46] [2026-08-28 11:07:46.311] [INPUT] [RastphenCityScene] Key: KEY_EVENT -> Action: CONFIRM

[11:07:46] [2026-08-28 11:07:46.510] [INFO] [Intent] Input Z/ESPAÇO recebido: Nenhuma zona interativa próxima. Ação ignorada.

[11:07:46] [2026-08-28 11:07:46.510] [INPUT] [RastphenCityScene] Key: KEY_EVENT -> Action: CONFIRM

[11:07:46] [2026-08-28 11:07:46.717] [INFO] [Intent] Input Z/ESPAÇO recebido: Nenhuma zona interativa próxima. Ação ignorada.

[11:07:46] [2026-08-28 11:07:46.718] [INPUT] [RastphenCityScene] Key: KEY_EVENT -> Action: CONFIRM

[11:07:47] [2026-08-28 11:07:47.270] [INPUT] [RastphenCityScene] Key: KEY_EVENT -> Action: UP

[11:07:47] [2026-08-28 11:07:47.878] [INPUT] [RastphenCityScene] Key: KEY_EVENT -> Action: RIGHT

[11:07:48] [2026-08-28 11:07:48.847] [INPUT] [RastphenCityScene] Key: KEY_EVENT -> Action: DOWN

[11:07:49] [2026-08-28 11:07:49.526] [INFO] [Intent] Input Z/ESPAÇO recebido: Nenhuma zona interativa próxima. Ação ignorada.

[11:07:49] [2026-08-28 11:07:49.526] [INPUT] [RastphenCityScene] Key: KEY_EVENT -> Action: CONFIRM

[11:07:49] [2026-08-28 11:07:49.670] [INPUT] [RastphenCityScene] Key: KEY_EVENT -> Action: RIGHT

[11:07:49] [2026-08-28 11:07:49.894] [INFO] [Intent] Input Z/ESPAÇO recebido: Nenhuma zona interativa próxima. Ação ignorada.

[11:07:49] [2026-08-28 11:07:49.894] [INPUT] [RastphenCityScene] Key: KEY_EVENT -> Action: CONFIRM

[11:07:50] [2026-08-28 11:07:50.070] [INFO] [Intent] Input Z/ESPAÇO recebido: Nenhuma zona interativa próxima. Ação ignorada.

[11:07:50] [2026-08-28 11:07:50.070] [INPUT] [RastphenCityScene] Key: KEY_EVENT -> Action: CONFIRM

[11:07:50] [2026-08-28 11:07:50.246] [INFO] [Intent] Input Z/ESPAÇO recebido: Nenhuma zona interativa próxima. Ação ignorada.

[11:07:50] [2026-08-28 11:07:50.246] [INPUT] [RastphenCityScene] Key: KEY_EVENT -> Action: CONFIRM

[11:07:50] [2026-08-28 11:07:50.351] [INPUT] [RastphenCityScene] Key: KEY_EVENT -> Action: LEFT

[11:07:50] [2026-08-28 11:07:50.590] [INFO] [Intent] Input Z/ESPAÇO recebido: Nenhuma zona interativa próxima. Ação ignorada.

[11:07:50] [2026-08-28 11:07:50.590] [INPUT] [RastphenCityScene] Key: KEY_EVENT -> Action: CONFIRM

[11:07:50] [2026-08-28 11:07:50.727] [INPUT] [RastphenCityScene] Key: KEY_EVENT -> Action: UP

[11:07:50] [2026-08-28 11:07:50.749] [INFO] [Intent] Input Z/ESPAÇO recebido: Nenhuma zona interativa próxima. Ação ignorada.

[11:07:50] [2026-08-28 11:07:50.750] [INPUT] [RastphenCityScene] Key: KEY_EVENT -> Action: CONFIRM

[11:07:50] [2026-08-28 11:07:50.973] [INFO] [Intent] Input Z/ESPAÇO recebido: Nenhuma zona interativa próxima. Ação ignorada.

[11:07:50] [2026-08-28 11:07:50.974] [INPUT] [RastphenCityScene] Key: KEY_EVENT -> Action: CONFIRM

[11:07:51] [2026-08-28 11:07:51.174] [INFO] [Intent] Input Z/ESPAÇO recebido: Nenhuma zona interativa próxima. Ação ignorada.

[11:07:51] [2026-08-28 11:07:51.174] [INPUT] [RastphenCityScene] Key: KEY_EVENT -> Action: CONFIRM

[11:07:51] [2026-08-28 11:07:51.358] [INFO] [Intent] Input Z/ESPAÇO recebido: Nenhuma zona interativa próxima. Ação ignorada.

[11:07:51] [2026-08-28 11:07:51.358] [INPUT] [RastphenCityScene] Key: KEY_EVENT -> Action: CONFIRM

[11:07:51] [2026-08-28 11:07:51.550] [INFO] [Intent] Input Z/ESPAÇO recebido: Nenhuma zona interativa próxima. Ação ignorada.

[11:07:51] [2026-08-28 11:07:51.551] [INPUT] [RastphenCityScene] Key: KEY_EVENT -> Action: CONFIRM

[11:07:51] [2026-08-28 11:07:51.718] [INFO] [Intent] Input Z/ESPAÇO recebido: Nenhuma zona interativa próxima. Ação ignorada.

[11:07:51] [2026-08-28 11:07:51.719] [INPUT] [RastphenCityScene] Key: KEY_EVENT -> Action: CONFIRM

[11:07:51] [2026-08-28 11:07:51.893] [INFO] [Intent] Input Z/ESPAÇO recebido: Nenhuma zona interativa próxima. Ação ignorada.

[11:07:51] [2026-08-28 11:07:51.894] [INPUT] [RastphenCityScene] Key: KEY_EVENT -> Action: CONFIRM

[11:07:52] [2026-08-28 11:07:52.054] [INFO] [Intent] Input Z/ESPAÇO recebido: Nenhuma zona interativa próxima. Ação ignorada.

[11:07:52] [2026-08-28 11:07:52.055] [INPUT] [RastphenCityScene] Key: KEY_EVENT -> Action: CONFIRM

[11:07:52] [2026-08-28 11:07:52.246] [INFO] [Intent] Input Z/ESPAÇO recebido: Nenhuma zona interativa próxima. Ação ignorada.

[11:07:52] [2026-08-28 11:07:52.248] [INPUT] [RastphenCityScene] Key: KEY_EVENT -> Action: CONFIRM

[11:07:52] [2026-08-28 11:07:52.430] [INFO] [Intent] Input Z/ESPAÇO recebido: Nenhuma zona interativa próxima. Ação ignorada.

[11:07:52] [2026-08-28 11:07:52.430] [INPUT] [RastphenCityScene] Key: KEY_EVENT -> Action: CONFIRM

[11:07:52] [2026-08-28 11:07:52.638] [INFO] [Intent] Input Z/ESPAÇO recebido: Nenhuma zona interativa próxima. Ação ignorada.

[11:07:52] [2026-08-28 11:07:52.638] [INPUT] [RastphenCityScene] Key: KEY_EVENT -> Action: CONFIRM

[11:18:04] [INIT] Logger inicializado e conectado ao Electron.
[11:18:05] [2026-08-28 11:18:05.288] [INFO] [PreloadScene] Assets procedurais provisórios gerados com sucesso.

[11:18:05] [2026-08-28 11:18:05.303] [INFO] [SaveManager] Progresso lido do LocalStorage.

[11:18:05] [2026-08-28 11:18:05.312] [INFO] [InputManager] InputManager acoplado à cena atual.

[11:18:05] [2026-08-28 11:18:05.316] [INFO] [MenuScene] Cena de Menu criada e inputs vinculados.

[11:18:10] [2026-08-28 11:18:10.515] [INFO] [MenuScene] Ação: Iniciar Novo Jogo (TavernScene)

[11:18:10] [2026-08-28 11:18:10.516] [INFO] [QuestManager] Progresso das missões resetado para novo jogo.

[11:18:10] [2026-08-28 11:18:10.516] [INPUT] [MenuScene] Key: KEY_EVENT -> Action: CONFIRM

[11:18:10] [2026-08-28 11:18:10.521] [INFO] [QuestManager] Banco de missões inicializado.

[11:18:10] [2026-08-28 11:18:10.551] [INFO] [InputManager] InputManager acoplado à cena atual.

[11:18:10] [2026-08-28 11:18:10.554] [INFO] [TavernScene] Ambiente da Taverna criado.

[11:18:11] [2026-08-28 11:18:11.494] [INPUT] [TavernScene] Key: KEY_EVENT -> Action: UP

[11:18:13] [2026-08-28 11:18:13.303] [INPUT] [TavernScene] Key: KEY_EVENT -> Action: UP

[11:18:14] [2026-08-28 11:18:14.118] [INFO] [Intent] Input Z/ESPAÇO recebido: Iniciando interação com alvo [hilda].

[11:18:14] [2026-08-28 11:18:14.121] [INPUT] [TavernScene] Key: KEY_EVENT -> Action: CONFIRM

[11:18:14] [2026-08-28 11:18:14.406] [INFO] [Intent] Input Z/ESPAÇO recebido: Avançando ou finalizando caixa de diálogo atual.

[11:18:14] [2026-08-28 11:18:14.406] [INFO] [InventoryManager] Item adicionado: potion_heal x1

[11:18:14] [2026-08-28 11:18:14.406] [INFO] [ShopUI] Comprou Poção de Vida por 20 PO

[11:18:14] [2026-08-28 11:18:14.407] [INPUT] [TavernScene] Key: KEY_EVENT -> Action: CONFIRM

[11:18:14] [2026-08-28 11:18:14.902] [INPUT] [TavernScene] Key: KEY_EVENT -> Action: DOWN

[11:18:15] [2026-08-28 11:18:15.110] [INPUT] [TavernScene] Key: KEY_EVENT -> Action: DOWN

[11:18:15] [2026-08-28 11:18:15.397] [INFO] [Intent] Input Z/ESPAÇO recebido: Avançando ou finalizando caixa de diálogo atual.

[11:18:15] [2026-08-28 11:18:15.398] [INPUT] [TavernScene] Key: KEY_EVENT -> Action: CONFIRM

[11:18:15] [2026-08-28 11:18:15.574] [INPUT] [TavernScene] Key: KEY_EVENT -> Action: RIGHT

[11:18:15] [2026-08-28 11:18:15.934] [INPUT] [TavernScene] Key: KEY_EVENT -> Action: DOWN

[11:18:16] [2026-08-28 11:18:16.655] [INPUT] [TavernScene] Key: KEY_EVENT -> Action: RIGHT

[11:18:16] [2026-08-28 11:18:16.967] [INFO] [Intent] Input Z/ESPAÇO recebido: Iniciando interação com alvo [traudon_alicia].

[11:18:16] [2026-08-28 11:18:16.968] [DIALOGUE] [START] Speaker: Traudon | "Ah... damascos em calda com cerveja, a perfeição da culinária anã! Não é mesmo, Alícia?"

[11:18:16] [2026-08-28 11:18:16.975] [INPUT] [TavernScene] Key: KEY_EVENT -> Action: CONFIRM

[11:18:17] [2026-08-28 11:18:17.199] [INFO] [Intent] Input Z/ESPAÇO recebido: Avançando ou finalizando caixa de diálogo atual.

[11:18:17] [2026-08-28 11:18:17.207] [INPUT] [TavernScene] Key: KEY_EVENT -> Action: CONFIRM

[11:18:17] [2026-08-28 11:18:17.575] [INFO] [Intent] Input Z/ESPAÇO recebido: Avançando ou finalizando caixa de diálogo atual.

[11:18:17] [2026-08-28 11:18:17.575] [DIALOGUE] [NEXT] Speaker: Alícia | "Você devia focar na sua magia, Traudon. Diga a ele, viajante."

[11:18:17] [2026-08-28 11:18:17.578] [INPUT] [TavernScene] Key: KEY_EVENT -> Action: CONFIRM

[11:18:17] [2026-08-28 11:18:17.782] [INFO] [Intent] Input Z/ESPAÇO recebido: Avançando ou finalizando caixa de diálogo atual.

[11:18:17] [2026-08-28 11:18:17.789] [INPUT] [TavernScene] Key: KEY_EVENT -> Action: CONFIRM

[11:18:17] [2026-08-28 11:18:17.966] [INFO] [Intent] Input Z/ESPAÇO recebido: Avançando ou finalizando caixa de diálogo atual.

[11:18:17] [2026-08-28 11:18:17.967] [DIALOGUE] [CHOICE] Speaker: Alícia | "[Positiva] Apreciar a melodia do alaúde de Alícia."

[11:18:17] [2026-08-28 11:18:17.968] [INPUT] [TavernScene] Key: KEY_EVENT -> Action: CONFIRM

[11:18:18] [2026-08-28 11:18:18.182] [INFO] [Intent] Input Z/ESPAÇO recebido: Avançando ou finalizando caixa de diálogo atual.

[11:18:18] [2026-08-28 11:18:18.184] [INPUT] [TavernScene] Key: KEY_EVENT -> Action: CONFIRM

[11:18:18] [2026-08-28 11:18:18.398] [INFO] [Intent] Input Z/ESPAÇO recebido: Avançando ou finalizando caixa de diálogo atual.

[11:18:18] [2026-08-28 11:18:18.399] [DIALOGUE] [NEXT] Speaker: Traudon | "Bah, não ligue para ela. Um druida anão retira seu poder da terra e dos doces!"

[11:18:18] [2026-08-28 11:18:18.400] [INPUT] [TavernScene] Key: KEY_EVENT -> Action: CONFIRM

[11:18:18] [2026-08-28 11:18:18.599] [INFO] [Intent] Input Z/ESPAÇO recebido: Avançando ou finalizando caixa de diálogo atual.

[11:18:18] [2026-08-28 11:18:18.601] [INPUT] [TavernScene] Key: KEY_EVENT -> Action: CONFIRM

[11:18:18] [2026-08-28 11:18:18.824] [INFO] [Intent] Input Z/ESPAÇO recebido: Avançando ou finalizando caixa de diálogo atual.

[11:18:18] [2026-08-28 11:18:18.826] [DIALOGUE] [END] Speaker: 

[11:18:18] [2026-08-28 11:18:18.826] [INPUT] [TavernScene] Key: KEY_EVENT -> Action: CONFIRM

[11:18:19] [2026-08-28 11:18:19.214] [INPUT] [TavernScene] Key: KEY_EVENT -> Action: LEFT

[11:18:21] [2026-08-28 11:18:21.447] [INFO] [Intent] Input Z/ESPAÇO recebido: Iniciando interação com alvo [veronica_stinfy].

[11:18:21] [2026-08-28 11:18:21.447] [DIALOGUE] [START] Speaker: Verônica Stinfy | "A magia abissal... Ela contorce a trama da realidade de formas interessantes."

[11:18:21] [2026-08-28 11:18:21.450] [INPUT] [TavernScene] Key: KEY_EVENT -> Action: CONFIRM

[11:18:21] [2026-08-28 11:18:21.630] [INFO] [Intent] Input Z/ESPAÇO recebido: Avançando ou finalizando caixa de diálogo atual.

[11:18:21] [2026-08-28 11:18:21.632] [INPUT] [TavernScene] Key: KEY_EVENT -> Action: CONFIRM

[11:18:21] [2026-08-28 11:18:21.822] [INFO] [Intent] Input Z/ESPAÇO recebido: Avançando ou finalizando caixa de diálogo atual.

[11:18:21] [2026-08-28 11:18:21.823] [DIALOGUE] [NEXT] Speaker: Verônica Stinfy | "O que você quer, meio-elfo?"

[11:18:21] [2026-08-28 11:18:21.823] [INPUT] [TavernScene] Key: KEY_EVENT -> Action: CONFIRM

[11:18:21] [2026-08-28 11:18:21.990] [INFO] [Intent] Input Z/ESPAÇO recebido: Avançando ou finalizando caixa de diálogo atual.

[11:18:21] [2026-08-28 11:18:21.994] [INPUT] [TavernScene] Key: KEY_EVENT -> Action: CONFIRM

[11:18:22] [2026-08-28 11:18:22.174] [INFO] [Intent] Input Z/ESPAÇO recebido: Avançando ou finalizando caixa de diálogo atual.

[11:18:22] [2026-08-28 11:18:22.174] [DIALOGUE] [CHOICE] Speaker: Verônica Stinfy | "[Positiva] Oferecer cooperação contra os cultistas."

[11:18:22] [2026-08-28 11:18:22.176] [INPUT] [TavernScene] Key: KEY_EVENT -> Action: CONFIRM

[11:18:22] [2026-08-28 11:18:22.406] [INFO] [Intent] Input Z/ESPAÇO recebido: Avançando ou finalizando caixa de diálogo atual.

[11:18:22] [2026-08-28 11:18:22.407] [INPUT] [TavernScene] Key: KEY_EVENT -> Action: CONFIRM

[11:18:22] [2026-08-28 11:18:22.693] [INFO] [Intent] Input Z/ESPAÇO recebido: Avançando ou finalizando caixa de diálogo atual.

[11:18:22] [2026-08-28 11:18:22.694] [DIALOGUE] [NEXT] Speaker: Verônica Stinfy | "Agora não me incomode. Estou trabalhando."

[11:18:22] [2026-08-28 11:18:22.694] [INPUT] [TavernScene] Key: KEY_EVENT -> Action: CONFIRM

[11:18:23] [2026-08-28 11:18:23.045] [INFO] [Intent] Input Z/ESPAÇO recebido: Avançando ou finalizando caixa de diálogo atual.

[11:18:23] [2026-08-28 11:18:23.046] [INPUT] [TavernScene] Key: KEY_EVENT -> Action: CONFIRM

[11:18:23] [2026-08-28 11:18:23.470] [INFO] [Intent] Input Z/ESPAÇO recebido: Avançando ou finalizando caixa de diálogo atual.

[11:18:23] [2026-08-28 11:18:23.470] [DIALOGUE] [END] Speaker: 

[11:18:23] [2026-08-28 11:18:23.470] [INPUT] [TavernScene] Key: KEY_EVENT -> Action: CONFIRM

[11:18:23] [2026-08-28 11:18:23.721] [INPUT] [TavernScene] Key: KEY_EVENT -> Action: DOWN

[11:18:24] [2026-08-28 11:18:24.206] [INPUT] [TavernScene] Key: KEY_EVENT -> Action: RIGHT

[11:18:24] [2026-08-28 11:18:24.954] [INPUT] [TavernScene] Key: KEY_EVENT -> Action: LEFT

[11:18:26] [2026-08-28 11:18:26.110] [INFO] [Intent] Input Z/ESPAÇO recebido: Iniciando interação com alvo [john_bardem].

[11:18:26] [2026-08-28 11:18:26.110] [DIALOGUE] [START] Speaker: John Bardem | "Fique frio e não faça movimentos bruscos."

[11:18:26] [2026-08-28 11:18:26.113] [INPUT] [TavernScene] Key: KEY_EVENT -> Action: CONFIRM

[11:18:26] [2026-08-28 11:18:26.304] [INFO] [Intent] Input Z/ESPAÇO recebido: Avançando ou finalizando caixa de diálogo atual.

[11:18:26] [2026-08-28 11:18:26.305] [INPUT] [TavernScene] Key: KEY_EVENT -> Action: CONFIRM

[11:18:26] [2026-08-28 11:18:26.479] [INFO] [Intent] Input Z/ESPAÇO recebido: Avançando ou finalizando caixa de diálogo atual.

[11:18:26] [2026-08-28 11:18:26.479] [DIALOGUE] [NEXT] Speaker: John Bardem | "Vê aquele mercenário perto da mesa? O que acha de agir?"

[11:18:26] [2026-08-28 11:18:26.480] [INPUT] [TavernScene] Key: KEY_EVENT -> Action: CONFIRM

[11:18:26] [2026-08-28 11:18:26.662] [INFO] [Intent] Input Z/ESPAÇO recebido: Avançando ou finalizando caixa de diálogo atual.

[11:18:26] [2026-08-28 11:18:26.664] [INPUT] [TavernScene] Key: KEY_EVENT -> Action: CONFIRM

[11:18:26] [2026-08-28 11:18:26.872] [INFO] [Intent] Input Z/ESPAÇO recebido: Avançando ou finalizando caixa de diálogo atual.

[11:18:26] [2026-08-28 11:18:26.872] [DIALOGUE] [CHOICE] Speaker: John Bardem | "[Positiva] Oferecer cobertura caso o mercenário reaja."

[11:18:26] [2026-08-28 11:18:26.873] [INPUT] [TavernScene] Key: KEY_EVENT -> Action: CONFIRM

[11:18:27] [2026-08-28 11:18:27.287] [INFO] [Intent] Input Z/ESPAÇO recebido: Avançando ou finalizando caixa de diálogo atual.

[11:18:27] [2026-08-28 11:18:27.289] [INPUT] [TavernScene] Key: KEY_EVENT -> Action: CONFIRM

[11:18:27] [2026-08-28 11:18:27.526] [INFO] [Intent] Input Z/ESPAÇO recebido: Avançando ou finalizando caixa de diálogo atual.

[11:18:27] [2026-08-28 11:18:27.527] [DIALOGUE] [END] Speaker: 

[11:18:27] [2026-08-28 11:18:27.527] [INPUT] [TavernScene] Key: KEY_EVENT -> Action: CONFIRM

[11:18:27] [2026-08-28 11:18:27.951] [INPUT] [TavernScene] Key: KEY_EVENT -> Action: RIGHT

[11:18:31] [2026-08-28 11:18:31.471] [INFO] [Intent] Input Z/ESPAÇO recebido: Iniciando interação com alvo [joseph_sylven].

[11:18:31] [2026-08-28 11:18:31.472] [DIALOGUE] [START] Speaker: Joseph Sylven | "Rhogar, meu rapaz. Vejo que a herança da sua mãe, a lâmina de Brentel, ainda pesa em suas costas."

[11:18:31] [2026-08-28 11:18:31.474] [INPUT] [TavernScene] Key: KEY_EVENT -> Action: CONFIRM

[11:18:31] [2026-08-28 11:18:31.678] [INFO] [Intent] Input Z/ESPAÇO recebido: Avançando ou finalizando caixa de diálogo atual.

[11:18:31] [2026-08-28 11:18:31.679] [INPUT] [TavernScene] Key: KEY_EVENT -> Action: CONFIRM

[11:18:31] [2026-08-28 11:18:31.935] [INFO] [Intent] Input Z/ESPAÇO recebido: Avançando ou finalizando caixa de diálogo atual.

[11:18:31] [2026-08-28 11:18:31.935] [DIALOGUE] [NEXT] Speaker: Joseph Sylven | "Aquela emboscada em Estayler ainda o assombra, não é? Lembre-se do que houve na carroça de escravos..."

[11:18:31] [2026-08-28 11:18:31.936] [INPUT] [TavernScene] Key: KEY_EVENT -> Action: CONFIRM

[11:18:32] [2026-08-28 11:18:32.134] [INFO] [Intent] Input Z/ESPAÇO recebido: Avançando ou finalizando caixa de diálogo atual.

[11:18:32] [2026-08-28 11:18:32.136] [INPUT] [TavernScene] Key: KEY_EVENT -> Action: CONFIRM

[11:18:32] [2026-08-28 11:18:32.334] [INFO] [Intent] Input Z/ESPAÇO recebido: Avançando ou finalizando caixa de diálogo atual.

[11:18:32] [2026-08-28 11:18:32.335] [DIALOGUE] [END] Speaker: 

[11:18:32] [2026-08-28 11:18:32.335] [INFO] [TavernScene] Rhogar lembrou do passado. Iniciando Flashback...

[11:18:32] [2026-08-28 11:18:32.335] [INPUT] [TavernScene] Key: KEY_EVENT -> Action: CONFIRM

[11:18:32] [2026-08-28 11:18:32.510] [INFO] [Intent] Input Z/ESPAÇO recebido: Iniciando interação com alvo [joseph_sylven].

[11:18:32] [2026-08-28 11:18:32.510] [DIALOGUE] [START] Speaker: Joseph Sylven | "Rhogar, meu rapaz. Vejo que a herança da sua mãe, a lâmina de Brentel, ainda pesa em suas costas."

[11:18:32] [2026-08-28 11:18:32.510] [INPUT] [TavernScene] Key: KEY_EVENT -> Action: CONFIRM

[11:18:32] [2026-08-28 11:18:32.891] [DIALOGUE] [START] Speaker: Iksar | "Ora, ora... um draconato intrometido! Guardas, ensinem uma lição a esse lagarto!"

[11:18:33] [2026-08-28 11:18:33.512] [DIALOGUE] [NEXT] Speaker: Rhogar | "Solte a garota, Iksar. Essa covardia termina aqui!"

[11:18:33] [2026-08-28 11:18:33.880] [DIALOGUE] [END] Speaker: 

[11:18:34] [2026-08-28 11:18:34.451] [INFO] [BattleScene] Combate iniciado com suporte total a Teclado.

[11:18:34] [2026-08-28 11:18:34.451] [INFO] [InputManager] InputManager acoplado à cena atual.

[11:18:35] [2026-08-28 11:18:35.231] [INPUT] [BattleScene] Key: KEY_EVENT -> Action: CONFIRM

[11:18:35] [2026-08-28 11:18:35.406] [INFO] [Player] Rhogar Tordan atacou Guarda de Estayler A causando 18 de dano.

[11:18:35] [2026-08-28 11:18:35.413] [INPUT] [BattleScene] Key: KEY_EVENT -> Action: CONFIRM

[11:18:35] [2026-08-28 11:18:35.574] [INPUT] [BattleScene] Key: KEY_EVENT -> Action: CONFIRM

[11:18:35] [2026-08-28 11:18:35.742] [INPUT] [BattleScene] Key: KEY_EVENT -> Action: CONFIRM

[11:18:35] [2026-08-28 11:18:35.902] [INPUT] [BattleScene] Key: KEY_EVENT -> Action: CONFIRM

[11:18:36] [2026-08-28 11:18:36.070] [INPUT] [BattleScene] Key: KEY_EVENT -> Action: CONFIRM

[11:18:36] [2026-08-28 11:18:36.218] [INFO] [BattleScene] Turno dos Inimigos.

[11:18:36] [2026-08-28 11:18:36.220] [INFO] [Player] Rhogar Tordan sofreu 1 de dano e gerou fúria. HP: 119, Fúria: 25

[11:18:36] [2026-08-28 11:18:36.223] [INFO] [Player] Rhogar Tordan sofreu 1 de dano e gerou fúria. HP: 118, Fúria: 40

[11:18:36] [2026-08-28 11:18:36.246] [INPUT] [BattleScene] Key: KEY_EVENT -> Action: CONFIRM

[11:18:36] [2026-08-28 11:18:36.422] [INFO] [Player] Rhogar Tordan atacou Guarda de Estayler A causando 18 de dano.

[11:18:36] [2026-08-28 11:18:36.425] [INPUT] [BattleScene] Key: KEY_EVENT -> Action: CONFIRM

[11:18:36] [2026-08-28 11:18:36.598] [INPUT] [BattleScene] Key: KEY_EVENT -> Action: CONFIRM

[11:18:36] [2026-08-28 11:18:36.790] [INPUT] [BattleScene] Key: KEY_EVENT -> Action: CONFIRM

[11:18:36] [2026-08-28 11:18:36.966] [INPUT] [BattleScene] Key: KEY_EVENT -> Action: CONFIRM

[11:18:37] [2026-08-28 11:18:37.142] [INPUT] [BattleScene] Key: KEY_EVENT -> Action: CONFIRM

[11:18:37] [2026-08-28 11:18:37.218] [INFO] [BattleScene] Turno dos Inimigos.

[11:18:37] [2026-08-28 11:18:37.218] [INFO] [Player] Rhogar Tordan sofreu 1 de dano e gerou fúria. HP: 117, Fúria: 65

[11:18:37] [2026-08-28 11:18:37.221] [INFO] [Player] Rhogar Tordan sofreu 1 de dano e gerou fúria. HP: 116, Fúria: 80

[11:18:37] [2026-08-28 11:18:37.366] [INPUT] [BattleScene] Key: KEY_EVENT -> Action: CONFIRM

[11:18:37] [2026-08-28 11:18:37.558] [INFO] [Player] Rhogar Tordan atacou Guarda de Estayler A causando 18 de dano.

[11:18:37] [2026-08-28 11:18:37.560] [INPUT] [BattleScene] Key: KEY_EVENT -> Action: CONFIRM

[11:18:37] [2026-08-28 11:18:37.751] [INPUT] [BattleScene] Key: KEY_EVENT -> Action: CONFIRM

[11:18:37] [2026-08-28 11:18:37.926] [INPUT] [BattleScene] Key: KEY_EVENT -> Action: CONFIRM

[11:18:38] [2026-08-28 11:18:38.126] [INPUT] [BattleScene] Key: KEY_EVENT -> Action: CONFIRM

[11:18:38] [2026-08-28 11:18:38.318] [INPUT] [BattleScene] Key: KEY_EVENT -> Action: CONFIRM

[11:18:38] [2026-08-28 11:18:38.367] [INFO] [BattleScene] Turno dos Inimigos.

[11:18:38] [2026-08-28 11:18:38.368] [INFO] [Player] Rhogar Tordan sofreu 1 de dano e gerou fúria. HP: 115, Fúria: 100

[11:18:38] [2026-08-28 11:18:38.503] [INPUT] [BattleScene] Key: KEY_EVENT -> Action: CONFIRM

[11:18:38] [2026-08-28 11:18:38.671] [INFO] [Player] Rhogar Tordan atacou Guarda de Estayler B causando 18 de dano.

[11:18:38] [2026-08-28 11:18:38.674] [INPUT] [BattleScene] Key: KEY_EVENT -> Action: CONFIRM

[11:18:38] [2026-08-28 11:18:38.878] [INPUT] [BattleScene] Key: KEY_EVENT -> Action: CONFIRM

[11:18:39] [2026-08-28 11:18:39.078] [INPUT] [BattleScene] Key: KEY_EVENT -> Action: CONFIRM

[11:18:39] [2026-08-28 11:18:39.278] [INPUT] [BattleScene] Key: KEY_EVENT -> Action: CONFIRM

[11:18:39] [2026-08-28 11:18:39.484] [INFO] [BattleScene] Turno dos Inimigos.

[11:18:39] [2026-08-28 11:18:39.484] [INFO] [Player] Rhogar Tordan sofreu 1 de dano e gerou fúria. HP: 114, Fúria: 100

[11:18:39] [2026-08-28 11:18:39.502] [INPUT] [BattleScene] Key: KEY_EVENT -> Action: CONFIRM

[11:18:39] [2026-08-28 11:18:39.726] [INFO] [Player] Rhogar Tordan atacou Guarda de Estayler B causando 18 de dano.

[11:18:39] [2026-08-28 11:18:39.728] [INPUT] [BattleScene] Key: KEY_EVENT -> Action: CONFIRM

[11:18:39] [2026-08-28 11:18:39.934] [INPUT] [BattleScene] Key: KEY_EVENT -> Action: CONFIRM

[11:18:40] [2026-08-28 11:18:40.190] [INPUT] [BattleScene] Key: KEY_EVENT -> Action: CONFIRM

[11:18:40] [2026-08-28 11:18:40.445] [INPUT] [BattleScene] Key: KEY_EVENT -> Action: CONFIRM

[11:18:40] [2026-08-28 11:18:40.534] [INFO] [BattleScene] Turno dos Inimigos.

[11:18:40] [2026-08-28 11:18:40.535] [INFO] [Player] Rhogar Tordan sofreu 1 de dano e gerou fúria. HP: 113, Fúria: 100

[11:18:40] [2026-08-28 11:18:40.894] [INPUT] [BattleScene] Key: KEY_EVENT -> Action: CONFIRM

[11:18:41] [2026-08-28 11:18:41.086] [INFO] [Player] Rhogar Tordan atacou Guarda de Estayler B causando 18 de dano.

[11:18:41] [2026-08-28 11:18:41.089] [INFO] [BattleScene] Batalha vencida (Multi-Alvo)!

[11:18:41] [2026-08-28 11:18:41.095] [INPUT] [BattleScene] Key: KEY_EVENT -> Action: CONFIRM

[11:18:41] [2026-08-28 11:18:41.270] [INPUT] [BattleScene] Key: KEY_EVENT -> Action: CONFIRM

[11:18:41] [2026-08-28 11:18:41.502] [INPUT] [BattleScene] Key: KEY_EVENT -> Action: CONFIRM

[11:18:41] [2026-08-28 11:18:41.702] [INPUT] [BattleScene] Key: KEY_EVENT -> Action: CONFIRM

[11:18:41] [2026-08-28 11:18:41.919] [INPUT] [BattleScene] Key: KEY_EVENT -> Action: CONFIRM

[11:18:42] [2026-08-28 11:18:42.136] [INPUT] [BattleScene] Key: KEY_EVENT -> Action: CONFIRM

[11:18:42] [2026-08-28 11:18:42.358] [INPUT] [BattleScene] Key: KEY_EVENT -> Action: CONFIRM

[11:18:43] [2026-08-28 11:18:43.126] [INFO] [RewardScene] Cena de Recompensa iniciada. Retorno agendado para: TavernScene

[11:18:43] [2026-08-28 11:18:43.137] [INFO] [SaveManager] Progresso salvo com sucesso via LocalStorage (Fallback).

[11:18:43] [2026-08-28 11:18:43.768] [INFO] [RewardScene] Retornando para a cena: TavernScene

[11:18:43] [2026-08-28 11:18:43.770] [QUEST] quest_01_flashback -> completed

[11:18:43] [2026-08-28 11:18:43.770] [QUEST] quest_02_temple -> active

[11:18:43] [2026-08-28 11:18:43.771] [INFO] [WorldManager] Iniciando transição: RewardScene -> TavernScene {"x":700,"y":480,"returnedFromFlashback":true,"battleOutcome":"victory"}

[11:18:44] [2026-08-28 11:18:44.078] [INFO] [InputManager] InputManager acoplado à cena atual.

[11:18:44] [2026-08-28 11:18:44.081] [INFO] [TavernScene] Ambiente da Taverna criado.

[11:18:44] [2026-08-28 11:18:44.082] [INFO] [TavernScene] Retornou do Flashback. Missões atualizadas.

[11:18:44] [2026-08-28 11:18:44.542] [INPUT] [TavernScene] Key: KEY_EVENT -> Action: LEFT

[11:18:44] [2026-08-28 11:18:44.799] [INPUT] [TavernScene] Key: KEY_EVENT -> Action: DOWN

[11:18:45] [2026-08-28 11:18:45.390] [INPUT] [TavernScene] Key: KEY_EVENT -> Action: UP

[11:18:45] [2026-08-28 11:18:45.911] [INPUT] [TavernScene] Key: KEY_EVENT -> Action: DOWN

[11:18:46] [2026-08-28 11:18:46.234] [INFO] [WorldManager] Iniciando transição: TavernScene -> RastphenCityScene {"x":520,"y":880}

[11:18:46] [2026-08-28 11:18:46.551] [INFO] [WorldManager] Iniciando transição: TavernScene -> RastphenCityScene {"x":520,"y":880}

[11:18:46] [2026-08-28 11:18:46.568] [INFO] [RastphenCityScene] Renderizando mapa aberto da cidade.

[11:18:46] [2026-08-28 11:18:46.577] [INFO] [InputManager] InputManager acoplado à cena atual.

[11:18:47] [2026-08-28 11:18:47.110] [INPUT] [RastphenCityScene] Key: KEY_EVENT -> Action: RIGHT

[11:18:47] [2026-08-28 11:18:47.430] [INPUT] [RastphenCityScene] Key: KEY_EVENT -> Action: UP

[11:18:48] [2026-08-28 11:18:48.477] [INPUT] [RastphenCityScene] Key: KEY_EVENT -> Action: DOWN

[11:18:48] [2026-08-28 11:18:48.942] [INPUT] [RastphenCityScene] Key: KEY_EVENT -> Action: UP

[11:18:50] [2026-08-28 11:18:50.500] [INFO] [WorldManager] Iniciando transição: RastphenCityScene -> TempleScene {"x":400,"y":520}

[11:18:50] [2026-08-28 11:18:50.801] [INFO] [WorldManager] Iniciando transição: RastphenCityScene -> TempleScene {"x":400,"y":520}

[11:18:50] [2026-08-28 11:18:50.817] [INFO] [TempleScene] Renderizando Templo de Palmem.

[11:18:50] [2026-08-28 11:18:50.826] [INFO] [InputManager] InputManager acoplado à cena atual.

[11:18:51] [2026-08-28 11:18:51.270] [INPUT] [TempleScene] Key: KEY_EVENT -> Action: UP

[11:18:52] [2026-08-28 11:18:52.718] [INFO] [Intent] Input Z/ESPAÇO recebido: Iniciando interação com alvo [sacerdotisa_palmem].

[11:18:52] [2026-08-28 11:18:52.718] [DIALOGUE] [START] Speaker: Sacerdotisa | "O veneno arcano corrói o espírito de Gruther. Se não expurgarmos a fonte de magia negra no Bosque Cinzento, ele perecerá."

[11:18:52] [2026-08-28 11:18:52.720] [INPUT] [TempleScene] Key: KEY_EVENT -> Action: CONFIRM

[11:18:52] [2026-08-28 11:18:52.902] [INFO] [Intent] Input Z/ESPAÇO recebido: Avançando ou finalizando caixa de diálogo atual.

[11:18:52] [2026-08-28 11:18:52.904] [INPUT] [TempleScene] Key: KEY_EVENT -> Action: CONFIRM

[11:18:53] [2026-08-28 11:18:53.078] [INFO] [Intent] Input Z/ESPAÇO recebido: Avançando ou finalizando caixa de diálogo atual.

[11:18:53] [2026-08-28 11:18:53.078] [DIALOGUE] [END] Speaker: 

[11:18:53] [2026-08-28 11:18:53.078] [QUEST] quest_02_temple -> completed

[11:18:53] [2026-08-28 11:18:53.078] [QUEST] quest_03_investigate_farm -> active

[11:18:53] [2026-08-28 11:18:53.078] [INFO] [TempleScene] Quest "O Templo de Palmem" concluída! Nova Missão: Investigar a Fazenda.

[11:18:53] [2026-08-28 11:18:53.080] [INPUT] [TempleScene] Key: KEY_EVENT -> Action: CONFIRM

[11:18:53] [2026-08-28 11:18:53.262] [INFO] [Intent] Input Z/ESPAÇO recebido: Iniciando interação com alvo [sacerdotisa_palmem].

[11:18:53] [2026-08-28 11:18:53.263] [DIALOGUE] [START] Speaker: Sacerdotisa | "O veneno arcano corrói o espírito de Gruther. Se não expurgarmos a fonte de magia negra no Bosque Cinzento, ele perecerá."

[11:18:53] [2026-08-28 11:18:53.264] [INPUT] [TempleScene] Key: KEY_EVENT -> Action: CONFIRM

[11:18:53] [2026-08-28 11:18:53.606] [INFO] [Intent] Input Z/ESPAÇO recebido: Avançando ou finalizando caixa de diálogo atual.

[11:18:53] [2026-08-28 11:18:53.607] [INPUT] [TempleScene] Key: KEY_EVENT -> Action: CONFIRM

[11:18:53] [2026-08-28 11:18:53.910] [INFO] [Intent] Input Z/ESPAÇO recebido: Avançando ou finalizando caixa de diálogo atual.

[11:18:53] [2026-08-28 11:18:53.910] [DIALOGUE] [END] Speaker: 

[11:18:53] [2026-08-28 11:18:53.910] [INPUT] [TempleScene] Key: KEY_EVENT -> Action: CONFIRM

[11:18:54] [2026-08-28 11:18:54.135] [INPUT] [TempleScene] Key: KEY_EVENT -> Action: LEFT

[11:18:54] [2026-08-28 11:18:54.952] [INFO] [Intent] Input Z/ESPAÇO recebido: Iniciando interação com alvo [gruther_leito].

[11:18:54] [2026-08-28 11:18:54.953] [DIALOGUE] [START] Speaker: Gruther | "As sombras... invadiram o celeiro. Um monstro de chifres. Eu ouvi o grito de Melissa... Salve-a..."

[11:18:54] [2026-08-28 11:18:54.955] [INPUT] [TempleScene] Key: KEY_EVENT -> Action: CONFIRM

[11:18:55] [2026-08-28 11:18:55.135] [INFO] [Intent] Input Z/ESPAÇO recebido: Avançando ou finalizando caixa de diálogo atual.

[11:18:55] [2026-08-28 11:18:55.137] [INPUT] [TempleScene] Key: KEY_EVENT -> Action: CONFIRM

[11:18:55] [2026-08-28 11:18:55.326] [INFO] [Intent] Input Z/ESPAÇO recebido: Avançando ou finalizando caixa de diálogo atual.

[11:18:55] [2026-08-28 11:18:55.326] [DIALOGUE] [END] Speaker: 

[11:18:55] [2026-08-28 11:18:55.326] [INPUT] [TempleScene] Key: KEY_EVENT -> Action: CONFIRM

[11:18:55] [2026-08-28 11:18:55.511] [INFO] [Intent] Input Z/ESPAÇO recebido: Iniciando interação com alvo [gruther_leito].

[11:18:55] [2026-08-28 11:18:55.511] [DIALOGUE] [START] Speaker: Gruther | "As sombras... invadiram o celeiro. Um monstro de chifres. Eu ouvi o grito de Melissa... Salve-a..."

[11:18:55] [2026-08-28 11:18:55.512] [INPUT] [TempleScene] Key: KEY_EVENT -> Action: CONFIRM

[11:18:55] [2026-08-28 11:18:55.854] [INFO] [Intent] Input Z/ESPAÇO recebido: Avançando ou finalizando caixa de diálogo atual.

[11:18:55] [2026-08-28 11:18:55.855] [INPUT] [TempleScene] Key: KEY_EVENT -> Action: CONFIRM

[11:18:56] [2026-08-28 11:18:56.230] [INFO] [Intent] Input Z/ESPAÇO recebido: Avançando ou finalizando caixa de diálogo atual.

[11:18:56] [2026-08-28 11:18:56.230] [DIALOGUE] [END] Speaker: 

[11:18:56] [2026-08-28 11:18:56.231] [INPUT] [TempleScene] Key: KEY_EVENT -> Action: CONFIRM

[11:18:56] [2026-08-28 11:18:56.494] [INPUT] [TempleScene] Key: KEY_EVENT -> Action: DOWN

[11:18:56] [2026-08-28 11:18:56.822] [INPUT] [TempleScene] Key: KEY_EVENT -> Action: RIGHT

[11:18:58] [2026-08-28 11:18:58.238] [INPUT] [TempleScene] Key: KEY_EVENT -> Action: LEFT

[11:18:58] [2026-08-28 11:18:58.367] [INFO] [WorldManager] Iniciando transição: TempleScene -> RastphenCityScene {"x":600,"y":220}

[11:18:58] [2026-08-28 11:18:58.667] [INFO] [WorldManager] Iniciando transição: TempleScene -> RastphenCityScene {"x":600,"y":220}

[11:18:58] [2026-08-28 11:18:58.684] [INFO] [RastphenCityScene] Renderizando mapa aberto da cidade.

[11:18:58] [2026-08-28 11:18:58.686] [INFO] [InputManager] InputManager acoplado à cena atual.

[11:18:59] [2026-08-28 11:18:59.006] [INPUT] [RastphenCityScene] Key: KEY_EVENT -> Action: DOWN

[11:18:59] [2026-08-28 11:18:59.511] [INPUT] [RastphenCityScene] Key: KEY_EVENT -> Action: RIGHT

[11:19:01] [2026-08-28 11:19:01.383] [INPUT] [RastphenCityScene] Key: KEY_EVENT -> Action: RIGHT

[11:19:01] [2026-08-28 11:19:01.846] [INPUT] [RastphenCityScene] Key: KEY_EVENT -> Action: UP

[11:19:02] [2026-08-28 11:19:02.342] [INPUT] [RastphenCityScene] Key: KEY_EVENT -> Action: DOWN

[11:19:02] [2026-08-28 11:19:02.646] [INFO] [Intent] Input Z/ESPAÇO recebido: Iniciando interação com alvo [mercador_yanil].

[11:19:02] [2026-08-28 11:19:02.646] [DIALOGUE] [START] Speaker: Yânil | "Dizem que as ruínas do Bosque Cinzento despertaram novamente. Tenho suprimentos, se tiver ouro."

[11:19:02] [2026-08-28 11:19:02.648] [INPUT] [RastphenCityScene] Key: KEY_EVENT -> Action: CONFIRM

[11:19:02] [2026-08-28 11:19:02.846] [INFO] [Intent] Input Z/ESPAÇO recebido: Avançando ou finalizando caixa de diálogo atual.

[11:19:02] [2026-08-28 11:19:02.847] [INPUT] [RastphenCityScene] Key: KEY_EVENT -> Action: CONFIRM

[11:19:03] [2026-08-28 11:19:03.038] [INFO] [Intent] Input Z/ESPAÇO recebido: Avançando ou finalizando caixa de diálogo atual.

[11:19:03] [2026-08-28 11:19:03.038] [DIALOGUE] [END] Speaker: 

[11:19:03] [2026-08-28 11:19:03.038] [INPUT] [RastphenCityScene] Key: KEY_EVENT -> Action: CONFIRM

[11:19:03] [2026-08-28 11:19:03.358] [INPUT] [RastphenCityScene] Key: KEY_EVENT -> Action: DOWN

[11:19:07] [2026-08-28 11:19:07.279] [INPUT] [RastphenCityScene] Key: KEY_EVENT -> Action: DOWN

[11:19:07] [2026-08-28 11:19:07.968] [INPUT] [RastphenCityScene] Key: KEY_EVENT -> Action: RIGHT

[11:19:08] [2026-08-28 11:19:08.222] [INPUT] [RastphenCityScene] Key: KEY_EVENT -> Action: UP

[11:19:08] [2026-08-28 11:19:08.535] [INFO] [Intent] Input Z/ESPAÇO recebido: Iniciando interação com alvo [guardas_muralha].

[11:19:08] [2026-08-28 11:19:08.535] [DIALOGUE] [START] Speaker: Guarda Telmer | "Atenção viajante. Criaturas estranhas foram vistas na Estrada Sul."

[11:19:08] [2026-08-28 11:19:08.536] [INPUT] [RastphenCityScene] Key: KEY_EVENT -> Action: CONFIRM

[11:19:08] [2026-08-28 11:19:08.790] [INPUT] [RastphenCityScene] Key: KEY_EVENT -> Action: LEFT

[11:19:09] [2026-08-28 11:19:09.022] [INFO] [Intent] Input Z/ESPAÇO recebido: Avançando ou finalizando caixa de diálogo atual.

[11:19:09] [2026-08-28 11:19:09.022] [INPUT] [RastphenCityScene] Key: KEY_EVENT -> Action: CONFIRM

[11:19:09] [2026-08-28 11:19:09.222] [INFO] [Intent] Input Z/ESPAÇO recebido: Avançando ou finalizando caixa de diálogo atual.

[11:19:09] [2026-08-28 11:19:09.222] [DIALOGUE] [NEXT] Speaker: Guarda Breno | "Tenha cuidado se for prosseguir. Os portões estão abertos para aventureiros."

[11:19:09] [2026-08-28 11:19:09.223] [INPUT] [RastphenCityScene] Key: KEY_EVENT -> Action: CONFIRM

[11:19:09] [2026-08-28 11:19:09.552] [INFO] [Intent] Input Z/ESPAÇO recebido: Avançando ou finalizando caixa de diálogo atual.

[11:19:09] [2026-08-28 11:19:09.554] [INPUT] [RastphenCityScene] Key: KEY_EVENT -> Action: CONFIRM

[11:19:09] [2026-08-28 11:19:09.799] [INFO] [Intent] Input Z/ESPAÇO recebido: Avançando ou finalizando caixa de diálogo atual.

[11:19:09] [2026-08-28 11:19:09.799] [DIALOGUE] [END] Speaker: 

[11:19:09] [2026-08-28 11:19:09.800] [INPUT] [RastphenCityScene] Key: KEY_EVENT -> Action: CONFIRM

[11:19:10] [2026-08-28 11:19:10.102] [INPUT] [RastphenCityScene] Key: KEY_EVENT -> Action: LEFT

[11:19:10] [2026-08-28 11:19:10.389] [INPUT] [RastphenCityScene] Key: KEY_EVENT -> Action: UP

[11:19:10] [2026-08-28 11:19:10.974] [INFO] [Intent] Input Z/ESPAÇO recebido: Iniciando interação com alvo [guardas_muralha].

[11:19:10] [2026-08-28 11:19:10.974] [DIALOGUE] [START] Speaker: Guarda Telmer | "Atenção viajante. Criaturas estranhas foram vistas na Estrada Sul."

[11:19:10] [2026-08-28 11:19:10.975] [INPUT] [RastphenCityScene] Key: KEY_EVENT -> Action: CONFIRM

[11:19:12] [2026-08-28 11:19:12.501] [INFO] [Intent] Input Z/ESPAÇO recebido: Avançando ou finalizando caixa de diálogo atual.

[11:19:12] [2026-08-28 11:19:12.502] [INPUT] [RastphenCityScene] Key: KEY_EVENT -> Action: CONFIRM

[11:19:12] [2026-08-28 11:19:12.926] [INFO] [Intent] Input Z/ESPAÇO recebido: Avançando ou finalizando caixa de diálogo atual.

[11:19:12] [2026-08-28 11:19:12.927] [DIALOGUE] [NEXT] Speaker: Guarda Breno | "Tenha cuidado se for prosseguir. Os portões estão abertos para aventureiros."

[11:19:12] [2026-08-28 11:19:12.927] [INPUT] [RastphenCityScene] Key: KEY_EVENT -> Action: CONFIRM

[11:19:13] [2026-08-28 11:19:13.326] [INFO] [Intent] Input Z/ESPAÇO recebido: Avançando ou finalizando caixa de diálogo atual.

[11:19:13] [2026-08-28 11:19:13.327] [INPUT] [RastphenCityScene] Key: KEY_EVENT -> Action: CONFIRM

[11:19:13] [2026-08-28 11:19:13.878] [INFO] [Intent] Input Z/ESPAÇO recebido: Avançando ou finalizando caixa de diálogo atual.

[11:19:13] [2026-08-28 11:19:13.879] [DIALOGUE] [END] Speaker: 

[11:19:13] [2026-08-28 11:19:13.879] [INPUT] [RastphenCityScene] Key: KEY_EVENT -> Action: CONFIRM

[11:19:14] [2026-08-28 11:19:14.109] [INPUT] [RastphenCityScene] Key: KEY_EVENT -> Action: UP

[11:19:14] [2026-08-28 11:19:14.406] [INPUT] [RastphenCityScene] Key: KEY_EVENT -> Action: LEFT

[11:19:17] [2026-08-28 11:19:17.199] [INPUT] [RastphenCityScene] Key: KEY_EVENT -> Action: RIGHT

[11:19:18] [2026-08-28 11:19:18.574] [INPUT] [RastphenCityScene] Key: KEY_EVENT -> Action: UP

[11:19:18] [2026-08-28 11:19:18.597] [INPUT] [RastphenCityScene] Key: KEY_EVENT -> Action: LEFT

[11:19:19] [2026-08-28 11:19:19.902] [INPUT] [RastphenCityScene] Key: KEY_EVENT -> Action: LEFT

[11:19:20] [2026-08-28 11:19:20.174] [INPUT] [RastphenCityScene] Key: KEY_EVENT -> Action: DOWN

[11:19:20] [2026-08-28 11:19:20.615] [INPUT] [RastphenCityScene] Key: KEY_EVENT -> Action: UP

[11:19:21] [2026-08-28 11:19:21.030] [INPUT] [RastphenCityScene] Key: KEY_EVENT -> Action: RIGHT

[11:19:21] [2026-08-28 11:19:21.446] [INPUT] [RastphenCityScene] Key: KEY_EVENT -> Action: DOWN

[11:19:21] [2026-08-28 11:19:21.989] [INPUT] [RastphenCityScene] Key: KEY_EVENT -> Action: RIGHT

[11:19:22] [2026-08-28 11:19:22.013] [INPUT] [RastphenCityScene] Key: KEY_EVENT -> Action: UP

[11:19:22] [2026-08-28 11:19:22.437] [INFO] [Intent] Input Z/ESPAÇO recebido: Nenhuma zona interativa próxima. Ação ignorada.

[11:19:22] [2026-08-28 11:19:22.438] [INPUT] [RastphenCityScene] Key: KEY_EVENT -> Action: CONFIRM

[11:19:22] [2026-08-28 11:19:22.654] [INFO] [Intent] Input Z/ESPAÇO recebido: Nenhuma zona interativa próxima. Ação ignorada.

[11:19:22] [2026-08-28 11:19:22.654] [INPUT] [RastphenCityScene] Key: KEY_EVENT -> Action: CONFIRM

[11:19:22] [2026-08-28 11:19:22.838] [INFO] [Intent] Input Z/ESPAÇO recebido: Nenhuma zona interativa próxima. Ação ignorada.

[11:19:22] [2026-08-28 11:19:22.839] [INPUT] [RastphenCityScene] Key: KEY_EVENT -> Action: CONFIRM

[11:19:23] [2026-08-28 11:19:23.013] [INFO] [Intent] Input Z/ESPAÇO recebido: Nenhuma zona interativa próxima. Ação ignorada.

[11:19:23] [2026-08-28 11:19:23.014] [INPUT] [RastphenCityScene] Key: KEY_EVENT -> Action: CONFIRM

[11:19:23] [2026-08-28 11:19:23.166] [INFO] [Intent] Input Z/ESPAÇO recebido: Nenhuma zona interativa próxima. Ação ignorada.

[11:19:23] [2026-08-28 11:19:23.166] [INPUT] [RastphenCityScene] Key: KEY_EVENT -> Action: CONFIRM

[11:19:23] [2026-08-28 11:19:23.342] [INFO] [Intent] Input Z/ESPAÇO recebido: Nenhuma zona interativa próxima. Ação ignorada.

[11:19:23] [2026-08-28 11:19:23.342] [INPUT] [RastphenCityScene] Key: KEY_EVENT -> Action: CONFIRM

[11:19:52] [2026-08-28 11:19:52.879] [INPUT] [RastphenCityScene] Key: KEY_EVENT -> Action: RIGHT

[11:19:53] [2026-08-28 11:19:53.013] [INPUT] [RastphenCityScene] Key: KEY_EVENT -> Action: DOWN

[11:19:57] [2026-08-28 11:19:57.710] [INPUT] [RastphenCityScene] Key: KEY_EVENT -> Action: LEFT

[11:19:58] [2026-08-28 11:19:58.166] [INPUT] [RastphenCityScene] Key: KEY_EVENT -> Action: DOWN

[11:19:58] [2026-08-28 11:19:58.358] [INPUT] [RastphenCityScene] Key: KEY_EVENT -> Action: RIGHT

[11:19:58] [2026-08-28 11:19:58.694] [INPUT] [RastphenCityScene] Key: KEY_EVENT -> Action: DOWN

[11:19:58] [2026-08-28 11:19:58.926] [INPUT] [RastphenCityScene] Key: KEY_EVENT -> Action: DOWN

[11:19:59] [2026-08-28 11:19:59.221] [INPUT] [RastphenCityScene] Key: KEY_EVENT -> Action: UP

[11:20:00] [2026-08-28 11:20:00.046] [INPUT] [RastphenCityScene] Key: KEY_EVENT -> Action: DOWN

[11:23:56] [INIT] Logger inicializado e conectado ao Electron.
[11:23:57] [2026-08-28 11:23:57.578] [INFO] [PreloadScene] Assets procedurais provisórios gerados com sucesso.

[11:23:57] [2026-08-28 11:23:57.605] [INFO] [SaveManager] Progresso lido do LocalStorage.

[11:23:57] [2026-08-28 11:23:57.614] [INFO] [InputManager] InputManager acoplado à cena atual.

[11:23:57] [2026-08-28 11:23:57.619] [INFO] [MenuScene] Cena de Menu criada e inputs vinculados.

[11:24:07] [2026-08-28 11:24:07.631] [INPUT] [MenuScene] Key: KEY_EVENT -> Action: CANCEL

[11:24:08] [2026-08-28 11:24:08.990] [INPUT] [MenuScene] Key: KEY_EVENT -> Action: CANCEL

[11:24:09] [2026-08-28 11:24:09.546] [INPUT] [MenuScene] Key: KEY_EVENT -> Action: DOWN

[11:24:09] [2026-08-28 11:24:09.889] [INPUT] [MenuScene] Key: KEY_EVENT -> Action: UP

[11:24:10] [2026-08-28 11:24:10.253] [INPUT] [MenuScene] Key: KEY_EVENT -> Action: CANCEL

[11:24:10] [2026-08-28 11:24:10.718] [INFO] [MenuScene] Ação: Iniciar Novo Jogo (TavernScene)

[11:24:10] [2026-08-28 11:24:10.720] [INFO] [QuestManager] Progresso das missões resetado para novo jogo.

[11:24:10] [2026-08-28 11:24:10.721] [INPUT] [MenuScene] Key: KEY_EVENT -> Action: CONFIRM

[11:24:10] [2026-08-28 11:24:10.725] [INFO] [QuestManager] Banco de missões inicializado.

[11:24:10] [2026-08-28 11:24:10.753] [INFO] [InputManager] InputManager acoplado à cena atual.

[11:24:10] [2026-08-28 11:24:10.758] [INFO] [TavernScene] Ambiente da Taverna criado.

[11:24:11] [2026-08-28 11:24:11.583] [INPUT] [TavernScene] Key: KEY_EVENT -> Action: UP

[11:24:12] [2026-08-28 11:24:12.239] [INPUT] [TavernScene] Key: KEY_EVENT -> Action: LEFT

[11:24:13] [2026-08-28 11:24:13.654] [INFO] [Intent] Input Z/ESPAÇO recebido: Iniciando interação com alvo [veronica_stinfy].

[11:24:13] [2026-08-28 11:24:13.654] [DIALOGUE] [START] Speaker: Verônica Stinfy | "A magia abissal... Ela contorce a trama da realidade de formas interessantes."

[11:24:13] [2026-08-28 11:24:13.656] [INPUT] [TavernScene] Key: KEY_EVENT -> Action: CONFIRM

[11:24:13] [2026-08-28 11:24:13.966] [INFO] [Intent] Input Z/ESPAÇO recebido: Avançando ou finalizando caixa de diálogo atual.

[11:24:13] [2026-08-28 11:24:13.968] [INPUT] [TavernScene] Key: KEY_EVENT -> Action: CONFIRM

[11:24:14] [2026-08-28 11:24:14.158] [INFO] [Intent] Input Z/ESPAÇO recebido: Avançando ou finalizando caixa de diálogo atual.

[11:24:14] [2026-08-28 11:24:14.158] [DIALOGUE] [NEXT] Speaker: Verônica Stinfy | "O que você quer, meio-elfo?"

[11:24:14] [2026-08-28 11:24:14.159] [INPUT] [TavernScene] Key: KEY_EVENT -> Action: CONFIRM

[11:24:14] [2026-08-28 11:24:14.389] [INFO] [Intent] Input Z/ESPAÇO recebido: Avançando ou finalizando caixa de diálogo atual.

[11:24:14] [2026-08-28 11:24:14.393] [INPUT] [TavernScene] Key: KEY_EVENT -> Action: CONFIRM

[11:24:14] [2026-08-28 11:24:14.615] [INFO] [Intent] Input Z/ESPAÇO recebido: Avançando ou finalizando caixa de diálogo atual.

[11:24:14] [2026-08-28 11:24:14.615] [DIALOGUE] [CHOICE] Speaker: Verônica Stinfy | "[Positiva] Oferecer cooperação contra os cultistas."

[11:24:14] [2026-08-28 11:24:14.616] [INPUT] [TavernScene] Key: KEY_EVENT -> Action: CONFIRM

[11:24:15] [2026-08-28 11:24:15.105] [INFO] [Intent] Input Z/ESPAÇO recebido: Avançando ou finalizando caixa de diálogo atual.

[11:24:15] [2026-08-28 11:24:15.108] [INPUT] [TavernScene] Key: KEY_EVENT -> Action: CONFIRM

[11:24:15] [2026-08-28 11:24:15.366] [INFO] [Intent] Input Z/ESPAÇO recebido: Avançando ou finalizando caixa de diálogo atual.

[11:24:15] [2026-08-28 11:24:15.366] [DIALOGUE] [NEXT] Speaker: Verônica Stinfy | "Agora não me incomode. Estou trabalhando."

[11:24:15] [2026-08-28 11:24:15.367] [INPUT] [TavernScene] Key: KEY_EVENT -> Action: CONFIRM

[11:24:15] [2026-08-28 11:24:15.798] [INFO] [Intent] Input Z/ESPAÇO recebido: Avançando ou finalizando caixa de diálogo atual.

[11:24:15] [2026-08-28 11:24:15.799] [INPUT] [TavernScene] Key: KEY_EVENT -> Action: CONFIRM

[11:24:16] [2026-08-28 11:24:16.231] [INFO] [Intent] Input Z/ESPAÇO recebido: Avançando ou finalizando caixa de diálogo atual.

[11:24:16] [2026-08-28 11:24:16.231] [DIALOGUE] [END] Speaker: 

[11:24:16] [2026-08-28 11:24:16.232] [INPUT] [TavernScene] Key: KEY_EVENT -> Action: CONFIRM

[11:24:16] [2026-08-28 11:24:16.534] [INPUT] [TavernScene] Key: KEY_EVENT -> Action: RIGHT

[11:24:16] [2026-08-28 11:24:16.758] [INPUT] [TavernScene] Key: KEY_EVENT -> Action: UP

[11:24:17] [2026-08-28 11:24:17.430] [INFO] [Intent] Input Z/ESPAÇO recebido: Iniciando interação com alvo [hilda].

[11:24:17] [2026-08-28 11:24:17.431] [INPUT] [TavernScene] Key: KEY_EVENT -> Action: CONFIRM

[11:24:17] [2026-08-28 11:24:17.872] [INPUT] [TavernScene] Key: KEY_EVENT -> Action: DOWN

[11:24:18] [2026-08-28 11:24:18.064] [INPUT] [TavernScene] Key: KEY_EVENT -> Action: DOWN

[11:24:18] [2026-08-28 11:24:18.269] [INFO] [Intent] Input Z/ESPAÇO recebido: Avançando ou finalizando caixa de diálogo atual.

[11:24:18] [2026-08-28 11:24:18.270] [INPUT] [TavernScene] Key: KEY_EVENT -> Action: CONFIRM

[11:24:18] [2026-08-28 11:24:18.470] [INPUT] [TavernScene] Key: KEY_EVENT -> Action: DOWN

[11:24:18] [2026-08-28 11:24:18.599] [INPUT] [TavernScene] Key: KEY_EVENT -> Action: RIGHT

[11:24:19] [2026-08-28 11:24:19.390] [INPUT] [TavernScene] Key: KEY_EVENT -> Action: DOWN

[11:24:19] [2026-08-28 11:24:19.958] [INFO] [Intent] Input Z/ESPAÇO recebido: Iniciando interação com alvo [traudon_alicia].

[11:24:19] [2026-08-28 11:24:19.959] [DIALOGUE] [START] Speaker: Traudon | "Ah... damascos em calda com cerveja, a perfeição da culinária anã! Não é mesmo, Alícia?"

[11:24:19] [2026-08-28 11:24:19.961] [INPUT] [TavernScene] Key: KEY_EVENT -> Action: CONFIRM

[11:24:20] [2026-08-28 11:24:20.305] [INFO] [Intent] Input Z/ESPAÇO recebido: Avançando ou finalizando caixa de diálogo atual.

[11:24:20] [2026-08-28 11:24:20.309] [INPUT] [TavernScene] Key: KEY_EVENT -> Action: CONFIRM

[11:24:20] [2026-08-28 11:24:20.573] [INFO] [Intent] Input Z/ESPAÇO recebido: Avançando ou finalizando caixa de diálogo atual.

[11:24:20] [2026-08-28 11:24:20.573] [DIALOGUE] [NEXT] Speaker: Alícia | "Você devia focar na sua magia, Traudon. Diga a ele, viajante."

[11:24:20] [2026-08-28 11:24:20.575] [INPUT] [TavernScene] Key: KEY_EVENT -> Action: CONFIRM

[11:24:20] [2026-08-28 11:24:20.958] [INFO] [Intent] Input Z/ESPAÇO recebido: Avançando ou finalizando caixa de diálogo atual.

[11:24:20] [2026-08-28 11:24:20.962] [INPUT] [TavernScene] Key: KEY_EVENT -> Action: CONFIRM

[11:24:21] [2026-08-28 11:24:21.495] [INFO] [Intent] Input Z/ESPAÇO recebido: Avançando ou finalizando caixa de diálogo atual.

[11:24:21] [2026-08-28 11:24:21.495] [DIALOGUE] [CHOICE] Speaker: Alícia | "[Positiva] Apreciar a melodia do alaúde de Alícia."

[11:24:21] [2026-08-28 11:24:21.496] [INPUT] [TavernScene] Key: KEY_EVENT -> Action: CONFIRM

[11:24:21] [2026-08-28 11:24:21.920] [INFO] [Intent] Input Z/ESPAÇO recebido: Avançando ou finalizando caixa de diálogo atual.

[11:24:21] [2026-08-28 11:24:21.921] [INPUT] [TavernScene] Key: KEY_EVENT -> Action: CONFIRM

[11:24:22] [2026-08-28 11:24:22.231] [INFO] [Intent] Input Z/ESPAÇO recebido: Avançando ou finalizando caixa de diálogo atual.

[11:24:22] [2026-08-28 11:24:22.231] [DIALOGUE] [NEXT] Speaker: Traudon | "Bah, não ligue para ela. Um druida anão retira seu poder da terra e dos doces!"

[11:24:22] [2026-08-28 11:24:22.233] [INPUT] [TavernScene] Key: KEY_EVENT -> Action: CONFIRM

[11:24:22] [2026-08-28 11:24:22.598] [INFO] [Intent] Input Z/ESPAÇO recebido: Avançando ou finalizando caixa de diálogo atual.

[11:24:22] [2026-08-28 11:24:22.598] [INPUT] [TavernScene] Key: KEY_EVENT -> Action: CONFIRM

[11:24:22] [2026-08-28 11:24:22.990] [INFO] [Intent] Input Z/ESPAÇO recebido: Avançando ou finalizando caixa de diálogo atual.

[11:24:22] [2026-08-28 11:24:22.990] [DIALOGUE] [END] Speaker: 

[11:24:22] [2026-08-28 11:24:22.990] [INPUT] [TavernScene] Key: KEY_EVENT -> Action: CONFIRM

[11:24:23] [2026-08-28 11:24:23.399] [INPUT] [TavernScene] Key: KEY_EVENT -> Action: LEFT

[11:24:23] [2026-08-28 11:24:23.630] [INPUT] [TavernScene] Key: KEY_EVENT -> Action: DOWN

[11:24:26] [2026-08-28 11:24:26.263] [INFO] [Intent] Input Z/ESPAÇO recebido: Iniciando interação com alvo [john_bardem].

[11:24:26] [2026-08-28 11:24:26.263] [DIALOGUE] [START] Speaker: John Bardem | "Fique frio e não faça movimentos bruscos."

[11:24:26] [2026-08-28 11:24:26.269] [INPUT] [TavernScene] Key: KEY_EVENT -> Action: CONFIRM

[11:24:26] [2026-08-28 11:24:26.583] [INFO] [Intent] Input Z/ESPAÇO recebido: Avançando ou finalizando caixa de diálogo atual.

[11:24:26] [2026-08-28 11:24:26.585] [INPUT] [TavernScene] Key: KEY_EVENT -> Action: CONFIRM

[11:24:26] [2026-08-28 11:24:26.879] [INFO] [Intent] Input Z/ESPAÇO recebido: Avançando ou finalizando caixa de diálogo atual.

[11:24:26] [2026-08-28 11:24:26.879] [DIALOGUE] [NEXT] Speaker: John Bardem | "Vê aquele mercenário perto da mesa? O que acha de agir?"

[11:24:26] [2026-08-28 11:24:26.880] [INPUT] [TavernScene] Key: KEY_EVENT -> Action: CONFIRM

[11:24:27] [2026-08-28 11:24:27.158] [INFO] [Intent] Input Z/ESPAÇO recebido: Avançando ou finalizando caixa de diálogo atual.

[11:24:27] [2026-08-28 11:24:27.160] [INPUT] [TavernScene] Key: KEY_EVENT -> Action: CONFIRM

[11:24:27] [2026-08-28 11:24:27.622] [INFO] [Intent] Input Z/ESPAÇO recebido: Avançando ou finalizando caixa de diálogo atual.

[11:24:27] [2026-08-28 11:24:27.622] [DIALOGUE] [CHOICE] Speaker: John Bardem | "[Positiva] Oferecer cobertura caso o mercenário reaja."

[11:24:27] [2026-08-28 11:24:27.623] [INPUT] [TavernScene] Key: KEY_EVENT -> Action: CONFIRM

[11:24:28] [2026-08-28 11:24:28.056] [INFO] [Intent] Input Z/ESPAÇO recebido: Avançando ou finalizando caixa de diálogo atual.

[11:24:28] [2026-08-28 11:24:28.057] [INPUT] [TavernScene] Key: KEY_EVENT -> Action: CONFIRM

[11:24:28] [2026-08-28 11:24:28.478] [INFO] [Intent] Input Z/ESPAÇO recebido: Avançando ou finalizando caixa de diálogo atual.

[11:24:28] [2026-08-28 11:24:28.479] [DIALOGUE] [END] Speaker: 

[11:24:28] [2026-08-28 11:24:28.480] [INPUT] [TavernScene] Key: KEY_EVENT -> Action: CONFIRM

[11:24:28] [2026-08-28 11:24:28.694] [INPUT] [TavernScene] Key: KEY_EVENT -> Action: RIGHT

[11:24:32] [2026-08-28 11:24:32.141] [INFO] [Intent] Input Z/ESPAÇO recebido: Iniciando interação com alvo [joseph_sylven].

[11:24:32] [2026-08-28 11:24:32.142] [DIALOGUE] [START] Speaker: Joseph Sylven | "Rhogar, meu rapaz. Vejo que a herança da sua mãe, a lâmina de Brentel, ainda pesa em suas costas."

[11:24:32] [2026-08-28 11:24:32.143] [INPUT] [TavernScene] Key: KEY_EVENT -> Action: CONFIRM

[11:24:32] [2026-08-28 11:24:32.373] [INFO] [Intent] Input Z/ESPAÇO recebido: Avançando ou finalizando caixa de diálogo atual.

[11:24:32] [2026-08-28 11:24:32.375] [INPUT] [TavernScene] Key: KEY_EVENT -> Action: CONFIRM

[11:24:32] [2026-08-28 11:24:32.551] [INFO] [Intent] Input Z/ESPAÇO recebido: Avançando ou finalizando caixa de diálogo atual.

[11:24:32] [2026-08-28 11:24:32.552] [DIALOGUE] [NEXT] Speaker: Joseph Sylven | "Aquela emboscada em Estayler ainda o assombra, não é? Lembre-se do que houve na carroça de escravos..."

[11:24:32] [2026-08-28 11:24:32.554] [INPUT] [TavernScene] Key: KEY_EVENT -> Action: CONFIRM

[11:24:32] [2026-08-28 11:24:32.720] [INFO] [Intent] Input Z/ESPAÇO recebido: Avançando ou finalizando caixa de diálogo atual.

[11:24:32] [2026-08-28 11:24:32.722] [INPUT] [TavernScene] Key: KEY_EVENT -> Action: CONFIRM

[11:24:32] [2026-08-28 11:24:32.888] [INFO] [Intent] Input Z/ESPAÇO recebido: Avançando ou finalizando caixa de diálogo atual.

[11:24:32] [2026-08-28 11:24:32.889] [DIALOGUE] [END] Speaker: 

[11:24:32] [2026-08-28 11:24:32.889] [INFO] [TavernScene] Rhogar lembrou do passado. Iniciando Flashback...

[11:24:32] [2026-08-28 11:24:32.890] [INPUT] [TavernScene] Key: KEY_EVENT -> Action: CONFIRM

[11:24:33] [2026-08-28 11:24:33.054] [INFO] [Intent] Input Z/ESPAÇO recebido: Iniciando interação com alvo [joseph_sylven].

[11:24:33] [2026-08-28 11:24:33.054] [DIALOGUE] [START] Speaker: Joseph Sylven | "Rhogar, meu rapaz. Vejo que a herança da sua mãe, a lâmina de Brentel, ainda pesa em suas costas."

[11:24:33] [2026-08-28 11:24:33.055] [INPUT] [TavernScene] Key: KEY_EVENT -> Action: CONFIRM

[11:24:33] [2026-08-28 11:24:33.237] [INFO] [Intent] Input Z/ESPAÇO recebido: Avançando ou finalizando caixa de diálogo atual.

[11:24:33] [2026-08-28 11:24:33.238] [INPUT] [TavernScene] Key: KEY_EVENT -> Action: CONFIRM

[11:24:33] [2026-08-28 11:24:33.422] [INFO] [Intent] Input Z/ESPAÇO recebido: Avançando ou finalizando caixa de diálogo atual.

[11:24:33] [2026-08-28 11:24:33.422] [DIALOGUE] [NEXT] Speaker: Joseph Sylven | "Aquela emboscada em Estayler ainda o assombra, não é? Lembre-se do que houve na carroça de escravos..."

[11:24:33] [2026-08-28 11:24:33.422] [INPUT] [TavernScene] Key: KEY_EVENT -> Action: CONFIRM

[11:24:33] [2026-08-28 11:24:33.470] [DIALOGUE] [START] Speaker: Iksar | "Ora, ora... um draconato intrometido! Guardas, ensinem uma lição a esse lagarto!"

[11:24:33] [2026-08-28 11:24:33.789] [DIALOGUE] [NEXT] Speaker: Rhogar | "Solte a garota, Iksar. Essa covardia termina aqui!"

[11:24:34] [2026-08-28 11:24:34.134] [DIALOGUE] [END] Speaker: 

[11:24:34] [2026-08-28 11:24:34.702] [INFO] [BattleScene] Combate iniciado com suporte total a Teclado.

[11:24:34] [2026-08-28 11:24:34.702] [INFO] [InputManager] InputManager acoplado à cena atual.

[11:24:34] [2026-08-28 11:24:34.846] [INPUT] [BattleScene] Key: KEY_EVENT -> Action: CONFIRM

[11:24:35] [2026-08-28 11:24:35.030] [INFO] [Player] Rhogar Tordan atacou Guarda de Estayler A causando 18 de dano.

[11:24:35] [2026-08-28 11:24:35.036] [INPUT] [BattleScene] Key: KEY_EVENT -> Action: CONFIRM

[11:24:35] [2026-08-28 11:24:35.214] [INPUT] [BattleScene] Key: KEY_EVENT -> Action: CONFIRM

[11:24:35] [2026-08-28 11:24:35.389] [INPUT] [BattleScene] Key: KEY_EVENT -> Action: CONFIRM

[11:24:35] [2026-08-28 11:24:35.558] [INPUT] [BattleScene] Key: KEY_EVENT -> Action: CONFIRM

[11:24:35] [2026-08-28 11:24:35.733] [INPUT] [BattleScene] Key: KEY_EVENT -> Action: CONFIRM

[11:24:35] [2026-08-28 11:24:35.817] [INFO] [BattleScene] Turno dos Inimigos.

[11:24:35] [2026-08-28 11:24:35.818] [INFO] [Player] Rhogar Tordan sofreu 1 de dano e gerou fúria. HP: 119, Fúria: 25

[11:24:35] [2026-08-28 11:24:35.818] [INFO] [Player] Rhogar Tordan sofreu 1 de dano e gerou fúria. HP: 118, Fúria: 40

[11:24:35] [2026-08-28 11:24:35.919] [INPUT] [BattleScene] Key: KEY_EVENT -> Action: CONFIRM

[11:24:36] [2026-08-28 11:24:36.094] [INFO] [Player] Rhogar Tordan atacou Guarda de Estayler A causando 18 de dano.

[11:24:36] [2026-08-28 11:24:36.095] [INPUT] [BattleScene] Key: KEY_EVENT -> Action: CONFIRM

[11:24:36] [2026-08-28 11:24:36.286] [INPUT] [BattleScene] Key: KEY_EVENT -> Action: CONFIRM

[11:24:36] [2026-08-28 11:24:36.470] [INPUT] [BattleScene] Key: KEY_EVENT -> Action: CONFIRM

[11:24:36] [2026-08-28 11:24:36.646] [INPUT] [BattleScene] Key: KEY_EVENT -> Action: CONFIRM

[11:24:36] [2026-08-28 11:24:36.814] [INPUT] [BattleScene] Key: KEY_EVENT -> Action: CONFIRM

[11:24:36] [2026-08-28 11:24:36.884] [INFO] [BattleScene] Turno dos Inimigos.

[11:24:36] [2026-08-28 11:24:36.885] [INFO] [Player] Rhogar Tordan sofreu 1 de dano e gerou fúria. HP: 117, Fúria: 65

[11:24:36] [2026-08-28 11:24:36.888] [INFO] [Player] Rhogar Tordan sofreu 1 de dano e gerou fúria. HP: 116, Fúria: 80

[11:24:36] [2026-08-28 11:24:36.982] [INPUT] [BattleScene] Key: KEY_EVENT -> Action: CONFIRM

[11:24:37] [2026-08-28 11:24:37.142] [INFO] [Player] Rhogar Tordan atacou Guarda de Estayler A causando 18 de dano.

[11:24:37] [2026-08-28 11:24:37.143] [INPUT] [BattleScene] Key: KEY_EVENT -> Action: CONFIRM

[11:24:37] [2026-08-28 11:24:37.310] [INPUT] [BattleScene] Key: KEY_EVENT -> Action: CONFIRM

[11:24:37] [2026-08-28 11:24:37.495] [INPUT] [BattleScene] Key: KEY_EVENT -> Action: CONFIRM

[11:24:37] [2026-08-28 11:24:37.662] [INPUT] [BattleScene] Key: KEY_EVENT -> Action: CONFIRM

[11:24:37] [2026-08-28 11:24:37.854] [INPUT] [BattleScene] Key: KEY_EVENT -> Action: CONFIRM

[11:24:37] [2026-08-28 11:24:37.934] [INFO] [BattleScene] Turno dos Inimigos.

[11:24:37] [2026-08-28 11:24:37.935] [INFO] [Player] Rhogar Tordan sofreu 1 de dano e gerou fúria. HP: 115, Fúria: 100

[11:24:38] [2026-08-28 11:24:38.037] [INPUT] [BattleScene] Key: KEY_EVENT -> Action: CONFIRM

[11:24:38] [2026-08-28 11:24:38.230] [INFO] [Player] Rhogar Tordan atacou Guarda de Estayler B causando 18 de dano.

[11:24:38] [2026-08-28 11:24:38.232] [INPUT] [BattleScene] Key: KEY_EVENT -> Action: CONFIRM

[11:24:38] [2026-08-28 11:24:38.438] [INPUT] [BattleScene] Key: KEY_EVENT -> Action: CONFIRM

[11:24:38] [2026-08-28 11:24:38.630] [INPUT] [BattleScene] Key: KEY_EVENT -> Action: CONFIRM

[11:24:38] [2026-08-28 11:24:38.837] [INPUT] [BattleScene] Key: KEY_EVENT -> Action: CONFIRM

[11:24:39] [2026-08-28 11:24:39.021] [INPUT] [BattleScene] Key: KEY_EVENT -> Action: CONFIRM

[11:24:39] [2026-08-28 11:24:39.034] [INFO] [BattleScene] Turno dos Inimigos.

[11:24:39] [2026-08-28 11:24:39.034] [INFO] [Player] Rhogar Tordan sofreu 1 de dano e gerou fúria. HP: 114, Fúria: 100

[11:24:39] [2026-08-28 11:24:39.270] [INPUT] [BattleScene] Key: KEY_EVENT -> Action: CONFIRM

[11:24:39] [2026-08-28 11:24:39.482] [INFO] [Player] Rhogar Tordan atacou Guarda de Estayler B causando 18 de dano.

[11:24:39] [2026-08-28 11:24:39.485] [INPUT] [BattleScene] Key: KEY_EVENT -> Action: CONFIRM

[11:24:39] [2026-08-28 11:24:39.670] [INPUT] [BattleScene] Key: KEY_EVENT -> Action: CONFIRM

[11:24:39] [2026-08-28 11:24:39.902] [INPUT] [BattleScene] Key: KEY_EVENT -> Action: CONFIRM

[11:24:40] [2026-08-28 11:24:40.094] [INPUT] [BattleScene] Key: KEY_EVENT -> Action: CONFIRM

[11:24:40] [2026-08-28 11:24:40.284] [INFO] [BattleScene] Turno dos Inimigos.

[11:24:40] [2026-08-28 11:24:40.284] [INFO] [Player] Rhogar Tordan sofreu 1 de dano e gerou fúria. HP: 113, Fúria: 100

[11:24:40] [2026-08-28 11:24:40.302] [INPUT] [BattleScene] Key: KEY_EVENT -> Action: CONFIRM

[11:24:40] [2026-08-28 11:24:40.487] [INFO] [Player] Rhogar Tordan atacou Guarda de Estayler B causando 18 de dano.

[11:24:40] [2026-08-28 11:24:40.488] [INFO] [BattleScene] Batalha vencida (Multi-Alvo)!

[11:24:40] [2026-08-28 11:24:40.494] [INPUT] [BattleScene] Key: KEY_EVENT -> Action: CONFIRM

[11:24:40] [2026-08-28 11:24:40.702] [INPUT] [BattleScene] Key: KEY_EVENT -> Action: CONFIRM

[11:24:40] [2026-08-28 11:24:40.934] [INPUT] [BattleScene] Key: KEY_EVENT -> Action: CONFIRM

[11:24:41] [2026-08-28 11:24:41.149] [INPUT] [BattleScene] Key: KEY_EVENT -> Action: CONFIRM

[11:24:41] [2026-08-28 11:24:41.397] [INPUT] [BattleScene] Key: KEY_EVENT -> Action: CONFIRM

[11:24:41] [2026-08-28 11:24:41.693] [INPUT] [BattleScene] Key: KEY_EVENT -> Action: CONFIRM

[11:24:42] [2026-08-28 11:24:42.535] [INFO] [RewardScene] Cena de Recompensa iniciada. Retorno agendado para: TavernScene

[11:24:42] [2026-08-28 11:24:42.544] [INFO] [SaveManager] Progresso salvo com sucesso via LocalStorage (Fallback).

[11:24:42] [2026-08-28 11:24:42.662] [INFO] [RewardScene] Retornando para a cena: TavernScene

[11:24:42] [2026-08-28 11:24:42.662] [QUEST] quest_01_flashback -> completed

[11:24:42] [2026-08-28 11:24:42.662] [QUEST] quest_02_temple -> active

[11:24:42] [2026-08-28 11:24:42.663] [INFO] [WorldManager] Iniciando transição: RewardScene -> TavernScene {"x":700,"y":480,"returnedFromFlashback":true,"battleOutcome":"victory"}

[11:24:42] [2026-08-28 11:24:42.990] [INFO] [InputManager] InputManager acoplado à cena atual.

[11:24:42] [2026-08-28 11:24:42.993] [INFO] [TavernScene] Ambiente da Taverna criado.

[11:24:42] [2026-08-28 11:24:42.994] [INFO] [TavernScene] Retornou do Flashback. Missões atualizadas.

[11:24:43] [2026-08-28 11:24:43.478] [INPUT] [TavernScene] Key: KEY_EVENT -> Action: DOWN

[11:24:43] [2026-08-28 11:24:43.608] [INPUT] [TavernScene] Key: KEY_EVENT -> Action: LEFT

[11:24:44] [2026-08-28 11:24:44.653] [INPUT] [TavernScene] Key: KEY_EVENT -> Action: DOWN

[11:24:45] [2026-08-28 11:24:45.051] [INFO] [WorldManager] Iniciando transição: TavernScene -> RastphenCityScene {"x":520,"y":880}

[11:24:45] [2026-08-28 11:24:45.351] [INFO] [WorldManager] Iniciando transição: TavernScene -> RastphenCityScene {"x":520,"y":880}

[11:24:45] [2026-08-28 11:24:45.368] [INFO] [RastphenCityScene] Renderizando mapa aberto da cidade.

[11:24:45] [2026-08-28 11:24:45.381] [INFO] [InputManager] InputManager acoplado à cena atual.

[11:24:45] [2026-08-28 11:24:45.888] [INPUT] [RastphenCityScene] Key: KEY_EVENT -> Action: RIGHT

[11:24:46] [2026-08-28 11:24:46.151] [INPUT] [RastphenCityScene] Key: KEY_EVENT -> Action: UP

[11:24:48] [2026-08-28 11:24:48.051] [INFO] [WorldManager] Iniciando transição: RastphenCityScene -> TempleScene {"x":400,"y":520}

[11:24:48] [2026-08-28 11:24:48.351] [INFO] [WorldManager] Iniciando transição: RastphenCityScene -> TempleScene {"x":400,"y":520}

[11:24:48] [2026-08-28 11:24:48.368] [INFO] [TempleScene] Renderizando Templo de Palmem.

[11:24:48] [2026-08-28 11:24:48.374] [INFO] [InputManager] InputManager acoplado à cena atual.

[11:24:48] [2026-08-28 11:24:48.622] [INPUT] [TempleScene] Key: KEY_EVENT -> Action: UP

[11:24:50] [2026-08-28 11:24:50.014] [INFO] [Intent] Input Z/ESPAÇO recebido: Iniciando interação com alvo [sacerdotisa_palmem].

[11:24:50] [2026-08-28 11:24:50.015] [DIALOGUE] [START] Speaker: Sacerdotisa | "O veneno arcano corrói o espírito de Gruther. Se não expurgarmos a fonte de magia negra no Bosque Cinzento, ele perecerá."

[11:24:50] [2026-08-28 11:24:50.016] [INPUT] [TempleScene] Key: KEY_EVENT -> Action: CONFIRM

[11:24:50] [2026-08-28 11:24:50.231] [INFO] [Intent] Input Z/ESPAÇO recebido: Avançando ou finalizando caixa de diálogo atual.

[11:24:50] [2026-08-28 11:24:50.233] [INPUT] [TempleScene] Key: KEY_EVENT -> Action: CONFIRM

[11:24:50] [2026-08-28 11:24:50.438] [INFO] [Intent] Input Z/ESPAÇO recebido: Avançando ou finalizando caixa de diálogo atual.

[11:24:50] [2026-08-28 11:24:50.439] [DIALOGUE] [END] Speaker: 

[11:24:50] [2026-08-28 11:24:50.439] [QUEST] quest_02_temple -> completed

[11:24:50] [2026-08-28 11:24:50.439] [QUEST] quest_03_investigate_farm -> active

[11:24:50] [2026-08-28 11:24:50.439] [INFO] [TempleScene] Quest "O Templo de Palmem" concluída! Nova Missão: Investigar a Fazenda.

[11:24:50] [2026-08-28 11:24:50.442] [INPUT] [TempleScene] Key: KEY_EVENT -> Action: CONFIRM

[11:24:51] [2026-08-28 11:24:51.054] [INPUT] [TempleScene] Key: KEY_EVENT -> Action: LEFT

[11:24:51] [2026-08-28 11:24:51.342] [INPUT] [TempleScene] Key: KEY_EVENT -> Action: UP

[11:24:51] [2026-08-28 11:24:51.743] [INFO] [Intent] Input Z/ESPAÇO recebido: Iniciando interação com alvo [gruther_leito].

[11:24:51] [2026-08-28 11:24:51.744] [DIALOGUE] [START] Speaker: Gruther | "As sombras... invadiram o celeiro. Um monstro de chifres. Eu ouvi o grito de Melissa... Salve-a..."

[11:24:51] [2026-08-28 11:24:51.745] [INPUT] [TempleScene] Key: KEY_EVENT -> Action: CONFIRM

[11:24:51] [2026-08-28 11:24:51.958] [INFO] [Intent] Input Z/ESPAÇO recebido: Avançando ou finalizando caixa de diálogo atual.

[11:24:51] [2026-08-28 11:24:51.959] [INPUT] [TempleScene] Key: KEY_EVENT -> Action: CONFIRM

[11:24:52] [2026-08-28 11:24:52.141] [INFO] [Intent] Input Z/ESPAÇO recebido: Avançando ou finalizando caixa de diálogo atual.

[11:24:52] [2026-08-28 11:24:52.141] [DIALOGUE] [END] Speaker: 

[11:24:52] [2026-08-28 11:24:52.141] [INPUT] [TempleScene] Key: KEY_EVENT -> Action: CONFIRM

[11:24:52] [2026-08-28 11:24:52.621] [INPUT] [TempleScene] Key: KEY_EVENT -> Action: DOWN

[11:24:52] [2026-08-28 11:24:52.886] [INPUT] [TempleScene] Key: KEY_EVENT -> Action: RIGHT

[11:24:54] [2026-08-28 11:24:54.301] [INFO] [WorldManager] Iniciando transição: TempleScene -> RastphenCityScene {"x":600,"y":220}

[11:24:54] [2026-08-28 11:24:54.602] [INFO] [WorldManager] Iniciando transição: TempleScene -> RastphenCityScene {"x":600,"y":220}

[11:24:54] [2026-08-28 11:24:54.618] [INFO] [RastphenCityScene] Renderizando mapa aberto da cidade.

[11:24:54] [2026-08-28 11:24:54.623] [INFO] [InputManager] InputManager acoplado à cena atual.

[11:24:54] [2026-08-28 11:24:54.822] [INPUT] [RastphenCityScene] Key: KEY_EVENT -> Action: DOWN

[11:24:55] [2026-08-28 11:24:55.046] [INPUT] [RastphenCityScene] Key: KEY_EVENT -> Action: RIGHT

[11:24:57] [2026-08-28 11:24:57.870] [INPUT] [RastphenCityScene] Key: KEY_EVENT -> Action: RIGHT

[11:25:00] [2026-08-28 11:25:00.310] [INPUT] [RastphenCityScene] Key: KEY_EVENT -> Action: RIGHT

[11:25:01] [2026-08-28 11:25:01.413] [INPUT] [RastphenCityScene] Key: KEY_EVENT -> Action: DOWN

[11:25:01] [2026-08-28 11:25:01.798] [INPUT] [RastphenCityScene] Key: KEY_EVENT -> Action: UP

[11:25:02] [2026-08-28 11:25:02.286] [INPUT] [RastphenCityScene] Key: KEY_EVENT -> Action: DOWN

[11:25:03] [2026-08-28 11:25:03.254] [INPUT] [RastphenCityScene] Key: KEY_EVENT -> Action: LEFT

[11:25:03] [2026-08-28 11:25:03.510] [INPUT] [RastphenCityScene] Key: KEY_EVENT -> Action: UP

[11:25:04] [2026-08-28 11:25:04.254] [INPUT] [RastphenCityScene] Key: KEY_EVENT -> Action: DOWN

[11:25:04] [2026-08-28 11:25:04.727] [INPUT] [RastphenCityScene] Key: KEY_EVENT -> Action: UP

[11:38:35] [INIT] Logger inicializado e conectado ao Electron.
[11:38:36] [2026-08-28 11:38:36.477] [INFO] [PreloadScene] Assets procedurais provisórios gerados com sucesso.

[11:38:36] [2026-08-28 11:38:36.491] [INFO] [SaveManager] Progresso lido do LocalStorage.

[11:38:36] [2026-08-28 11:38:36.499] [INFO] [InputManager] InputManager acoplado à cena atual.

[11:38:36] [2026-08-28 11:38:36.503] [INFO] [MenuScene] Cena de Menu criada e inputs vinculados.

[11:38:41] [2026-08-28 11:38:41.002] [INFO] [MenuScene] Ação: Iniciar Novo Jogo (TavernScene)

[11:38:41] [2026-08-28 11:38:41.002] [INFO] [QuestManager] Progresso das missões resetado para novo jogo.

[11:38:41] [2026-08-28 11:38:41.002] [INPUT] [MenuScene] Key: KEY_EVENT -> Action: CONFIRM

[11:38:41] [2026-08-28 11:38:41.014] [INFO] [QuestManager] Banco de missões inicializado.

[11:38:41] [2026-08-28 11:38:41.039] [INFO] [InputManager] InputManager acoplado à cena atual.

[11:38:41] [2026-08-28 11:38:41.042] [INFO] [TavernScene] Ambiente da Taverna criado.

[11:38:42] [2026-08-28 11:38:42.543] [INPUT] [TavernScene] Key: KEY_EVENT -> Action: LEFT

[11:38:44] [2026-08-28 11:38:44.398] [INFO] [Intent] Input Z/ESPAÇO recebido: Iniciando interação com alvo [john_bardem].

[11:38:44] [2026-08-28 11:38:44.399] [DIALOGUE] [START] Speaker: John Bardem | "Fique frio e não faça movimentos bruscos."

[11:38:44] [2026-08-28 11:38:44.404] [INPUT] [TavernScene] Key: KEY_EVENT -> Action: CONFIRM

[11:38:44] [2026-08-28 11:38:44.838] [INFO] [Intent] Input Z/ESPAÇO recebido: Avançando ou finalizando caixa de diálogo atual.

[11:38:44] [2026-08-28 11:38:44.842] [INPUT] [TavernScene] Key: KEY_EVENT -> Action: CONFIRM

[11:38:45] [2026-08-28 11:38:45.032] [INFO] [Intent] Input Z/ESPAÇO recebido: Avançando ou finalizando caixa de diálogo atual.

[11:38:45] [2026-08-28 11:38:45.032] [DIALOGUE] [NEXT] Speaker: John Bardem | "Vê aquele mercenário perto da mesa? O que acha de agir?"

[11:38:45] [2026-08-28 11:38:45.034] [INPUT] [TavernScene] Key: KEY_EVENT -> Action: CONFIRM

[11:38:45] [2026-08-28 11:38:45.216] [INFO] [Intent] Input Z/ESPAÇO recebido: Avançando ou finalizando caixa de diálogo atual.

[11:38:45] [2026-08-28 11:38:45.224] [INPUT] [TavernScene] Key: KEY_EVENT -> Action: CONFIRM

[11:38:45] [2026-08-28 11:38:45.471] [INFO] [Intent] Input Z/ESPAÇO recebido: Avançando ou finalizando caixa de diálogo atual.

[11:38:45] [2026-08-28 11:38:45.471] [DIALOGUE] [CHOICE] Speaker: John Bardem | "[Positiva] Oferecer cobertura caso o mercenário reaja."

[11:38:45] [2026-08-28 11:38:45.472] [INPUT] [TavernScene] Key: KEY_EVENT -> Action: CONFIRM

[11:38:45] [2026-08-28 11:38:45.886] [INFO] [Intent] Input Z/ESPAÇO recebido: Avançando ou finalizando caixa de diálogo atual.

[11:38:45] [2026-08-28 11:38:45.887] [INPUT] [TavernScene] Key: KEY_EVENT -> Action: CONFIRM

[11:38:46] [2026-08-28 11:38:46.198] [INFO] [Intent] Input Z/ESPAÇO recebido: Avançando ou finalizando caixa de diálogo atual.

[11:38:46] [2026-08-28 11:38:46.198] [DIALOGUE] [END] Speaker: 

[11:38:46] [2026-08-28 11:38:46.199] [INPUT] [TavernScene] Key: KEY_EVENT -> Action: CONFIRM

[11:38:46] [2026-08-28 11:38:46.647] [INPUT] [TavernScene] Key: KEY_EVENT -> Action: UP

[11:38:48] [2026-08-28 11:38:48.231] [INPUT] [TavernScene] Key: KEY_EVENT -> Action: RIGHT

[11:38:49] [2026-08-28 11:38:49.086] [INFO] [Intent] Input Z/ESPAÇO recebido: Iniciando interação com alvo [veronica_stinfy].

[11:38:49] [2026-08-28 11:38:49.086] [DIALOGUE] [START] Speaker: Verônica Stinfy | "A magia abissal... Ela contorce a trama da realidade de formas interessantes."

[11:38:49] [2026-08-28 11:38:49.089] [INPUT] [TavernScene] Key: KEY_EVENT -> Action: CONFIRM

[11:38:49] [2026-08-28 11:38:49.286] [INFO] [Intent] Input Z/ESPAÇO recebido: Avançando ou finalizando caixa de diálogo atual.

[11:38:49] [2026-08-28 11:38:49.287] [INPUT] [TavernScene] Key: KEY_EVENT -> Action: CONFIRM

[11:38:49] [2026-08-28 11:38:49.470] [INFO] [Intent] Input Z/ESPAÇO recebido: Avançando ou finalizando caixa de diálogo atual.

[11:38:49] [2026-08-28 11:38:49.470] [DIALOGUE] [NEXT] Speaker: Verônica Stinfy | "O que você quer, meio-elfo?"

[11:38:49] [2026-08-28 11:38:49.471] [INPUT] [TavernScene] Key: KEY_EVENT -> Action: CONFIRM

[11:38:49] [2026-08-28 11:38:49.680] [INFO] [Intent] Input Z/ESPAÇO recebido: Avançando ou finalizando caixa de diálogo atual.

[11:38:49] [2026-08-28 11:38:49.686] [INPUT] [TavernScene] Key: KEY_EVENT -> Action: CONFIRM

[11:38:49] [2026-08-28 11:38:49.965] [INFO] [Intent] Input Z/ESPAÇO recebido: Avançando ou finalizando caixa de diálogo atual.

[11:38:49] [2026-08-28 11:38:49.966] [DIALOGUE] [CHOICE] Speaker: Verônica Stinfy | "[Positiva] Oferecer cooperação contra os cultistas."

[11:38:49] [2026-08-28 11:38:49.967] [INPUT] [TavernScene] Key: KEY_EVENT -> Action: CONFIRM

[11:38:50] [2026-08-28 11:38:50.389] [INFO] [Intent] Input Z/ESPAÇO recebido: Avançando ou finalizando caixa de diálogo atual.

[11:38:50] [2026-08-28 11:38:50.390] [INPUT] [TavernScene] Key: KEY_EVENT -> Action: CONFIRM

[11:38:50] [2026-08-28 11:38:50.726] [INFO] [Intent] Input Z/ESPAÇO recebido: Avançando ou finalizando caixa de diálogo atual.

[11:38:50] [2026-08-28 11:38:50.727] [DIALOGUE] [NEXT] Speaker: Verônica Stinfy | "Agora não me incomode. Estou trabalhando."

[11:38:50] [2026-08-28 11:38:50.728] [INPUT] [TavernScene] Key: KEY_EVENT -> Action: CONFIRM

[11:38:51] [2026-08-28 11:38:51.175] [INFO] [Intent] Input Z/ESPAÇO recebido: Avançando ou finalizando caixa de diálogo atual.

[11:38:51] [2026-08-28 11:38:51.176] [INPUT] [TavernScene] Key: KEY_EVENT -> Action: CONFIRM

[11:38:51] [2026-08-28 11:38:51.567] [INFO] [Intent] Input Z/ESPAÇO recebido: Avançando ou finalizando caixa de diálogo atual.

[11:38:51] [2026-08-28 11:38:51.567] [DIALOGUE] [END] Speaker: 

[11:38:51] [2026-08-28 11:38:51.567] [INPUT] [TavernScene] Key: KEY_EVENT -> Action: CONFIRM

[11:38:51] [2026-08-28 11:38:51.758] [INPUT] [TavernScene] Key: KEY_EVENT -> Action: RIGHT

[11:38:52] [2026-08-28 11:38:52.055] [INPUT] [TavernScene] Key: KEY_EVENT -> Action: UP

[11:38:53] [2026-08-28 11:38:53.182] [INFO] [Intent] Input Z/ESPAÇO recebido: Iniciando interação com alvo [hilda].

[11:38:53] [2026-08-28 11:38:53.186] [INPUT] [TavernScene] Key: KEY_EVENT -> Action: CONFIRM

[11:38:53] [2026-08-28 11:38:53.534] [INPUT] [TavernScene] Key: KEY_EVENT -> Action: DOWN

[11:38:53] [2026-08-28 11:38:53.758] [INPUT] [TavernScene] Key: KEY_EVENT -> Action: DOWN

[11:38:54] [2026-08-28 11:38:54.071] [INFO] [Intent] Input Z/ESPAÇO recebido: Avançando ou finalizando caixa de diálogo atual.

[11:38:54] [2026-08-28 11:38:54.071] [INPUT] [TavernScene] Key: KEY_EVENT -> Action: CONFIRM

[11:38:54] [2026-08-28 11:38:54.382] [INPUT] [TavernScene] Key: KEY_EVENT -> Action: RIGHT

[11:38:54] [2026-08-28 11:38:54.597] [INPUT] [TavernScene] Key: KEY_EVENT -> Action: DOWN

[11:38:55] [2026-08-28 11:38:55.599] [INPUT] [TavernScene] Key: KEY_EVENT -> Action: UP

[11:38:55] [2026-08-28 11:38:55.822] [INPUT] [TavernScene] Key: KEY_EVENT -> Action: RIGHT

[11:38:56] [2026-08-28 11:38:56.310] [INPUT] [TavernScene] Key: KEY_EVENT -> Action: UP

[11:38:56] [2026-08-28 11:38:56.693] [INPUT] [TavernScene] Key: KEY_EVENT -> Action: RIGHT

[11:38:57] [2026-08-28 11:38:57.247] [INFO] [Intent] Input Z/ESPAÇO recebido: Iniciando interação com alvo [traudon_alicia].

[11:38:57] [2026-08-28 11:38:57.248] [DIALOGUE] [START] Speaker: Traudon | "Ah... damascos em calda com cerveja, a perfeição da culinária anã! Não é mesmo, Alícia?"

[11:38:57] [2026-08-28 11:38:57.252] [INPUT] [TavernScene] Key: KEY_EVENT -> Action: CONFIRM

[11:38:57] [2026-08-28 11:38:57.454] [INFO] [Intent] Input Z/ESPAÇO recebido: Avançando ou finalizando caixa de diálogo atual.

[11:38:57] [2026-08-28 11:38:57.455] [INPUT] [TavernScene] Key: KEY_EVENT -> Action: CONFIRM

[11:38:57] [2026-08-28 11:38:57.734] [INFO] [Intent] Input Z/ESPAÇO recebido: Avançando ou finalizando caixa de diálogo atual.

[11:38:57] [2026-08-28 11:38:57.734] [DIALOGUE] [NEXT] Speaker: Alícia | "Você devia focar na sua magia, Traudon. Diga a ele, viajante."

[11:38:57] [2026-08-28 11:38:57.735] [INPUT] [TavernScene] Key: KEY_EVENT -> Action: CONFIRM

[11:39:15] [2026-08-28 11:39:15.913] [INFO] [Intent] Input Z/ESPAÇO recebido: Avançando ou finalizando caixa de diálogo atual.

[11:39:15] [2026-08-28 11:39:15.913] [DIALOGUE] [CHOICE] Speaker: Alícia | "[Positiva] Apreciar a melodia do alaúde de Alícia."

[11:39:15] [2026-08-28 11:39:15.915] [INPUT] [TavernScene] Key: KEY_EVENT -> Action: CONFIRM

[11:39:16] [2026-08-28 11:39:16.349] [INFO] [Intent] Input Z/ESPAÇO recebido: Avançando ou finalizando caixa de diálogo atual.

[11:39:16] [2026-08-28 11:39:16.350] [INPUT] [TavernScene] Key: KEY_EVENT -> Action: CONFIRM

[11:39:16] [2026-08-28 11:39:16.654] [INFO] [Intent] Input Z/ESPAÇO recebido: Avançando ou finalizando caixa de diálogo atual.

[11:39:16] [2026-08-28 11:39:16.655] [DIALOGUE] [NEXT] Speaker: Traudon | "Bah, não ligue para ela. Um druida anão retira seu poder da terra e dos doces!"

[11:39:16] [2026-08-28 11:39:16.655] [INPUT] [TavernScene] Key: KEY_EVENT -> Action: CONFIRM

[11:39:17] [2026-08-28 11:39:17.021] [INFO] [Intent] Input Z/ESPAÇO recebido: Avançando ou finalizando caixa de diálogo atual.

[11:39:17] [2026-08-28 11:39:17.022] [INPUT] [TavernScene] Key: KEY_EVENT -> Action: CONFIRM

[11:39:17] [2026-08-28 11:39:17.358] [INFO] [Intent] Input Z/ESPAÇO recebido: Avançando ou finalizando caixa de diálogo atual.

[11:39:17] [2026-08-28 11:39:17.358] [DIALOGUE] [END] Speaker: 

[11:39:17] [2026-08-28 11:39:17.358] [INPUT] [TavernScene] Key: KEY_EVENT -> Action: CONFIRM

[11:39:17] [2026-08-28 11:39:17.958] [INFO] [Intent] Input Z/ESPAÇO recebido: Iniciando interação com alvo [traudon_alicia].

[11:39:17] [2026-08-28 11:39:17.958] [DIALOGUE] [START] Speaker: Traudon | "Ah... damascos em calda com cerveja, a perfeição da culinária anã! Não é mesmo, Alícia?"

[11:39:17] [2026-08-28 11:39:17.958] [INPUT] [TavernScene] Key: KEY_EVENT -> Action: CONFIRM

[11:39:18] [2026-08-28 11:39:18.406] [INFO] [Intent] Input Z/ESPAÇO recebido: Avançando ou finalizando caixa de diálogo atual.

[11:39:18] [2026-08-28 11:39:18.406] [INPUT] [TavernScene] Key: KEY_EVENT -> Action: CONFIRM

[11:39:18] [2026-08-28 11:39:18.830] [INFO] [Intent] Input Z/ESPAÇO recebido: Avançando ou finalizando caixa de diálogo atual.

[11:39:18] [2026-08-28 11:39:18.830] [DIALOGUE] [NEXT] Speaker: Alícia | "Você devia focar na sua magia, Traudon. Diga a ele, viajante."

[11:39:18] [2026-08-28 11:39:18.832] [INPUT] [TavernScene] Key: KEY_EVENT -> Action: CONFIRM

[11:39:19] [2026-08-28 11:39:19.285] [INFO] [Intent] Input Z/ESPAÇO recebido: Avançando ou finalizando caixa de diálogo atual.

[11:39:19] [2026-08-28 11:39:19.287] [INPUT] [TavernScene] Key: KEY_EVENT -> Action: CONFIRM

[11:39:19] [2026-08-28 11:39:19.733] [INFO] [Intent] Input Z/ESPAÇO recebido: Avançando ou finalizando caixa de diálogo atual.

[11:39:19] [2026-08-28 11:39:19.734] [DIALOGUE] [CHOICE] Speaker: Alícia | "[Positiva] Apreciar a melodia do alaúde de Alícia."

[11:39:19] [2026-08-28 11:39:19.734] [INPUT] [TavernScene] Key: KEY_EVENT -> Action: CONFIRM

[11:39:20] [2026-08-28 11:39:20.142] [INFO] [Intent] Input Z/ESPAÇO recebido: Avançando ou finalizando caixa de diálogo atual.

[11:39:20] [2026-08-28 11:39:20.142] [INPUT] [TavernScene] Key: KEY_EVENT -> Action: CONFIRM

[11:39:20] [2026-08-28 11:39:20.558] [INFO] [Intent] Input Z/ESPAÇO recebido: Avançando ou finalizando caixa de diálogo atual.

[11:39:20] [2026-08-28 11:39:20.558] [DIALOGUE] [NEXT] Speaker: Traudon | "Bah, não ligue para ela. Um druida anão retira seu poder da terra e dos doces!"

[11:39:20] [2026-08-28 11:39:20.558] [INPUT] [TavernScene] Key: KEY_EVENT -> Action: CONFIRM

[11:39:21] [2026-08-28 11:39:21.029] [INFO] [Intent] Input Z/ESPAÇO recebido: Avançando ou finalizando caixa de diálogo atual.

[11:39:21] [2026-08-28 11:39:21.030] [INPUT] [TavernScene] Key: KEY_EVENT -> Action: CONFIRM

[11:39:21] [2026-08-28 11:39:21.646] [INFO] [Intent] Input Z/ESPAÇO recebido: Avançando ou finalizando caixa de diálogo atual.

[11:39:21] [2026-08-28 11:39:21.647] [DIALOGUE] [END] Speaker: 

[11:39:21] [2026-08-28 11:39:21.647] [INPUT] [TavernScene] Key: KEY_EVENT -> Action: CONFIRM

[11:39:22] [2026-08-28 11:39:22.029] [INPUT] [TavernScene] Key: KEY_EVENT -> Action: LEFT

[11:39:22] [2026-08-28 11:39:22.190] [INPUT] [TavernScene] Key: KEY_EVENT -> Action: DOWN

[11:39:22] [2026-08-28 11:39:22.496] [INPUT] [TavernScene] Key: KEY_EVENT -> Action: RIGHT

[11:39:23] [2026-08-28 11:39:23.926] [INFO] [Intent] Input Z/ESPAÇO recebido: Iniciando interação com alvo [joseph_sylven].

[11:39:23] [2026-08-28 11:39:23.926] [DIALOGUE] [START] Speaker: Joseph Sylven | "Rhogar, meu rapaz. Vejo que a herança da sua mãe, a lâmina de Brentel, ainda pesa em suas costas."

[11:39:23] [2026-08-28 11:39:23.927] [INPUT] [TavernScene] Key: KEY_EVENT -> Action: CONFIRM

[11:39:24] [2026-08-28 11:39:24.135] [INFO] [Intent] Input Z/ESPAÇO recebido: Avançando ou finalizando caixa de diálogo atual.

[11:39:24] [2026-08-28 11:39:24.135] [INPUT] [TavernScene] Key: KEY_EVENT -> Action: CONFIRM

[11:39:24] [2026-08-28 11:39:24.326] [INFO] [Intent] Input Z/ESPAÇO recebido: Avançando ou finalizando caixa de diálogo atual.

[11:39:24] [2026-08-28 11:39:24.327] [DIALOGUE] [NEXT] Speaker: Joseph Sylven | "Aquela emboscada em Estayler ainda o assombra, não é? Lembre-se do que houve na carroça de escravos..."

[11:39:24] [2026-08-28 11:39:24.328] [INPUT] [TavernScene] Key: KEY_EVENT -> Action: CONFIRM

[11:39:24] [2026-08-28 11:39:24.512] [INFO] [Intent] Input Z/ESPAÇO recebido: Avançando ou finalizando caixa de diálogo atual.

[11:39:24] [2026-08-28 11:39:24.514] [INPUT] [TavernScene] Key: KEY_EVENT -> Action: CONFIRM

[11:39:24] [2026-08-28 11:39:24.712] [INFO] [Intent] Input Z/ESPAÇO recebido: Avançando ou finalizando caixa de diálogo atual.

[11:39:24] [2026-08-28 11:39:24.712] [DIALOGUE] [END] Speaker: 

[11:39:24] [2026-08-28 11:39:24.713] [INFO] [TavernScene] Rhogar lembrou do passado. Iniciando Flashback...

[11:39:24] [2026-08-28 11:39:24.713] [INPUT] [TavernScene] Key: KEY_EVENT -> Action: CONFIRM

[11:39:24] [2026-08-28 11:39:24.918] [INFO] [Intent] Input Z/ESPAÇO recebido: Iniciando interação com alvo [joseph_sylven].

[11:39:24] [2026-08-28 11:39:24.918] [DIALOGUE] [START] Speaker: Joseph Sylven | "Rhogar, meu rapaz. Vejo que a herança da sua mãe, a lâmina de Brentel, ainda pesa em suas costas."

[11:39:24] [2026-08-28 11:39:24.919] [INPUT] [TavernScene] Key: KEY_EVENT -> Action: CONFIRM

[11:39:25] [2026-08-28 11:39:25.142] [INFO] [Intent] Input Z/ESPAÇO recebido: Avançando ou finalizando caixa de diálogo atual.

[11:39:25] [2026-08-28 11:39:25.144] [INPUT] [TavernScene] Key: KEY_EVENT -> Action: CONFIRM

[11:39:25] [2026-08-28 11:39:25.298] [DIALOGUE] [START] Speaker: Iksar | "Ora, ora... um draconato intrometido! Guardas, ensinem uma lição a esse lagarto!"

[11:39:48] [2026-08-28 11:39:48.798] [DIALOGUE] [NEXT] Speaker: Rhogar | "Solte a garota, Iksar. Essa covardia termina aqui!"

[11:39:49] [2026-08-28 11:39:49.375] [DIALOGUE] [END] Speaker: 

[11:39:49] [2026-08-28 11:39:49.943] [INFO] [BattleScene] Combate iniciado com suporte total a Teclado.

[11:39:49] [2026-08-28 11:39:49.944] [INFO] [InputManager] InputManager acoplado à cena atual.

[11:39:50] [2026-08-28 11:39:50.374] [INPUT] [BattleScene] Key: KEY_EVENT -> Action: CONFIRM

[11:39:50] [2026-08-28 11:39:50.575] [INFO] [Player] Rhogar Tordan atacou Guarda de Estayler A causando 18 de dano.

[11:39:50] [2026-08-28 11:39:50.581] [INPUT] [BattleScene] Key: KEY_EVENT -> Action: CONFIRM

[11:39:50] [2026-08-28 11:39:50.749] [INPUT] [BattleScene] Key: KEY_EVENT -> Action: CONFIRM

[11:39:50] [2026-08-28 11:39:50.886] [INPUT] [BattleScene] Key: KEY_EVENT -> Action: CONFIRM

[11:39:51] [2026-08-28 11:39:51.054] [INPUT] [BattleScene] Key: KEY_EVENT -> Action: CONFIRM

[11:39:51] [2026-08-28 11:39:51.229] [INPUT] [BattleScene] Key: KEY_EVENT -> Action: CONFIRM

[11:39:51] [2026-08-28 11:39:51.375] [INFO] [BattleScene] Turno dos Inimigos.

[11:39:51] [2026-08-28 11:39:51.376] [INFO] [Player] Rhogar Tordan sofreu 1 de dano e gerou fúria. HP: 119, Fúria: 25

[11:39:51] [2026-08-28 11:39:51.377] [INFO] [Player] Rhogar Tordan sofreu 1 de dano e gerou fúria. HP: 118, Fúria: 40

[11:39:51] [2026-08-28 11:39:51.389] [INPUT] [BattleScene] Key: KEY_EVENT -> Action: CONFIRM

[11:39:51] [2026-08-28 11:39:51.574] [INFO] [Player] Rhogar Tordan atacou Guarda de Estayler A causando 18 de dano.

[11:39:51] [2026-08-28 11:39:51.577] [INPUT] [BattleScene] Key: KEY_EVENT -> Action: CONFIRM

[11:39:51] [2026-08-28 11:39:51.742] [INPUT] [BattleScene] Key: KEY_EVENT -> Action: CONFIRM

[11:39:51] [2026-08-28 11:39:51.927] [INPUT] [BattleScene] Key: KEY_EVENT -> Action: CONFIRM

[11:39:52] [2026-08-28 11:39:52.095] [INPUT] [BattleScene] Key: KEY_EVENT -> Action: CONFIRM

[11:39:52] [2026-08-28 11:39:52.271] [INPUT] [BattleScene] Key: KEY_EVENT -> Action: CONFIRM

[11:39:52] [2026-08-28 11:39:52.375] [INFO] [BattleScene] Turno dos Inimigos.

[11:39:52] [2026-08-28 11:39:52.375] [INFO] [Player] Rhogar Tordan sofreu 1 de dano e gerou fúria. HP: 117, Fúria: 65

[11:39:52] [2026-08-28 11:39:52.377] [INFO] [Player] Rhogar Tordan sofreu 1 de dano e gerou fúria. HP: 116, Fúria: 80

[11:39:52] [2026-08-28 11:39:52.453] [INPUT] [BattleScene] Key: KEY_EVENT -> Action: CONFIRM

[11:39:52] [2026-08-28 11:39:52.646] [INFO] [Player] Rhogar Tordan atacou Guarda de Estayler A causando 18 de dano.

[11:39:52] [2026-08-28 11:39:52.648] [INPUT] [BattleScene] Key: KEY_EVENT -> Action: CONFIRM

[11:39:52] [2026-08-28 11:39:52.838] [INPUT] [BattleScene] Key: KEY_EVENT -> Action: CONFIRM

[11:39:53] [2026-08-28 11:39:53.029] [INPUT] [BattleScene] Key: KEY_EVENT -> Action: CONFIRM

[11:39:53] [2026-08-28 11:39:53.223] [INPUT] [BattleScene] Key: KEY_EVENT -> Action: CONFIRM

[11:39:53] [2026-08-28 11:39:53.423] [INPUT] [BattleScene] Key: KEY_EVENT -> Action: CONFIRM

[11:39:53] [2026-08-28 11:39:53.442] [INFO] [BattleScene] Turno dos Inimigos.

[11:39:53] [2026-08-28 11:39:53.442] [INFO] [Player] Rhogar Tordan sofreu 1 de dano e gerou fúria. HP: 115, Fúria: 100

[11:39:53] [2026-08-28 11:39:53.614] [INPUT] [BattleScene] Key: KEY_EVENT -> Action: CONFIRM

[11:39:53] [2026-08-28 11:39:53.798] [INFO] [Player] Rhogar Tordan atacou Guarda de Estayler B causando 18 de dano.

[11:39:53] [2026-08-28 11:39:53.799] [INPUT] [BattleScene] Key: KEY_EVENT -> Action: CONFIRM

[11:39:54] [2026-08-28 11:39:54.005] [INPUT] [BattleScene] Key: KEY_EVENT -> Action: CONFIRM

[11:39:54] [2026-08-28 11:39:54.206] [INPUT] [BattleScene] Key: KEY_EVENT -> Action: CONFIRM

[11:39:54] [2026-08-28 11:39:54.415] [INPUT] [BattleScene] Key: KEY_EVENT -> Action: CONFIRM

[11:39:54] [2026-08-28 11:39:54.609] [INFO] [BattleScene] Turno dos Inimigos.

[11:39:54] [2026-08-28 11:39:54.609] [INFO] [Player] Rhogar Tordan sofreu 1 de dano e gerou fúria. HP: 114, Fúria: 100

[11:39:54] [2026-08-28 11:39:54.614] [INPUT] [BattleScene] Key: KEY_EVENT -> Action: CONFIRM

[11:39:54] [2026-08-28 11:39:54.814] [INFO] [Player] Rhogar Tordan atacou Guarda de Estayler B causando 18 de dano.

[11:39:54] [2026-08-28 11:39:54.815] [INPUT] [BattleScene] Key: KEY_EVENT -> Action: CONFIRM

[11:39:54] [2026-08-28 11:39:54.997] [INPUT] [BattleScene] Key: KEY_EVENT -> Action: CONFIRM

[11:39:55] [2026-08-28 11:39:55.198] [INPUT] [BattleScene] Key: KEY_EVENT -> Action: CONFIRM

[11:39:55] [2026-08-28 11:39:55.382] [INPUT] [BattleScene] Key: KEY_EVENT -> Action: CONFIRM

[11:39:55] [2026-08-28 11:39:55.589] [INPUT] [BattleScene] Key: KEY_EVENT -> Action: CONFIRM

[11:39:55] [2026-08-28 11:39:55.625] [INFO] [BattleScene] Turno dos Inimigos.

[11:39:55] [2026-08-28 11:39:55.625] [INFO] [Player] Rhogar Tordan sofreu 1 de dano e gerou fúria. HP: 113, Fúria: 100

[11:39:55] [2026-08-28 11:39:55.789] [INPUT] [BattleScene] Key: KEY_EVENT -> Action: CONFIRM

[11:39:55] [2026-08-28 11:39:55.991] [INFO] [Player] Rhogar Tordan atacou Guarda de Estayler B causando 18 de dano.

[11:39:55] [2026-08-28 11:39:55.994] [INFO] [BattleScene] Batalha vencida (Multi-Alvo)!

[11:39:56] [2026-08-28 11:39:56.002] [INPUT] [BattleScene] Key: KEY_EVENT -> Action: CONFIRM

[11:39:56] [2026-08-28 11:39:56.198] [INPUT] [BattleScene] Key: KEY_EVENT -> Action: CONFIRM

[11:39:56] [2026-08-28 11:39:56.414] [INPUT] [BattleScene] Key: KEY_EVENT -> Action: CONFIRM

[11:39:56] [2026-08-28 11:39:56.614] [INPUT] [BattleScene] Key: KEY_EVENT -> Action: CONFIRM

[11:39:56] [2026-08-28 11:39:56.814] [INPUT] [BattleScene] Key: KEY_EVENT -> Action: CONFIRM

[11:39:57] [2026-08-28 11:39:57.006] [INPUT] [BattleScene] Key: KEY_EVENT -> Action: CONFIRM

[11:39:57] [2026-08-28 11:39:57.190] [INPUT] [BattleScene] Key: KEY_EVENT -> Action: CONFIRM

[11:39:58] [2026-08-28 11:39:58.011] [INFO] [RewardScene] Cena de Recompensa iniciada. Retorno agendado para: TavernScene

[11:39:58] [2026-08-28 11:39:58.024] [INFO] [SaveManager] Progresso salvo com sucesso via LocalStorage (Fallback).

[11:39:58] [2026-08-28 11:39:58.646] [INFO] [RewardScene] Retornando para a cena: TavernScene

[11:39:58] [2026-08-28 11:39:58.647] [QUEST] quest_01_flashback -> completed

[11:39:58] [2026-08-28 11:39:58.647] [QUEST] quest_02_temple -> active

[11:39:58] [2026-08-28 11:39:58.647] [INFO] [WorldManager] Iniciando transição: RewardScene -> TavernScene {"x":700,"y":480,"returnedFromFlashback":true,"battleOutcome":"victory"}

[11:39:58] [2026-08-28 11:39:58.965] [INFO] [InputManager] InputManager acoplado à cena atual.

[11:39:58] [2026-08-28 11:39:58.967] [INFO] [TavernScene] Ambiente da Taverna criado.

[11:39:58] [2026-08-28 11:39:58.968] [INFO] [TavernScene] Retornou do Flashback. Missões atualizadas.

[11:39:59] [2026-08-28 11:39:59.598] [INPUT] [TavernScene] Key: KEY_EVENT -> Action: DOWN

[11:40:00] [2026-08-28 11:40:00.246] [INPUT] [TavernScene] Key: KEY_EVENT -> Action: LEFT

[11:40:01] [2026-08-28 11:40:01.675] [INFO] [WorldManager] Iniciando transição: TavernScene -> RastphenCityScene {"x":520,"y":880}

[11:40:01] [2026-08-28 11:40:01.992] [INFO] [WorldManager] Iniciando transição: TavernScene -> RastphenCityScene {"x":520,"y":880}

[11:40:02] [2026-08-28 11:40:02.010] [INFO] [RastphenCityScene] Renderizando mapa aberto da cidade.

[11:40:02] [2026-08-28 11:40:02.024] [INFO] [InputManager] InputManager acoplado à cena atual.

[11:40:02] [2026-08-28 11:40:02.036] [INPUT] [RastphenCityScene] Key: KEY_EVENT -> Action: LEFT

[11:40:02] [2026-08-28 11:40:02.605] [INPUT] [RastphenCityScene] Key: KEY_EVENT -> Action: RIGHT

[11:40:03] [2026-08-28 11:40:03.038] [INPUT] [RastphenCityScene] Key: KEY_EVENT -> Action: UP

[11:40:04] [2026-08-28 11:40:04.127] [INPUT] [RastphenCityScene] Key: KEY_EVENT -> Action: UP

[11:43:51] [2026-08-28 11:43:51.101] [INPUT] [RastphenCityScene] Key: KEY_EVENT -> Action: UP

[11:43:51] [2026-08-28 11:43:51.515] [INFO] [WorldManager] Iniciando transição: RastphenCityScene -> TempleScene {"x":400,"y":520}

[11:43:51] [2026-08-28 11:43:51.799] [INFO] [Intent] Input Z/ESPAÇO recebido: Nenhuma zona interativa próxima. Ação ignorada.

[11:43:51] [2026-08-28 11:43:51.799] [INPUT] [RastphenCityScene] Key: KEY_EVENT -> Action: CONFIRM

[11:43:51] [2026-08-28 11:43:51.831] [INFO] [WorldManager] Iniciando transição: RastphenCityScene -> TempleScene {"x":400,"y":520}

[11:43:51] [2026-08-28 11:43:51.848] [INFO] [TempleScene] Renderizando Templo de Palmem.

[11:43:51] [2026-08-28 11:43:51.853] [INFO] [InputManager] InputManager acoplado à cena atual.

[11:43:52] [2026-08-28 11:43:52.470] [INPUT] [TempleScene] Key: KEY_EVENT -> Action: UP

[11:43:53] [2026-08-28 11:43:53.951] [INFO] [Intent] Input Z/ESPAÇO recebido: Iniciando interação com alvo [sacerdotisa_palmem].

[11:43:53] [2026-08-28 11:43:53.951] [DIALOGUE] [START] Speaker: Sacerdotisa | "O veneno arcano corrói o espírito de Gruther. Se não expurgarmos a fonte de magia negra no Bosque Cinzento, ele perecerá."

[11:43:53] [2026-08-28 11:43:53.953] [INPUT] [TempleScene] Key: KEY_EVENT -> Action: CONFIRM

[11:43:54] [2026-08-28 11:43:54.166] [INFO] [Intent] Input Z/ESPAÇO recebido: Avançando ou finalizando caixa de diálogo atual.

[11:43:54] [2026-08-28 11:43:54.169] [INPUT] [TempleScene] Key: KEY_EVENT -> Action: CONFIRM

[11:43:54] [2026-08-28 11:43:54.422] [INFO] [Intent] Input Z/ESPAÇO recebido: Avançando ou finalizando caixa de diálogo atual.

[11:43:54] [2026-08-28 11:43:54.422] [DIALOGUE] [END] Speaker: 

[11:43:54] [2026-08-28 11:43:54.422] [QUEST] quest_02_temple -> completed

[11:43:54] [2026-08-28 11:43:54.423] [QUEST] quest_03_investigate_farm -> active

[11:43:54] [2026-08-28 11:43:54.423] [INFO] [TempleScene] Quest "O Templo de Palmem" concluída! Nova Missão: Investigar a Fazenda.

[11:43:54] [2026-08-28 11:43:54.426] [INPUT] [TempleScene] Key: KEY_EVENT -> Action: CONFIRM

[11:43:54] [2026-08-28 11:43:54.646] [INFO] [Intent] Input Z/ESPAÇO recebido: Iniciando interação com alvo [sacerdotisa_palmem].

[11:43:54] [2026-08-28 11:43:54.647] [DIALOGUE] [START] Speaker: Sacerdotisa | "O veneno arcano corrói o espírito de Gruther. Se não expurgarmos a fonte de magia negra no Bosque Cinzento, ele perecerá."

[11:43:54] [2026-08-28 11:43:54.648] [INPUT] [TempleScene] Key: KEY_EVENT -> Action: CONFIRM

[11:43:55] [2026-08-28 11:43:55.016] [INFO] [Intent] Input Z/ESPAÇO recebido: Avançando ou finalizando caixa de diálogo atual.

[11:43:55] [2026-08-28 11:43:55.018] [INPUT] [TempleScene] Key: KEY_EVENT -> Action: CONFIRM

[11:43:55] [2026-08-28 11:43:55.279] [INFO] [Intent] Input Z/ESPAÇO recebido: Avançando ou finalizando caixa de diálogo atual.

[11:43:55] [2026-08-28 11:43:55.279] [DIALOGUE] [END] Speaker: 

[11:43:55] [2026-08-28 11:43:55.280] [INPUT] [TempleScene] Key: KEY_EVENT -> Action: CONFIRM

[11:43:55] [2026-08-28 11:43:55.630] [INPUT] [TempleScene] Key: KEY_EVENT -> Action: LEFT

[11:43:55] [2026-08-28 11:43:55.983] [INPUT] [TempleScene] Key: KEY_EVENT -> Action: UP

[11:43:56] [2026-08-28 11:43:56.478] [INFO] [Intent] Input Z/ESPAÇO recebido: Iniciando interação com alvo [gruther_leito].

[11:43:56] [2026-08-28 11:43:56.479] [DIALOGUE] [START] Speaker: Gruther | "As sombras... invadiram o celeiro. Um monstro de chifres. Eu ouvi o grito de Melissa... Salve-a..."

[11:43:56] [2026-08-28 11:43:56.481] [INPUT] [TempleScene] Key: KEY_EVENT -> Action: CONFIRM

[11:43:56] [2026-08-28 11:43:56.662] [INFO] [Intent] Input Z/ESPAÇO recebido: Avançando ou finalizando caixa de diálogo atual.

[11:43:56] [2026-08-28 11:43:56.663] [INPUT] [TempleScene] Key: KEY_EVENT -> Action: CONFIRM

[11:43:56] [2026-08-28 11:43:56.902] [INFO] [Intent] Input Z/ESPAÇO recebido: Avançando ou finalizando caixa de diálogo atual.

[11:43:56] [2026-08-28 11:43:56.902] [DIALOGUE] [END] Speaker: 

[11:43:56] [2026-08-28 11:43:56.902] [INPUT] [TempleScene] Key: KEY_EVENT -> Action: CONFIRM

[11:43:57] [2026-08-28 11:43:57.238] [INPUT] [TempleScene] Key: KEY_EVENT -> Action: DOWN

[11:43:57] [2026-08-28 11:43:57.486] [INPUT] [TempleScene] Key: KEY_EVENT -> Action: RIGHT

[11:43:59] [2026-08-28 11:43:59.232] [INFO] [WorldManager] Iniciando transição: TempleScene -> RastphenCityScene {"x":600,"y":220}

[11:43:59] [2026-08-28 11:43:59.547] [INFO] [WorldManager] Iniciando transição: TempleScene -> RastphenCityScene {"x":600,"y":220}

[11:43:59] [2026-08-28 11:43:59.564] [INFO] [RastphenCityScene] Renderizando mapa aberto da cidade.

[11:43:59] [2026-08-28 11:43:59.567] [INFO] [InputManager] InputManager acoplado à cena atual.

[11:44:00] [2026-08-28 11:44:00.454] [INPUT] [RastphenCityScene] Key: KEY_EVENT -> Action: RIGHT

[11:44:01] [2026-08-28 11:44:01.078] [INPUT] [RastphenCityScene] Key: KEY_EVENT -> Action: RIGHT

[11:44:01] [2026-08-28 11:44:01.342] [INPUT] [RastphenCityScene] Key: KEY_EVENT -> Action: DOWN

[11:44:02] [2026-08-28 11:44:02.150] [INPUT] [RastphenCityScene] Key: KEY_EVENT -> Action: RIGHT

[11:44:04] [2026-08-28 11:44:04.198] [INPUT] [RastphenCityScene] Key: KEY_EVENT -> Action: RIGHT

[11:44:05] [2026-08-28 11:44:05.838] [INPUT] [RastphenCityScene] Key: KEY_EVENT -> Action: RIGHT

[11:44:08] [2026-08-28 11:44:08.110] [INPUT] [RastphenCityScene] Key: KEY_EVENT -> Action: UP

[11:44:08] [2026-08-28 11:44:08.398] [INPUT] [RastphenCityScene] Key: KEY_EVENT -> Action: LEFT

[11:44:08] [2026-08-28 11:44:08.815] [INFO] [Intent] Input Z/ESPAÇO recebido: Nenhuma zona interativa próxima. Ação ignorada.

[11:44:08] [2026-08-28 11:44:08.816] [INPUT] [RastphenCityScene] Key: KEY_EVENT -> Action: CONFIRM

[11:44:09] [2026-08-28 11:44:09.077] [INFO] [Intent] Input Z/ESPAÇO recebido: Nenhuma zona interativa próxima. Ação ignorada.

[11:44:09] [2026-08-28 11:44:09.077] [INPUT] [RastphenCityScene] Key: KEY_EVENT -> Action: CONFIRM

[11:44:09] [2026-08-28 11:44:09.197] [INPUT] [RastphenCityScene] Key: KEY_EVENT -> Action: DOWN

[11:44:09] [2026-08-28 11:44:09.526] [INPUT] [RastphenCityScene] Key: KEY_EVENT -> Action: DOWN

[11:44:10] [2026-08-28 11:44:10.054] [INPUT] [RastphenCityScene] Key: KEY_EVENT -> Action: UP

[11:44:10] [2026-08-28 11:44:10.790] [INPUT] [RastphenCityScene] Key: KEY_EVENT -> Action: DOWN

[11:44:11] [2026-08-28 11:44:11.478] [INPUT] [RastphenCityScene] Key: KEY_EVENT -> Action: DOWN

[11:44:11] [2026-08-28 11:44:11.934] [INPUT] [RastphenCityScene] Key: KEY_EVENT -> Action: UP

[11:44:13] [2026-08-28 11:44:13.342] [INPUT] [RastphenCityScene] Key: KEY_EVENT -> Action: LEFT

[11:44:13] [2026-08-28 11:44:13.848] [INPUT] [RastphenCityScene] Key: KEY_EVENT -> Action: RIGHT

[11:44:14] [2026-08-28 11:44:14.758] [INFO] [Intent] Input Z/ESPAÇO recebido: Iniciando interação com alvo [guardas_muralha].

[11:44:14] [2026-08-28 11:44:14.759] [DIALOGUE] [START] Speaker: Guarda Telmer | "Atenção viajante. Criaturas estranhas foram vistas na Estrada Sul."

[11:44:14] [2026-08-28 11:44:14.760] [INPUT] [RastphenCityScene] Key: KEY_EVENT -> Action: CONFIRM

[11:44:15] [2026-08-28 11:44:15.166] [INFO] [Intent] Input Z/ESPAÇO recebido: Avançando ou finalizando caixa de diálogo atual.

[11:44:15] [2026-08-28 11:44:15.167] [INPUT] [RastphenCityScene] Key: KEY_EVENT -> Action: CONFIRM

[11:44:15] [2026-08-28 11:44:15.406] [INFO] [Intent] Input Z/ESPAÇO recebido: Avançando ou finalizando caixa de diálogo atual.

[11:44:15] [2026-08-28 11:44:15.406] [DIALOGUE] [NEXT] Speaker: Guarda Breno | "Tenha cuidado se for prosseguir. Os portões estão abertos para aventureiros."

[11:44:15] [2026-08-28 11:44:15.408] [INPUT] [RastphenCityScene] Key: KEY_EVENT -> Action: CONFIRM

[11:44:15] [2026-08-28 11:44:15.870] [INFO] [Intent] Input Z/ESPAÇO recebido: Avançando ou finalizando caixa de diálogo atual.

[11:44:15] [2026-08-28 11:44:15.871] [INPUT] [RastphenCityScene] Key: KEY_EVENT -> Action: CONFIRM

[11:44:16] [2026-08-28 11:44:16.270] [INFO] [Intent] Input Z/ESPAÇO recebido: Avançando ou finalizando caixa de diálogo atual.

[11:44:16] [2026-08-28 11:44:16.271] [DIALOGUE] [END] Speaker: 

[11:44:16] [2026-08-28 11:44:16.271] [INPUT] [RastphenCityScene] Key: KEY_EVENT -> Action: CONFIRM

[11:44:16] [2026-08-28 11:44:16.485] [INPUT] [RastphenCityScene] Key: KEY_EVENT -> Action: LEFT

[11:44:16] [2026-08-28 11:44:16.638] [INPUT] [RastphenCityScene] Key: KEY_EVENT -> Action: UP

[11:44:17] [2026-08-28 11:44:17.254] [INPUT] [RastphenCityScene] Key: KEY_EVENT -> Action: DOWN

[11:44:18] [2026-08-28 11:44:18.021] [INPUT] [RastphenCityScene] Key: KEY_EVENT -> Action: RIGHT

[11:44:19] [2026-08-28 11:44:19.622] [INPUT] [RastphenCityScene] Key: KEY_EVENT -> Action: LEFT

[11:44:19] [2026-08-28 11:44:19.950] [INPUT] [RastphenCityScene] Key: KEY_EVENT -> Action: UP

[11:44:20] [2026-08-28 11:44:20.454] [INPUT] [RastphenCityScene] Key: KEY_EVENT -> Action: DOWN

[11:44:21] [2026-08-28 11:44:21.526] [INPUT] [RastphenCityScene] Key: KEY_EVENT -> Action: UP

[11:44:22] [2026-08-28 11:44:22.022] [INPUT] [RastphenCityScene] Key: KEY_EVENT -> Action: DOWN

[11:51:09] [INIT] Logger inicializado e conectado ao Electron.
[11:51:09] [2026-08-28 11:51:09.176] [INFO] [PreloadScene] Assets procedurais provisórios gerados com sucesso.

[11:51:15] [2026-08-28 11:51:15.148] [INFO] [SaveManager] Progresso lido do LocalStorage.

[11:51:15] [2026-08-28 11:51:15.150] [INFO] [InputManager] InputManager acoplado à cena atual.

[11:51:15] [2026-08-28 11:51:15.154] [INFO] [MenuScene] Cena de Menu criada e inputs vinculados.

[11:58:01] [INIT] Logger inicializado e conectado ao Electron.
[11:58:01] [2026-08-28 11:58:01.811] [INFO] [PreloadScene] Assets procedurais provisórios gerados com sucesso.

[11:58:01] [2026-08-28 11:58:01.823] [INFO] [SaveManager] Progresso lido do LocalStorage.

[11:58:01] [2026-08-28 11:58:01.833] [INFO] [InputManager] InputManager acoplado à cena atual.

[11:58:01] [2026-08-28 11:58:01.837] [INFO] [MenuScene] Cena de Menu criada e inputs vinculados.

[11:58:05] [2026-08-28 11:58:05.387] [INFO] [MenuScene] Ação: Iniciar Novo Jogo (TavernScene)

[11:58:05] [2026-08-28 11:58:05.387] [INFO] [QuestManager] Progresso das missões resetado para novo jogo.

[11:58:05] [2026-08-28 11:58:05.387] [INPUT] [MenuScene] Key: KEY_EVENT -> Action: CONFIRM

[11:58:05] [2026-08-28 11:58:05.393] [INFO] [QuestManager] Banco de missões inicializado.

[11:58:05] [2026-08-28 11:58:05.420] [INFO] [InputManager] InputManager acoplado à cena atual.

[11:58:05] [2026-08-28 11:58:05.423] [INFO] [TavernScene] Ambiente da Taverna criado.

[11:58:06] [2026-08-28 11:58:06.301] [INPUT] [TavernScene] Key: KEY_EVENT -> Action: UP

[11:58:06] [2026-08-28 11:58:06.813] [INPUT] [TavernScene] Key: KEY_EVENT -> Action: LEFT

[11:58:08] [2026-08-28 11:58:08.381] [INPUT] [TavernScene] Key: KEY_EVENT -> Action: LEFT

[11:58:08] [2026-08-28 11:58:08.605] [INPUT] [TavernScene] Key: KEY_EVENT -> Action: UP

[11:58:08] [2026-08-28 11:58:08.869] [INPUT] [TavernScene] Key: KEY_EVENT -> Action: LEFT

[11:58:09] [2026-08-28 11:58:09.397] [INFO] [Intent] Input Z/ESPAÇO recebido: Iniciando interação com alvo [veronica_stinfy].

[11:58:09] [2026-08-28 11:58:09.397] [DIALOGUE] [START] Speaker: Verônica Stinfy | "A magia abissal... Ela contorce a trama da realidade de formas interessantes."

[11:58:09] [2026-08-28 11:58:09.400] [INPUT] [TavernScene] Key: KEY_EVENT -> Action: CONFIRM

[11:58:09] [2026-08-28 11:58:09.653] [INFO] [Intent] Input Z/ESPAÇO recebido: Avançando ou finalizando caixa de diálogo atual.

[11:58:09] [2026-08-28 11:58:09.656] [INPUT] [TavernScene] Key: KEY_EVENT -> Action: CONFIRM

[11:58:09] [2026-08-28 11:58:09.861] [INFO] [Intent] Input Z/ESPAÇO recebido: Avançando ou finalizando caixa de diálogo atual.

[11:58:09] [2026-08-28 11:58:09.861] [DIALOGUE] [NEXT] Speaker: Verônica Stinfy | "O que você quer, meio-elfo?"

[11:58:09] [2026-08-28 11:58:09.862] [INPUT] [TavernScene] Key: KEY_EVENT -> Action: CONFIRM

[11:58:10] [2026-08-28 11:58:10.045] [INFO] [Intent] Input Z/ESPAÇO recebido: Avançando ou finalizando caixa de diálogo atual.

[11:58:10] [2026-08-28 11:58:10.052] [INPUT] [TavernScene] Key: KEY_EVENT -> Action: CONFIRM

[11:58:10] [2026-08-28 11:58:10.285] [INFO] [Intent] Input Z/ESPAÇO recebido: Avançando ou finalizando caixa de diálogo atual.

[11:58:10] [2026-08-28 11:58:10.285] [DIALOGUE] [CHOICE] Speaker: Verônica Stinfy | "[Positiva] Oferecer cooperação contra os cultistas."

[11:58:10] [2026-08-28 11:58:10.286] [INPUT] [TavernScene] Key: KEY_EVENT -> Action: CONFIRM

[11:58:10] [2026-08-28 11:58:10.533] [INFO] [Intent] Input Z/ESPAÇO recebido: Avançando ou finalizando caixa de diálogo atual.

[11:58:10] [2026-08-28 11:58:10.534] [INPUT] [TavernScene] Key: KEY_EVENT -> Action: CONFIRM

[11:58:10] [2026-08-28 11:58:10.790] [INFO] [Intent] Input Z/ESPAÇO recebido: Avançando ou finalizando caixa de diálogo atual.

[11:58:10] [2026-08-28 11:58:10.790] [DIALOGUE] [NEXT] Speaker: Verônica Stinfy | "Agora não me incomode. Estou trabalhando."

[11:58:10] [2026-08-28 11:58:10.792] [INPUT] [TavernScene] Key: KEY_EVENT -> Action: CONFIRM

[11:58:11] [2026-08-28 11:58:11.221] [INFO] [Intent] Input Z/ESPAÇO recebido: Avançando ou finalizando caixa de diálogo atual.

[11:58:11] [2026-08-28 11:58:11.222] [INPUT] [TavernScene] Key: KEY_EVENT -> Action: CONFIRM

[11:58:11] [2026-08-28 11:58:11.662] [INFO] [Intent] Input Z/ESPAÇO recebido: Avançando ou finalizando caixa de diálogo atual.

[11:58:11] [2026-08-28 11:58:11.662] [DIALOGUE] [END] Speaker: 

[11:58:11] [2026-08-28 11:58:11.662] [INPUT] [TavernScene] Key: KEY_EVENT -> Action: CONFIRM

[11:58:11] [2026-08-28 11:58:11.917] [INPUT] [TavernScene] Key: KEY_EVENT -> Action: RIGHT

[11:58:12] [2026-08-28 11:58:12.077] [INPUT] [TavernScene] Key: KEY_EVENT -> Action: UP

[11:58:13] [2026-08-28 11:58:13.054] [INFO] [Intent] Input Z/ESPAÇO recebido: Iniciando interação com alvo [hilda].

[11:58:13] [2026-08-28 11:58:13.055] [INPUT] [TavernScene] Key: KEY_EVENT -> Action: CONFIRM

[11:58:13] [2026-08-28 11:58:13.229] [INFO] [Intent] Input Z/ESPAÇO recebido: Avançando ou finalizando caixa de diálogo atual.

[11:58:13] [2026-08-28 11:58:13.230] [INFO] [InventoryManager] Item adicionado: potion_heal x1

[11:58:13] [2026-08-28 11:58:13.231] [INFO] [ShopUI] Comprou Poção de Vida por 20 PO

[11:58:13] [2026-08-28 11:58:13.231] [INPUT] [TavernScene] Key: KEY_EVENT -> Action: CONFIRM

[11:58:13] [2026-08-28 11:58:13.598] [INPUT] [TavernScene] Key: KEY_EVENT -> Action: DOWN

[11:58:13] [2026-08-28 11:58:13.781] [INPUT] [TavernScene] Key: KEY_EVENT -> Action: DOWN

[11:58:13] [2026-08-28 11:58:13.997] [INFO] [Intent] Input Z/ESPAÇO recebido: Avançando ou finalizando caixa de diálogo atual.

[11:58:13] [2026-08-28 11:58:13.998] [INPUT] [TavernScene] Key: KEY_EVENT -> Action: CONFIRM

[11:58:14] [2026-08-28 11:58:14.245] [INPUT] [TavernScene] Key: KEY_EVENT -> Action: RIGHT

[11:58:14] [2026-08-28 11:58:14.405] [INPUT] [TavernScene] Key: KEY_EVENT -> Action: DOWN

[11:58:15] [2026-08-28 11:58:15.343] [INPUT] [TavernScene] Key: KEY_EVENT -> Action: UP

[11:58:15] [2026-08-28 11:58:15.949] [INPUT] [TavernScene] Key: KEY_EVENT -> Action: UP

[11:58:16] [2026-08-28 11:58:16.477] [INFO] [Intent] Input Z/ESPAÇO recebido: Iniciando interação com alvo [traudon_alicia].

[11:58:16] [2026-08-28 11:58:16.477] [DIALOGUE] [START] Speaker: Traudon | "Ah... damascos em calda com cerveja, a perfeição da culinária anã! Não é mesmo, Alícia?"

[11:58:16] [2026-08-28 11:58:16.480] [INPUT] [TavernScene] Key: KEY_EVENT -> Action: CONFIRM

[11:58:16] [2026-08-28 11:58:16.694] [INFO] [Intent] Input Z/ESPAÇO recebido: Avançando ou finalizando caixa de diálogo atual.

[11:58:16] [2026-08-28 11:58:16.696] [INPUT] [TavernScene] Key: KEY_EVENT -> Action: CONFIRM

[11:58:16] [2026-08-28 11:58:16.909] [INFO] [Intent] Input Z/ESPAÇO recebido: Avançando ou finalizando caixa de diálogo atual.

[11:58:16] [2026-08-28 11:58:16.910] [DIALOGUE] [NEXT] Speaker: Alícia | "Você devia focar na sua magia, Traudon. Diga a ele, viajante."

[11:58:16] [2026-08-28 11:58:16.911] [INPUT] [TavernScene] Key: KEY_EVENT -> Action: CONFIRM

[11:58:17] [2026-08-28 11:58:17.159] [INFO] [Intent] Input Z/ESPAÇO recebido: Avançando ou finalizando caixa de diálogo atual.

[11:58:17] [2026-08-28 11:58:17.166] [INPUT] [TavernScene] Key: KEY_EVENT -> Action: CONFIRM

[11:58:17] [2026-08-28 11:58:17.373] [INFO] [Intent] Input Z/ESPAÇO recebido: Avançando ou finalizando caixa de diálogo atual.

[11:58:17] [2026-08-28 11:58:17.374] [DIALOGUE] [CHOICE] Speaker: Alícia | "[Positiva] Apreciar a melodia do alaúde de Alícia."

[11:58:17] [2026-08-28 11:58:17.375] [INPUT] [TavernScene] Key: KEY_EVENT -> Action: CONFIRM

[11:58:17] [2026-08-28 11:58:17.590] [INFO] [Intent] Input Z/ESPAÇO recebido: Avançando ou finalizando caixa de diálogo atual.

[11:58:17] [2026-08-28 11:58:17.592] [INPUT] [TavernScene] Key: KEY_EVENT -> Action: CONFIRM

[11:58:17] [2026-08-28 11:58:17.821] [INFO] [Intent] Input Z/ESPAÇO recebido: Avançando ou finalizando caixa de diálogo atual.

[11:58:17] [2026-08-28 11:58:17.822] [DIALOGUE] [NEXT] Speaker: Traudon | "Bah, não ligue para ela. Um druida anão retira seu poder da terra e dos doces!"

[11:58:17] [2026-08-28 11:58:17.823] [INPUT] [TavernScene] Key: KEY_EVENT -> Action: CONFIRM

[11:58:18] [2026-08-28 11:58:18.165] [INFO] [Intent] Input Z/ESPAÇO recebido: Avançando ou finalizando caixa de diálogo atual.

[11:58:18] [2026-08-28 11:58:18.166] [INPUT] [TavernScene] Key: KEY_EVENT -> Action: CONFIRM

[11:58:18] [2026-08-28 11:58:18.493] [INFO] [Intent] Input Z/ESPAÇO recebido: Avançando ou finalizando caixa de diálogo atual.

[11:58:18] [2026-08-28 11:58:18.493] [DIALOGUE] [END] Speaker: 

[11:58:18] [2026-08-28 11:58:18.493] [INPUT] [TavernScene] Key: KEY_EVENT -> Action: CONFIRM

[11:58:18] [2026-08-28 11:58:18.917] [INPUT] [TavernScene] Key: KEY_EVENT -> Action: LEFT

[11:58:19] [2026-08-28 11:58:19.544] [INPUT] [TavernScene] Key: KEY_EVENT -> Action: DOWN

[11:58:22] [2026-08-28 11:58:22.237] [INFO] [Intent] Input Z/ESPAÇO recebido: Iniciando interação com alvo [john_bardem].

[11:58:22] [2026-08-28 11:58:22.238] [DIALOGUE] [START] Speaker: John Bardem | "Fique frio e não faça movimentos bruscos."

[11:58:22] [2026-08-28 11:58:22.241] [INPUT] [TavernScene] Key: KEY_EVENT -> Action: CONFIRM

[11:58:22] [2026-08-28 11:58:22.565] [INFO] [Intent] Input Z/ESPAÇO recebido: Avançando ou finalizando caixa de diálogo atual.

[11:58:22] [2026-08-28 11:58:22.566] [INPUT] [TavernScene] Key: KEY_EVENT -> Action: CONFIRM

[11:58:22] [2026-08-28 11:58:22.830] [INFO] [Intent] Input Z/ESPAÇO recebido: Avançando ou finalizando caixa de diálogo atual.

[11:58:22] [2026-08-28 11:58:22.830] [DIALOGUE] [NEXT] Speaker: John Bardem | "Vê aquele mercenário perto da mesa? O que acha de agir?"

[11:58:22] [2026-08-28 11:58:22.831] [INPUT] [TavernScene] Key: KEY_EVENT -> Action: CONFIRM

[11:58:23] [2026-08-28 11:58:23.214] [INFO] [Intent] Input Z/ESPAÇO recebido: Avançando ou finalizando caixa de diálogo atual.

[11:58:23] [2026-08-28 11:58:23.217] [INPUT] [TavernScene] Key: KEY_EVENT -> Action: CONFIRM

[11:58:23] [2026-08-28 11:58:23.581] [INFO] [Intent] Input Z/ESPAÇO recebido: Avançando ou finalizando caixa de diálogo atual.

[11:58:23] [2026-08-28 11:58:23.582] [DIALOGUE] [CHOICE] Speaker: John Bardem | "[Positiva] Oferecer cobertura caso o mercenário reaja."

[11:58:23] [2026-08-28 11:58:23.582] [INPUT] [TavernScene] Key: KEY_EVENT -> Action: CONFIRM

[11:58:24] [2026-08-28 11:58:24.006] [INFO] [Intent] Input Z/ESPAÇO recebido: Avançando ou finalizando caixa de diálogo atual.

[11:58:24] [2026-08-28 11:58:24.007] [INPUT] [TavernScene] Key: KEY_EVENT -> Action: CONFIRM

[11:58:24] [2026-08-28 11:58:24.381] [INFO] [Intent] Input Z/ESPAÇO recebido: Avançando ou finalizando caixa de diálogo atual.

[11:58:24] [2026-08-28 11:58:24.381] [DIALOGUE] [END] Speaker: 

[11:58:24] [2026-08-28 11:58:24.381] [INPUT] [TavernScene] Key: KEY_EVENT -> Action: CONFIRM

[11:58:24] [2026-08-28 11:58:24.630] [INPUT] [TavernScene] Key: KEY_EVENT -> Action: RIGHT

[11:58:28] [2026-08-28 11:58:28.343] [INPUT] [TavernScene] Key: KEY_EVENT -> Action: RIGHT

[11:58:28] [2026-08-28 11:58:28.527] [INFO] [Intent] Input Z/ESPAÇO recebido: Iniciando interação com alvo [joseph_sylven].

[11:58:28] [2026-08-28 11:58:28.527] [DIALOGUE] [START] Speaker: Joseph Sylven | "Rhogar, meu rapaz. Vejo que a herança da sua mãe, a lâmina de Brentel, ainda pesa em suas costas."

[11:58:28] [2026-08-28 11:58:28.529] [INPUT] [TavernScene] Key: KEY_EVENT -> Action: CONFIRM

[11:58:28] [2026-08-28 11:58:28.838] [INFO] [Intent] Input Z/ESPAÇO recebido: Avançando ou finalizando caixa de diálogo atual.

[11:58:28] [2026-08-28 11:58:28.839] [INPUT] [TavernScene] Key: KEY_EVENT -> Action: CONFIRM

[11:58:29] [2026-08-28 11:58:29.029] [INFO] [Intent] Input Z/ESPAÇO recebido: Avançando ou finalizando caixa de diálogo atual.

[11:58:29] [2026-08-28 11:58:29.029] [DIALOGUE] [NEXT] Speaker: Joseph Sylven | "Aquela emboscada em Estayler ainda o assombra, não é? Lembre-se do que houve na carroça de escravos..."

[11:58:29] [2026-08-28 11:58:29.030] [INPUT] [TavernScene] Key: KEY_EVENT -> Action: CONFIRM

[11:58:29] [2026-08-28 11:58:29.214] [INFO] [Intent] Input Z/ESPAÇO recebido: Avançando ou finalizando caixa de diálogo atual.

[11:58:29] [2026-08-28 11:58:29.215] [INPUT] [TavernScene] Key: KEY_EVENT -> Action: CONFIRM

[11:58:29] [2026-08-28 11:58:29.422] [INFO] [Intent] Input Z/ESPAÇO recebido: Avançando ou finalizando caixa de diálogo atual.

[11:58:29] [2026-08-28 11:58:29.422] [DIALOGUE] [END] Speaker: 

[11:58:29] [2026-08-28 11:58:29.422] [INFO] [TavernScene] Rhogar lembrou do passado. Iniciando Flashback...

[11:58:29] [2026-08-28 11:58:29.423] [INPUT] [TavernScene] Key: KEY_EVENT -> Action: CONFIRM

[11:58:29] [2026-08-28 11:58:29.662] [INFO] [Intent] Input Z/ESPAÇO recebido: Iniciando interação com alvo [joseph_sylven].

[11:58:29] [2026-08-28 11:58:29.662] [DIALOGUE] [START] Speaker: Joseph Sylven | "Rhogar, meu rapaz. Vejo que a herança da sua mãe, a lâmina de Brentel, ainda pesa em suas costas."

[11:58:29] [2026-08-28 11:58:29.663] [INPUT] [TavernScene] Key: KEY_EVENT -> Action: CONFIRM

[11:58:29] [2026-08-28 11:58:29.997] [DIALOGUE] [START] Speaker: Iksar | "Ora, ora... um draconato intrometido! Guardas, ensinem uma lição a esse lagarto!"

[11:58:31] [2026-08-28 11:58:31.023] [DIALOGUE] [NEXT] Speaker: Rhogar | "Solte a garota, Iksar. Essa covardia termina aqui!"

[11:58:31] [2026-08-28 11:58:31.559] [DIALOGUE] [END] Speaker: 

[11:58:32] [2026-08-28 11:58:32.141] [INFO] [BattleScene] Combate iniciado com suporte total a Teclado.

[11:58:32] [2026-08-28 11:58:32.142] [INFO] [InputManager] InputManager acoplado à cena atual.

[11:58:32] [2026-08-28 11:58:32.960] [INPUT] [BattleScene] Key: KEY_EVENT -> Action: CONFIRM

[11:58:33] [2026-08-28 11:58:33.376] [INFO] [Player] Rhogar Tordan atacou Guarda de Estayler A causando 18 de dano.

[11:58:33] [2026-08-28 11:58:33.384] [INPUT] [BattleScene] Key: KEY_EVENT -> Action: CONFIRM

[11:58:33] [2026-08-28 11:58:33.605] [INPUT] [BattleScene] Key: KEY_EVENT -> Action: CONFIRM

[11:58:33] [2026-08-28 11:58:33.782] [INPUT] [BattleScene] Key: KEY_EVENT -> Action: CONFIRM

[11:58:33] [2026-08-28 11:58:33.975] [INPUT] [BattleScene] Key: KEY_EVENT -> Action: CONFIRM

[11:58:34] [2026-08-28 11:58:34.175] [INPUT] [BattleScene] Key: KEY_EVENT -> Action: CONFIRM

[11:58:34] [2026-08-28 11:58:34.190] [INFO] [BattleScene] Turno dos Inimigos.

[11:58:34] [2026-08-28 11:58:34.190] [INFO] [Player] Rhogar Tordan sofreu 1 de dano e gerou fúria. HP: 119, Fúria: 25

[11:58:34] [2026-08-28 11:58:34.192] [INFO] [Player] Rhogar Tordan sofreu 1 de dano e gerou fúria. HP: 118, Fúria: 40

[11:58:34] [2026-08-28 11:58:34.359] [INPUT] [BattleScene] Key: KEY_EVENT -> Action: CONFIRM

[11:58:34] [2026-08-28 11:58:34.559] [INFO] [Player] Rhogar Tordan atacou Guarda de Estayler A causando 18 de dano.

[11:58:34] [2026-08-28 11:58:34.563] [INPUT] [BattleScene] Key: KEY_EVENT -> Action: CONFIRM

[11:58:34] [2026-08-28 11:58:34.744] [INPUT] [BattleScene] Key: KEY_EVENT -> Action: CONFIRM

[11:58:34] [2026-08-28 11:58:34.933] [INPUT] [BattleScene] Key: KEY_EVENT -> Action: CONFIRM

[11:58:35] [2026-08-28 11:58:35.149] [INPUT] [BattleScene] Key: KEY_EVENT -> Action: CONFIRM

[11:58:35] [2026-08-28 11:58:35.357] [INFO] [BattleScene] Turno dos Inimigos.

[11:58:35] [2026-08-28 11:58:35.358] [INFO] [Player] Rhogar Tordan sofreu 1 de dano e gerou fúria. HP: 117, Fúria: 65

[11:58:35] [2026-08-28 11:58:35.359] [INFO] [Player] Rhogar Tordan sofreu 1 de dano e gerou fúria. HP: 116, Fúria: 80

[11:58:35] [2026-08-28 11:58:35.365] [INPUT] [BattleScene] Key: KEY_EVENT -> Action: CONFIRM

[11:58:35] [2026-08-28 11:58:35.566] [INFO] [Player] Rhogar Tordan atacou Guarda de Estayler A causando 18 de dano.

[11:58:35] [2026-08-28 11:58:35.567] [INPUT] [BattleScene] Key: KEY_EVENT -> Action: CONFIRM

[11:58:35] [2026-08-28 11:58:35.766] [INPUT] [BattleScene] Key: KEY_EVENT -> Action: CONFIRM

[11:58:35] [2026-08-28 11:58:35.966] [INPUT] [BattleScene] Key: KEY_EVENT -> Action: CONFIRM

[11:58:36] [2026-08-28 11:58:36.176] [INPUT] [BattleScene] Key: KEY_EVENT -> Action: CONFIRM

[11:58:36] [2026-08-28 11:58:36.373] [INFO] [BattleScene] Turno dos Inimigos.

[11:58:36] [2026-08-28 11:58:36.374] [INFO] [Player] Rhogar Tordan sofreu 1 de dano e gerou fúria. HP: 115, Fúria: 100

[11:58:36] [2026-08-28 11:58:36.379] [INPUT] [BattleScene] Key: KEY_EVENT -> Action: CONFIRM

[11:58:36] [2026-08-28 11:58:36.598] [INFO] [Player] Rhogar Tordan atacou Guarda de Estayler B causando 18 de dano.

[11:58:36] [2026-08-28 11:58:36.599] [INPUT] [BattleScene] Key: KEY_EVENT -> Action: CONFIRM

[11:58:36] [2026-08-28 11:58:36.822] [INPUT] [BattleScene] Key: KEY_EVENT -> Action: CONFIRM

[11:58:37] [2026-08-28 11:58:37.022] [INPUT] [BattleScene] Key: KEY_EVENT -> Action: CONFIRM

[11:58:37] [2026-08-28 11:58:37.245] [INPUT] [BattleScene] Key: KEY_EVENT -> Action: CONFIRM

[11:58:37] [2026-08-28 11:58:37.406] [INFO] [BattleScene] Turno dos Inimigos.

[11:58:37] [2026-08-28 11:58:37.407] [INFO] [Player] Rhogar Tordan sofreu 1 de dano e gerou fúria. HP: 114, Fúria: 100

[11:58:37] [2026-08-28 11:58:37.461] [INPUT] [BattleScene] Key: KEY_EVENT -> Action: CONFIRM

[11:58:37] [2026-08-28 11:58:37.678] [INFO] [Player] Rhogar Tordan atacou Guarda de Estayler B causando 18 de dano.

[11:58:37] [2026-08-28 11:58:37.680] [INPUT] [BattleScene] Key: KEY_EVENT -> Action: CONFIRM

[11:58:37] [2026-08-28 11:58:37.886] [INPUT] [BattleScene] Key: KEY_EVENT -> Action: CONFIRM

[11:58:38] [2026-08-28 11:58:38.109] [INPUT] [BattleScene] Key: KEY_EVENT -> Action: CONFIRM

[11:58:38] [2026-08-28 11:58:38.326] [INPUT] [BattleScene] Key: KEY_EVENT -> Action: CONFIRM

[11:58:38] [2026-08-28 11:58:38.489] [INFO] [BattleScene] Turno dos Inimigos.

[11:58:38] [2026-08-28 11:58:38.490] [INFO] [Player] Rhogar Tordan sofreu 1 de dano e gerou fúria. HP: 113, Fúria: 100

[11:58:38] [2026-08-28 11:58:38.525] [INPUT] [BattleScene] Key: KEY_EVENT -> Action: CONFIRM

[11:58:38] [2026-08-28 11:58:38.749] [INFO] [Player] Rhogar Tordan atacou Guarda de Estayler B causando 18 de dano.

[11:58:38] [2026-08-28 11:58:38.751] [INFO] [BattleScene] Batalha vencida (Multi-Alvo)!

[11:58:38] [2026-08-28 11:58:38.755] [INPUT] [BattleScene] Key: KEY_EVENT -> Action: CONFIRM

[11:58:38] [2026-08-28 11:58:38.949] [INPUT] [BattleScene] Key: KEY_EVENT -> Action: CONFIRM

[11:58:39] [2026-08-28 11:58:39.166] [INPUT] [BattleScene] Key: KEY_EVENT -> Action: CONFIRM

[11:58:39] [2026-08-28 11:58:39.661] [INPUT] [BattleScene] Key: KEY_EVENT -> Action: CONFIRM

[11:58:39] [2026-08-28 11:58:39.950] [INPUT] [BattleScene] Key: KEY_EVENT -> Action: CONFIRM

[11:58:40] [2026-08-28 11:58:40.774] [INFO] [RewardScene] Cena de Recompensa iniciada. Retorno agendado para: TavernScene

[11:58:40] [2026-08-28 11:58:40.791] [INFO] [SaveManager] Progresso salvo com sucesso via LocalStorage (Fallback).

[11:58:41] [2026-08-28 11:58:41.398] [INFO] [RewardScene] Retornando para a cena: TavernScene

[11:58:41] [2026-08-28 11:58:41.399] [QUEST] quest_01_flashback -> completed

[11:58:41] [2026-08-28 11:58:41.399] [QUEST] quest_02_temple -> active

[11:58:41] [2026-08-28 11:58:41.399] [INFO] [WorldManager] Iniciando transição: RewardScene -> TavernScene {"x":700,"y":480,"returnedFromFlashback":true,"battleOutcome":"victory"}

[11:58:41] [2026-08-28 11:58:41.731] [INFO] [InputManager] InputManager acoplado à cena atual.

[11:58:41] [2026-08-28 11:58:41.734] [INFO] [TavernScene] Ambiente da Taverna criado.

[11:58:41] [2026-08-28 11:58:41.734] [INFO] [TavernScene] Retornou do Flashback. Missões atualizadas.

[11:58:42] [2026-08-28 11:58:42.263] [INPUT] [TavernScene] Key: KEY_EVENT -> Action: LEFT

[11:58:43] [2026-08-28 11:58:43.086] [INPUT] [TavernScene] Key: KEY_EVENT -> Action: DOWN

[11:58:43] [2026-08-28 11:58:43.838] [INPUT] [TavernScene] Key: KEY_EVENT -> Action: UP

[11:58:44] [2026-08-28 11:58:44.326] [INPUT] [TavernScene] Key: KEY_EVENT -> Action: DOWN

[11:58:44] [2026-08-28 11:58:44.557] [INFO] [WorldManager] Iniciando transição: TavernScene -> RastphenCityScene {"x":520,"y":880}

[11:58:44] [2026-08-28 11:58:44.874] [INFO] [WorldManager] Iniciando transição: TavernScene -> RastphenCityScene {"x":520,"y":880}

[11:58:44] [2026-08-28 11:58:44.892] [INFO] [RastphenCityScene] Renderizando mapa aberto da cidade.

[11:58:44] [2026-08-28 11:58:44.904] [INFO] [InputManager] InputManager acoplado à cena atual.

[11:58:45] [2026-08-28 11:58:45.575] [INPUT] [RastphenCityScene] Key: KEY_EVENT -> Action: RIGHT

[11:58:45] [2026-08-28 11:58:45.813] [INPUT] [RastphenCityScene] Key: KEY_EVENT -> Action: UP

[11:58:47] [2026-08-28 11:58:47.707] [INFO] [WorldManager] Iniciando transição: RastphenCityScene -> TempleScene {"x":400,"y":520}

[11:58:48] [2026-08-28 11:58:48.007] [INFO] [WorldManager] Iniciando transição: RastphenCityScene -> TempleScene {"x":400,"y":520}

[11:58:48] [2026-08-28 11:58:48.025] [INFO] [TempleScene] Renderizando Templo de Palmem.

[11:58:48] [2026-08-28 11:58:48.031] [INFO] [InputManager] InputManager acoplado à cena atual.

[11:58:48] [2026-08-28 11:58:48.041] [INPUT] [TempleScene] Key: KEY_EVENT -> Action: UP

[11:58:48] [2026-08-28 11:58:48.469] [INPUT] [TempleScene] Key: KEY_EVENT -> Action: UP

[11:58:49] [2026-08-28 11:58:49.550] [INFO] [Intent] Input Z/ESPAÇO recebido: Iniciando interação com alvo [sacerdotisa_palmem].

[11:58:49] [2026-08-28 11:58:49.550] [DIALOGUE] [START] Speaker: Sacerdotisa | "O veneno arcano corrói o espírito de Gruther. Se não expurgarmos a fonte de magia negra no Bosque Cinzento, ele perecerá."

[11:58:49] [2026-08-28 11:58:49.551] [INPUT] [TempleScene] Key: KEY_EVENT -> Action: CONFIRM

[11:58:49] [2026-08-28 11:58:49.775] [INFO] [Intent] Input Z/ESPAÇO recebido: Avançando ou finalizando caixa de diálogo atual.

[11:58:49] [2026-08-28 11:58:49.777] [INPUT] [TempleScene] Key: KEY_EVENT -> Action: CONFIRM

[11:58:49] [2026-08-28 11:58:49.998] [INFO] [Intent] Input Z/ESPAÇO recebido: Avançando ou finalizando caixa de diálogo atual.

[11:58:49] [2026-08-28 11:58:49.998] [DIALOGUE] [END] Speaker: 

[11:58:49] [2026-08-28 11:58:49.998] [QUEST] quest_02_temple -> completed

[11:58:50] [2026-08-28 11:58:49.998] [QUEST] quest_03_investigate_farm -> active

[11:58:50] [2026-08-28 11:58:49.998] [INFO] [TempleScene] Quest "O Templo de Palmem" concluída! Nova Missão: Investigar a Fazenda.

[11:58:50] [2026-08-28 11:58:50.000] [INPUT] [TempleScene] Key: KEY_EVENT -> Action: CONFIRM

[11:58:50] [2026-08-28 11:58:50.238] [INFO] [Intent] Input Z/ESPAÇO recebido: Iniciando interação com alvo [sacerdotisa_palmem].

[11:58:50] [2026-08-28 11:58:50.238] [DIALOGUE] [START] Speaker: Sacerdotisa | "O veneno arcano corrói o espírito de Gruther. Se não expurgarmos a fonte de magia negra no Bosque Cinzento, ele perecerá."

[11:58:50] [2026-08-28 11:58:50.239] [INPUT] [TempleScene] Key: KEY_EVENT -> Action: CONFIRM

[11:58:50] [2026-08-28 11:58:50.557] [INPUT] [TempleScene] Key: KEY_EVENT -> Action: LEFT

[11:58:50] [2026-08-28 11:58:50.695] [INFO] [Intent] Input Z/ESPAÇO recebido: Avançando ou finalizando caixa de diálogo atual.

[11:58:50] [2026-08-28 11:58:50.696] [INPUT] [TempleScene] Key: KEY_EVENT -> Action: CONFIRM

[11:58:51] [2026-08-28 11:58:51.103] [INFO] [Intent] Input Z/ESPAÇO recebido: Avançando ou finalizando caixa de diálogo atual.

[11:58:51] [2026-08-28 11:58:51.103] [DIALOGUE] [END] Speaker: 

[11:58:51] [2026-08-28 11:58:51.103] [INPUT] [TempleScene] Key: KEY_EVENT -> Action: CONFIRM

[11:58:51] [2026-08-28 11:58:51.254] [INPUT] [TempleScene] Key: KEY_EVENT -> Action: LEFT

[11:58:51] [2026-08-28 11:58:51.758] [INPUT] [TempleScene] Key: KEY_EVENT -> Action: UP

[11:58:52] [2026-08-28 11:58:52.157] [INFO] [Intent] Input Z/ESPAÇO recebido: Iniciando interação com alvo [gruther_leito].

[11:58:52] [2026-08-28 11:58:52.157] [DIALOGUE] [START] Speaker: Gruther | "As sombras... invadiram o celeiro. Um monstro de chifres. Eu ouvi o grito de Melissa... Salve-a..."

[11:58:52] [2026-08-28 11:58:52.159] [INPUT] [TempleScene] Key: KEY_EVENT -> Action: CONFIRM

[11:58:52] [2026-08-28 11:58:52.645] [INFO] [Intent] Input Z/ESPAÇO recebido: Avançando ou finalizando caixa de diálogo atual.

[11:58:52] [2026-08-28 11:58:52.645] [INPUT] [TempleScene] Key: KEY_EVENT -> Action: CONFIRM

[11:58:53] [2026-08-28 11:58:53.550] [INFO] [Intent] Input Z/ESPAÇO recebido: Avançando ou finalizando caixa de diálogo atual.

[11:58:53] [2026-08-28 11:58:53.550] [DIALOGUE] [END] Speaker: 

[11:58:53] [2026-08-28 11:58:53.550] [INPUT] [TempleScene] Key: KEY_EVENT -> Action: CONFIRM

[11:58:54] [2026-08-28 11:58:54.093] [INPUT] [TempleScene] Key: KEY_EVENT -> Action: DOWN

[11:58:54] [2026-08-28 11:58:54.392] [INPUT] [TempleScene] Key: KEY_EVENT -> Action: RIGHT

[11:58:55] [2026-08-28 11:58:55.045] [INPUT] [TempleScene] Key: KEY_EVENT -> Action: RIGHT

[11:58:55] [2026-08-28 11:58:55.923] [INFO] [WorldManager] Iniciando transição: TempleScene -> RastphenCityScene {"x":600,"y":220}

[11:58:56] [2026-08-28 11:58:56.223] [INFO] [WorldManager] Iniciando transição: TempleScene -> RastphenCityScene {"x":600,"y":220}

[11:58:56] [2026-08-28 11:58:56.240] [INFO] [RastphenCityScene] Renderizando mapa aberto da cidade.

[11:58:56] [2026-08-28 11:58:56.245] [INFO] [InputManager] InputManager acoplado à cena atual.

[11:58:56] [2026-08-28 11:58:56.293] [INPUT] [RastphenCityScene] Key: KEY_EVENT -> Action: DOWN

[11:58:56] [2026-08-28 11:58:56.893] [INPUT] [RastphenCityScene] Key: KEY_EVENT -> Action: RIGHT

[11:58:59] [2026-08-28 11:58:59.470] [INFO] [Intent] Input Z/ESPAÇO recebido: Iniciando interação com alvo [mercador_yanil].

[11:58:59] [2026-08-28 11:58:59.470] [DIALOGUE] [START] Speaker: Yânil | "Dizem que as ruínas do Bosque Cinzento despertaram novamente. Tenho suprimentos, se tiver ouro."

[11:58:59] [2026-08-28 11:58:59.473] [INPUT] [RastphenCityScene] Key: KEY_EVENT -> Action: CONFIRM

[11:58:59] [2026-08-28 11:58:59.870] [INFO] [Intent] Input Z/ESPAÇO recebido: Avançando ou finalizando caixa de diálogo atual.

[11:58:59] [2026-08-28 11:58:59.871] [INPUT] [RastphenCityScene] Key: KEY_EVENT -> Action: CONFIRM

[11:59:00] [2026-08-28 11:59:00.294] [INFO] [Intent] Input Z/ESPAÇO recebido: Avançando ou finalizando caixa de diálogo atual.

[11:59:00] [2026-08-28 11:59:00.294] [DIALOGUE] [END] Speaker: 

[11:59:00] [2026-08-28 11:59:00.294] [INPUT] [RastphenCityScene] Key: KEY_EVENT -> Action: CONFIRM

[11:59:00] [2026-08-28 11:59:00.509] [INPUT] [RastphenCityScene] Key: KEY_EVENT -> Action: DOWN

[11:59:01] [2026-08-28 11:59:01.038] [INPUT] [RastphenCityScene] Key: KEY_EVENT -> Action: LEFT

[11:59:01] [2026-08-28 11:59:01.621] [INPUT] [RastphenCityScene] Key: KEY_EVENT -> Action: RIGHT

[11:59:02] [2026-08-28 11:59:02.358] [INPUT] [RastphenCityScene] Key: KEY_EVENT -> Action: LEFT

[11:59:03] [2026-08-28 11:59:03.565] [INPUT] [RastphenCityScene] Key: KEY_EVENT -> Action: RIGHT

[11:59:04] [2026-08-28 11:59:04.326] [INPUT] [RastphenCityScene] Key: KEY_EVENT -> Action: LEFT

[11:59:05] [2026-08-28 11:59:05.301] [INPUT] [RastphenCityScene] Key: KEY_EVENT -> Action: UP

[11:59:05] [2026-08-28 11:59:05.781] [INPUT] [RastphenCityScene] Key: KEY_EVENT -> Action: DOWN

[11:59:06] [2026-08-28 11:59:06.269] [INPUT] [RastphenCityScene] Key: KEY_EVENT -> Action: UP

[11:59:06] [2026-08-28 11:59:06.877] [INPUT] [RastphenCityScene] Key: KEY_EVENT -> Action: DOWN

[13:02:23] [INIT] Logger inicializado e conectado ao Electron.
[13:02:24] [2026-08-28 13:02:24.865] [INFO] [PreloadScene] Assets procedurais provisórios gerados com sucesso.

[13:02:24] [2026-08-28 13:02:24.885] [INFO] [SaveManager] Progresso lido do LocalStorage.

[13:02:24] [2026-08-28 13:02:24.896] [INFO] [InputManager] InputManager acoplado à cena atual.

[13:02:24] [2026-08-28 13:02:24.900] [INFO] [MenuScene] Cena de Menu criada e inputs vinculados.

[13:02:28] [2026-08-28 13:02:28.717] [INFO] [MenuScene] Ação: Iniciar Novo Jogo (TavernScene)

[13:02:28] [2026-08-28 13:02:28.717] [INFO] [QuestManager] Progresso das missões resetado para novo jogo.

[13:02:28] [2026-08-28 13:02:28.718] [INPUT] [MenuScene] Key: KEY_EVENT -> Action: CONFIRM

[13:02:28] [2026-08-28 13:02:28.732] [INFO] [QuestManager] Banco de missões inicializado.

[13:02:28] [2026-08-28 13:02:28.768] [INFO] [InputManager] InputManager acoplado à cena atual.

[13:02:28] [2026-08-28 13:02:28.774] [INFO] [TavernScene] Ambiente da Taverna criado.

[13:02:29] [2026-08-28 13:02:29.908] [INPUT] [TavernScene] Key: KEY_EVENT -> Action: LEFT

[13:02:31] [2026-08-28 13:02:31.828] [INFO] [Intent] Input Z/ESPAÇO recebido: Iniciando interação com alvo [john_bardem].

[13:02:31] [2026-08-28 13:02:31.828] [DIALOGUE] [START] Speaker: John Bardem | "Fique frio e não faça movimentos bruscos."

[13:02:31] [2026-08-28 13:02:31.833] [INPUT] [TavernScene] Key: KEY_EVENT -> Action: CONFIRM

[13:02:32] [2026-08-28 13:02:32.212] [INFO] [Intent] Input Z/ESPAÇO recebido: Avançando ou finalizando caixa de diálogo atual.

[13:02:32] [2026-08-28 13:02:32.216] [INPUT] [TavernScene] Key: KEY_EVENT -> Action: CONFIRM

[13:02:32] [2026-08-28 13:02:32.540] [INFO] [Intent] Input Z/ESPAÇO recebido: Avançando ou finalizando caixa de diálogo atual.

[13:02:32] [2026-08-28 13:02:32.540] [DIALOGUE] [NEXT] Speaker: John Bardem | "Vê aquele mercenário perto da mesa? O que acha de agir?"

[13:02:32] [2026-08-28 13:02:32.540] [INPUT] [TavernScene] Key: KEY_EVENT -> Action: CONFIRM

[13:02:32] [2026-08-28 13:02:32.956] [INFO] [Intent] Input Z/ESPAÇO recebido: Avançando ou finalizando caixa de diálogo atual.

[13:02:32] [2026-08-28 13:02:32.961] [INPUT] [TavernScene] Key: KEY_EVENT -> Action: CONFIRM

[13:02:33] [2026-08-28 13:02:33.316] [INFO] [Intent] Input Z/ESPAÇO recebido: Avançando ou finalizando caixa de diálogo atual.

[13:02:33] [2026-08-28 13:02:33.316] [DIALOGUE] [CHOICE] Speaker: John Bardem | "[Positiva] Oferecer cobertura caso o mercenário reaja."

[13:02:33] [2026-08-28 13:02:33.317] [INPUT] [TavernScene] Key: KEY_EVENT -> Action: CONFIRM

[13:02:34] [2026-08-28 13:02:34.156] [INFO] [Intent] Input Z/ESPAÇO recebido: Avançando ou finalizando caixa de diálogo atual.

[13:02:34] [2026-08-28 13:02:34.156] [INPUT] [TavernScene] Key: KEY_EVENT -> Action: CONFIRM

[13:02:34] [2026-08-28 13:02:34.644] [INFO] [Intent] Input Z/ESPAÇO recebido: Avançando ou finalizando caixa de diálogo atual.

[13:02:34] [2026-08-28 13:02:34.644] [DIALOGUE] [END] Speaker: 

[13:02:34] [2026-08-28 13:02:34.644] [INPUT] [TavernScene] Key: KEY_EVENT -> Action: CONFIRM

[13:02:35] [2026-08-28 13:02:35.052] [INPUT] [TavernScene] Key: KEY_EVENT -> Action: UP

[13:02:35] [2026-08-28 13:02:35.148] [INPUT] [TavernScene] Key: KEY_EVENT -> Action: RIGHT

[13:02:35] [2026-08-28 13:02:35.724] [INPUT] [TavernScene] Key: KEY_EVENT -> Action: LEFT

[13:02:36] [2026-08-28 13:02:36.188] [INPUT] [TavernScene] Key: KEY_EVENT -> Action: RIGHT

[13:02:37] [2026-08-28 13:02:37.172] [INPUT] [TavernScene] Key: KEY_EVENT -> Action: DOWN

[13:02:37] [2026-08-28 13:02:37.469] [INFO] [Intent] Input Z/ESPAÇO recebido: Iniciando interação com alvo [veronica_stinfy].

[13:02:37] [2026-08-28 13:02:37.470] [DIALOGUE] [START] Speaker: Verônica Stinfy | "A magia abissal... Ela contorce a trama da realidade de formas interessantes."

[13:02:37] [2026-08-28 13:02:37.476] [INPUT] [TavernScene] Key: KEY_EVENT -> Action: CONFIRM

[13:02:37] [2026-08-28 13:02:37.723] [INFO] [Intent] Input Z/ESPAÇO recebido: Avançando ou finalizando caixa de diálogo atual.

[13:02:37] [2026-08-28 13:02:37.724] [INPUT] [TavernScene] Key: KEY_EVENT -> Action: CONFIRM

[13:02:37] [2026-08-28 13:02:37.948] [INFO] [Intent] Input Z/ESPAÇO recebido: Avançando ou finalizando caixa de diálogo atual.

[13:02:37] [2026-08-28 13:02:37.948] [DIALOGUE] [NEXT] Speaker: Verônica Stinfy | "O que você quer, meio-elfo?"

[13:02:37] [2026-08-28 13:02:37.949] [INPUT] [TavernScene] Key: KEY_EVENT -> Action: CONFIRM

[13:02:38] [2026-08-28 13:02:38.164] [INFO] [Intent] Input Z/ESPAÇO recebido: Avançando ou finalizando caixa de diálogo atual.

[13:02:38] [2026-08-28 13:02:38.172] [INPUT] [TavernScene] Key: KEY_EVENT -> Action: CONFIRM

[13:02:38] [2026-08-28 13:02:38.403] [INFO] [Intent] Input Z/ESPAÇO recebido: Avançando ou finalizando caixa de diálogo atual.

[13:02:38] [2026-08-28 13:02:38.404] [DIALOGUE] [CHOICE] Speaker: Verônica Stinfy | "[Positiva] Oferecer cooperação contra os cultistas."

[13:02:38] [2026-08-28 13:02:38.404] [INPUT] [TavernScene] Key: KEY_EVENT -> Action: CONFIRM

[13:02:38] [2026-08-28 13:02:38.876] [INFO] [Intent] Input Z/ESPAÇO recebido: Avançando ou finalizando caixa de diálogo atual.

[13:02:38] [2026-08-28 13:02:38.876] [INPUT] [TavernScene] Key: KEY_EVENT -> Action: CONFIRM

[13:02:39] [2026-08-28 13:02:39.268] [INFO] [Intent] Input Z/ESPAÇO recebido: Avançando ou finalizando caixa de diálogo atual.

[13:02:39] [2026-08-28 13:02:39.268] [DIALOGUE] [NEXT] Speaker: Verônica Stinfy | "Agora não me incomode. Estou trabalhando."

[13:02:39] [2026-08-28 13:02:39.268] [INPUT] [TavernScene] Key: KEY_EVENT -> Action: CONFIRM

[13:02:39] [2026-08-28 13:02:39.603] [INPUT] [TavernScene] Key: KEY_EVENT -> Action: UP

[13:02:39] [2026-08-28 13:02:39.923] [INFO] [Intent] Input Z/ESPAÇO recebido: Avançando ou finalizando caixa de diálogo atual.

[13:02:39] [2026-08-28 13:02:39.924] [INPUT] [TavernScene] Key: KEY_EVENT -> Action: CONFIRM

[13:02:40] [2026-08-28 13:02:40.419] [INFO] [Intent] Input Z/ESPAÇO recebido: Avançando ou finalizando caixa de diálogo atual.

[13:02:40] [2026-08-28 13:02:40.420] [DIALOGUE] [END] Speaker: 

[13:02:40] [2026-08-28 13:02:40.420] [INPUT] [TavernScene] Key: KEY_EVENT -> Action: CONFIRM

[13:02:40] [2026-08-28 13:02:40.772] [INPUT] [TavernScene] Key: KEY_EVENT -> Action: UP

[13:02:41] [2026-08-28 13:02:41.659] [INPUT] [TavernScene] Key: KEY_EVENT -> Action: DOWN

[13:02:41] [2026-08-28 13:02:41.851] [INPUT] [TavernScene] Key: KEY_EVENT -> Action: RIGHT

[13:02:43] [2026-08-28 13:02:43.243] [INFO] [Intent] Input Z/ESPAÇO recebido: Iniciando interação com alvo [hilda].

[13:02:43] [2026-08-28 13:02:43.244] [INPUT] [TavernScene] Key: KEY_EVENT -> Action: CONFIRM

[13:02:43] [2026-08-28 13:02:43.492] [INFO] [Intent] Input Z/ESPAÇO recebido: Avançando ou finalizando caixa de diálogo atual.

[13:02:43] [2026-08-28 13:02:43.492] [INFO] [InventoryManager] Item adicionado: potion_heal x1

[13:02:43] [2026-08-28 13:02:43.492] [INFO] [ShopUI] Comprou Poção de Vida por 20 PO

[13:02:43] [2026-08-28 13:02:43.493] [INPUT] [TavernScene] Key: KEY_EVENT -> Action: CONFIRM

[13:02:43] [2026-08-28 13:02:43.732] [INFO] [Intent] Input Z/ESPAÇO recebido: Avançando ou finalizando caixa de diálogo atual.

[13:02:43] [2026-08-28 13:02:43.732] [INFO] [InventoryManager] Item adicionado: potion_heal x1

[13:02:43] [2026-08-28 13:02:43.732] [INFO] [ShopUI] Comprou Poção de Vida por 20 PO

[13:02:43] [2026-08-28 13:02:43.732] [INPUT] [TavernScene] Key: KEY_EVENT -> Action: CONFIRM

[13:02:44] [2026-08-28 13:02:44.108] [INPUT] [TavernScene] Key: KEY_EVENT -> Action: DOWN

[13:02:44] [2026-08-28 13:02:44.324] [INPUT] [TavernScene] Key: KEY_EVENT -> Action: DOWN

[13:02:44] [2026-08-28 13:02:44.612] [INFO] [Intent] Input Z/ESPAÇO recebido: Avançando ou finalizando caixa de diálogo atual.

[13:02:44] [2026-08-28 13:02:44.612] [INPUT] [TavernScene] Key: KEY_EVENT -> Action: CONFIRM

[13:02:44] [2026-08-28 13:02:44.915] [INPUT] [TavernScene] Key: KEY_EVENT -> Action: RIGHT

[13:02:45] [2026-08-28 13:02:45.132] [INPUT] [TavernScene] Key: KEY_EVENT -> Action: DOWN

[13:02:45] [2026-08-28 13:02:45.964] [INPUT] [TavernScene] Key: KEY_EVENT -> Action: UP

[13:02:46] [2026-08-28 13:02:46.197] [INPUT] [TavernScene] Key: KEY_EVENT -> Action: RIGHT

[13:02:46] [2026-08-28 13:02:46.652] [INFO] [Intent] Input Z/ESPAÇO recebido: Iniciando interação com alvo [traudon_alicia].

[13:02:46] [2026-08-28 13:02:46.652] [DIALOGUE] [START] Speaker: Traudon | "Ah... damascos em calda com cerveja, a perfeição da culinária anã! Não é mesmo, Alícia?"

[13:02:46] [2026-08-28 13:02:46.654] [INPUT] [TavernScene] Key: KEY_EVENT -> Action: CONFIRM

[13:02:46] [2026-08-28 13:02:46.956] [INFO] [Intent] Input Z/ESPAÇO recebido: Avançando ou finalizando caixa de diálogo atual.

[13:02:46] [2026-08-28 13:02:46.956] [INPUT] [TavernScene] Key: KEY_EVENT -> Action: CONFIRM

[13:02:47] [2026-08-28 13:02:47.228] [INFO] [Intent] Input Z/ESPAÇO recebido: Avançando ou finalizando caixa de diálogo atual.

[13:02:47] [2026-08-28 13:02:47.228] [DIALOGUE] [NEXT] Speaker: Alícia | "Você devia focar na sua magia, Traudon. Diga a ele, viajante."

[13:02:47] [2026-08-28 13:02:47.229] [INPUT] [TavernScene] Key: KEY_EVENT -> Action: CONFIRM

[13:02:47] [2026-08-28 13:02:47.628] [INFO] [Intent] Input Z/ESPAÇO recebido: Avançando ou finalizando caixa de diálogo atual.

[13:02:47] [2026-08-28 13:02:47.632] [INPUT] [TavernScene] Key: KEY_EVENT -> Action: CONFIRM

[13:02:48] [2026-08-28 13:02:48.012] [INFO] [Intent] Input Z/ESPAÇO recebido: Avançando ou finalizando caixa de diálogo atual.

[13:02:48] [2026-08-28 13:02:48.013] [DIALOGUE] [CHOICE] Speaker: Alícia | "[Positiva] Apreciar a melodia do alaúde de Alícia."

[13:02:48] [2026-08-28 13:02:48.013] [INPUT] [TavernScene] Key: KEY_EVENT -> Action: CONFIRM

[13:02:48] [2026-08-28 13:02:48.436] [INFO] [Intent] Input Z/ESPAÇO recebido: Avançando ou finalizando caixa de diálogo atual.

[13:02:48] [2026-08-28 13:02:48.436] [INPUT] [TavernScene] Key: KEY_EVENT -> Action: CONFIRM

[13:02:48] [2026-08-28 13:02:48.813] [INFO] [Intent] Input Z/ESPAÇO recebido: Avançando ou finalizando caixa de diálogo atual.

[13:02:48] [2026-08-28 13:02:48.813] [DIALOGUE] [NEXT] Speaker: Traudon | "Bah, não ligue para ela. Um druida anão retira seu poder da terra e dos doces!"

[13:02:48] [2026-08-28 13:02:48.814] [INPUT] [TavernScene] Key: KEY_EVENT -> Action: CONFIRM

[13:02:49] [2026-08-28 13:02:49.197] [INPUT] [TavernScene] Key: KEY_EVENT -> Action: LEFT

[13:02:49] [2026-08-28 13:02:49.548] [INFO] [Intent] Input Z/ESPAÇO recebido: Avançando ou finalizando caixa de diálogo atual.

[13:02:49] [2026-08-28 13:02:49.550] [INPUT] [TavernScene] Key: KEY_EVENT -> Action: CONFIRM

[13:02:49] [2026-08-28 13:02:49.924] [INFO] [Intent] Input Z/ESPAÇO recebido: Avançando ou finalizando caixa de diálogo atual.

[13:02:49] [2026-08-28 13:02:49.924] [DIALOGUE] [END] Speaker: 

[13:02:49] [2026-08-28 13:02:49.924] [INPUT] [TavernScene] Key: KEY_EVENT -> Action: CONFIRM

[13:02:50] [2026-08-28 13:02:50.299] [INPUT] [TavernScene] Key: KEY_EVENT -> Action: LEFT

[13:02:50] [2026-08-28 13:02:50.467] [INPUT] [TavernScene] Key: KEY_EVENT -> Action: DOWN

[13:02:50] [2026-08-28 13:02:50.788] [INPUT] [TavernScene] Key: KEY_EVENT -> Action: RIGHT

[13:02:52] [2026-08-28 13:02:52.108] [INFO] [Intent] Input Z/ESPAÇO recebido: Iniciando interação com alvo [joseph_sylven].

[13:02:52] [2026-08-28 13:02:52.108] [DIALOGUE] [START] Speaker: Joseph Sylven | "Rhogar, meu rapaz. Vejo que a herança da sua mãe, a lâmina de Brentel, ainda pesa em suas costas."

[13:02:52] [2026-08-28 13:02:52.108] [INPUT] [TavernScene] Key: KEY_EVENT -> Action: CONFIRM

[13:02:52] [2026-08-28 13:02:52.308] [INFO] [Intent] Input Z/ESPAÇO recebido: Avançando ou finalizando caixa de diálogo atual.

[13:02:52] [2026-08-28 13:02:52.308] [INPUT] [TavernScene] Key: KEY_EVENT -> Action: CONFIRM

[13:02:52] [2026-08-28 13:02:52.516] [INFO] [Intent] Input Z/ESPAÇO recebido: Avançando ou finalizando caixa de diálogo atual.

[13:02:52] [2026-08-28 13:02:52.516] [DIALOGUE] [NEXT] Speaker: Joseph Sylven | "Aquela emboscada em Estayler ainda o assombra, não é? Lembre-se do que houve na carroça de escravos..."

[13:02:52] [2026-08-28 13:02:52.516] [INPUT] [TavernScene] Key: KEY_EVENT -> Action: CONFIRM

[13:02:52] [2026-08-28 13:02:52.740] [INFO] [Intent] Input Z/ESPAÇO recebido: Avançando ou finalizando caixa de diálogo atual.

[13:02:52] [2026-08-28 13:02:52.740] [INPUT] [TavernScene] Key: KEY_EVENT -> Action: CONFIRM

[13:02:52] [2026-08-28 13:02:52.988] [INFO] [Intent] Input Z/ESPAÇO recebido: Avançando ou finalizando caixa de diálogo atual.

[13:02:52] [2026-08-28 13:02:52.988] [DIALOGUE] [END] Speaker: 

[13:02:52] [2026-08-28 13:02:52.988] [INFO] [TavernScene] Rhogar lembrou do passado. Iniciando Flashback...

[13:02:52] [2026-08-28 13:02:52.988] [INPUT] [TavernScene] Key: KEY_EVENT -> Action: CONFIRM

[13:02:53] [2026-08-28 13:02:53.228] [INFO] [Intent] Input Z/ESPAÇO recebido: Iniciando interação com alvo [joseph_sylven].

[13:02:53] [2026-08-28 13:02:53.228] [DIALOGUE] [START] Speaker: Joseph Sylven | "Rhogar, meu rapaz. Vejo que a herança da sua mãe, a lâmina de Brentel, ainda pesa em suas costas."

[13:02:53] [2026-08-28 13:02:53.229] [INPUT] [TavernScene] Key: KEY_EVENT -> Action: CONFIRM

[13:02:53] [2026-08-28 13:02:53.567] [DIALOGUE] [START] Speaker: Iksar | "Ora, ora... um draconato intrometido! Guardas, ensinem uma lição a esse lagarto!"

[13:02:53] [2026-08-28 13:02:53.964] [DIALOGUE] [NEXT] Speaker: Rhogar | "Solte a garota, Iksar. Essa covardia termina aqui!"

[13:02:54] [2026-08-28 13:02:54.413] [DIALOGUE] [END] Speaker: 

[13:02:54] [2026-08-28 13:02:54.979] [INFO] [BattleScene] Combate iniciado com suporte total a Teclado.

[13:02:54] [2026-08-28 13:02:54.980] [INFO] [InputManager] InputManager acoplado à cena atual.

[13:02:55] [2026-08-28 13:02:55.004] [INPUT] [BattleScene] Key: KEY_EVENT -> Action: CONFIRM

[13:02:55] [2026-08-28 13:02:55.204] [INFO] [Player] Rhogar Tordan atacou Guarda de Estayler A causando 18 de dano.

[13:02:55] [2026-08-28 13:02:55.207] [INPUT] [BattleScene] Key: KEY_EVENT -> Action: CONFIRM

[13:02:55] [2026-08-28 13:02:55.396] [INPUT] [BattleScene] Key: KEY_EVENT -> Action: CONFIRM

[13:02:55] [2026-08-28 13:02:55.571] [INPUT] [BattleScene] Key: KEY_EVENT -> Action: CONFIRM

[13:02:55] [2026-08-28 13:02:55.748] [INPUT] [BattleScene] Key: KEY_EVENT -> Action: CONFIRM

[13:02:55] [2026-08-28 13:02:55.948] [INPUT] [BattleScene] Key: KEY_EVENT -> Action: CONFIRM

[13:02:56] [2026-08-28 13:02:56.012] [INFO] [BattleScene] Turno dos Inimigos.

[13:02:56] [2026-08-28 13:02:56.012] [INFO] [Player] Rhogar Tordan sofreu 1 de dano e gerou fúria. HP: 119, Fúria: 25

[13:02:56] [2026-08-28 13:02:56.014] [INFO] [Player] Rhogar Tordan sofreu 1 de dano e gerou fúria. HP: 118, Fúria: 40

[13:02:56] [2026-08-28 13:02:56.140] [INPUT] [BattleScene] Key: KEY_EVENT -> Action: CONFIRM

[13:02:56] [2026-08-28 13:02:56.332] [INFO] [Player] Rhogar Tordan atacou Guarda de Estayler A causando 18 de dano.

[13:02:56] [2026-08-28 13:02:56.334] [INPUT] [BattleScene] Key: KEY_EVENT -> Action: CONFIRM

[13:02:56] [2026-08-28 13:02:56.532] [INPUT] [BattleScene] Key: KEY_EVENT -> Action: CONFIRM

[13:02:56] [2026-08-28 13:02:56.732] [INPUT] [BattleScene] Key: KEY_EVENT -> Action: CONFIRM

[13:02:56] [2026-08-28 13:02:56.940] [INPUT] [BattleScene] Key: KEY_EVENT -> Action: CONFIRM

[13:02:57] [2026-08-28 13:02:57.128] [INFO] [BattleScene] Turno dos Inimigos.

[13:02:57] [2026-08-28 13:02:57.129] [INFO] [Player] Rhogar Tordan sofreu 1 de dano e gerou fúria. HP: 117, Fúria: 65

[13:02:57] [2026-08-28 13:02:57.130] [INFO] [Player] Rhogar Tordan sofreu 1 de dano e gerou fúria. HP: 116, Fúria: 80

[13:02:57] [2026-08-28 13:02:57.148] [INPUT] [BattleScene] Key: KEY_EVENT -> Action: CONFIRM

[13:02:57] [2026-08-28 13:02:57.404] [INFO] [Player] Rhogar Tordan atacou Guarda de Estayler A causando 18 de dano.

[13:02:57] [2026-08-28 13:02:57.404] [INPUT] [BattleScene] Key: KEY_EVENT -> Action: CONFIRM

[13:02:58] [2026-08-28 13:02:58.211] [INFO] [BattleScene] Turno dos Inimigos.

[13:02:58] [2026-08-28 13:02:58.212] [INFO] [Player] Rhogar Tordan sofreu 1 de dano e gerou fúria. HP: 115, Fúria: 100

[13:03:04] [2026-08-28 13:03:04.420] [INPUT] [BattleScene] Key: KEY_EVENT -> Action: CONFIRM

[13:03:04] [2026-08-28 13:03:04.740] [INFO] [Player] Rhogar Tordan atacou Guarda de Estayler B causando 18 de dano.

[13:03:04] [2026-08-28 13:03:04.741] [INPUT] [BattleScene] Key: KEY_EVENT -> Action: CONFIRM

[13:03:05] [2026-08-28 13:03:05.013] [INPUT] [BattleScene] Key: KEY_EVENT -> Action: CONFIRM

[13:03:05] [2026-08-28 13:03:05.260] [INPUT] [BattleScene] Key: KEY_EVENT -> Action: CONFIRM

[13:03:05] [2026-08-28 13:03:05.475] [INPUT] [BattleScene] Key: KEY_EVENT -> Action: CONFIRM

[13:03:05] [2026-08-28 13:03:05.545] [INFO] [BattleScene] Turno dos Inimigos.

[13:03:05] [2026-08-28 13:03:05.545] [INFO] [Player] Rhogar Tordan sofreu 1 de dano e gerou fúria. HP: 114, Fúria: 100

[13:03:05] [2026-08-28 13:03:05.676] [INPUT] [BattleScene] Key: KEY_EVENT -> Action: CONFIRM

[13:03:05] [2026-08-28 13:03:05.852] [INFO] [Player] Rhogar Tordan atacou Guarda de Estayler B causando 18 de dano.

[13:03:05] [2026-08-28 13:03:05.853] [INPUT] [BattleScene] Key: KEY_EVENT -> Action: CONFIRM

[13:03:06] [2026-08-28 13:03:06.661] [INFO] [BattleScene] Turno dos Inimigos.

[13:03:06] [2026-08-28 13:03:06.662] [INFO] [Player] Rhogar Tordan sofreu 1 de dano e gerou fúria. HP: 113, Fúria: 100

[13:04:51] [2026-08-28 13:04:51.117] [INPUT] [BattleScene] Key: KEY_EVENT -> Action: CONFIRM

[13:04:51] [2026-08-28 13:04:51.548] [INFO] [Player] Rhogar Tordan atacou Guarda de Estayler B causando 18 de dano.

[13:04:51] [2026-08-28 13:04:51.551] [INFO] [BattleScene] Batalha vencida (Multi-Alvo)!

[13:04:51] [2026-08-28 13:04:51.555] [INPUT] [BattleScene] Key: KEY_EVENT -> Action: CONFIRM

[13:04:52] [2026-08-28 13:04:52.165] [INPUT] [BattleScene] Key: KEY_EVENT -> Action: CONFIRM

[13:04:53] [2026-08-28 13:04:53.591] [INFO] [RewardScene] Cena de Recompensa iniciada. Retorno agendado para: TavernScene

[13:04:53] [2026-08-28 13:04:53.600] [INFO] [SaveManager] Progresso salvo com sucesso via LocalStorage (Fallback).

[13:04:54] [2026-08-28 13:04:54.036] [INFO] [RewardScene] Retornando para a cena: TavernScene

[13:04:54] [2026-08-28 13:04:54.037] [QUEST] quest_01_flashback -> completed

[13:04:54] [2026-08-28 13:04:54.037] [QUEST] quest_02_temple -> active

[13:04:54] [2026-08-28 13:04:54.037] [INFO] [WorldManager] Iniciando transição: RewardScene -> TavernScene {"x":700,"y":480,"returnedFromFlashback":true,"battleOutcome":"victory"}

[13:04:54] [2026-08-28 13:04:54.359] [INFO] [InputManager] InputManager acoplado à cena atual.

[13:04:54] [2026-08-28 13:04:54.361] [INFO] [TavernScene] Ambiente da Taverna criado.

[13:04:54] [2026-08-28 13:04:54.361] [INFO] [TavernScene] Retornou do Flashback. Missões atualizadas.

[13:04:55] [2026-08-28 13:04:55.796] [INPUT] [TavernScene] Key: KEY_EVENT -> Action: LEFT

[13:04:56] [2026-08-28 13:04:56.228] [INPUT] [TavernScene] Key: KEY_EVENT -> Action: DOWN

[13:04:56] [2026-08-28 13:04:56.867] [INPUT] [TavernScene] Key: KEY_EVENT -> Action: UP

[13:04:57] [2026-08-28 13:04:57.180] [INPUT] [TavernScene] Key: KEY_EVENT -> Action: DOWN

[13:04:57] [2026-08-28 13:04:57.490] [INFO] [WorldManager] Iniciando transição: TavernScene -> RastphenCityScene {"x":520,"y":880}

[13:04:57] [2026-08-28 13:04:57.790] [INFO] [WorldManager] Iniciando transição: TavernScene -> RastphenCityScene {"x":520,"y":880}

[13:04:57] [2026-08-28 13:04:57.807] [INFO] [RastphenCityScene] Renderizando mapa aberto da cidade.

[13:04:57] [2026-08-28 13:04:57.816] [INFO] [InputManager] InputManager acoplado à cena atual.

[13:04:58] [2026-08-28 13:04:58.036] [INPUT] [RastphenCityScene] Key: KEY_EVENT -> Action: RIGHT

[13:04:58] [2026-08-28 13:04:58.325] [INPUT] [RastphenCityScene] Key: KEY_EVENT -> Action: UP

[13:05:00] [2026-08-28 13:05:00.224] [INFO] [WorldManager] Iniciando transição: RastphenCityScene -> TempleScene {"x":400,"y":520}

[13:05:00] [2026-08-28 13:05:00.500] [INFO] [Intent] Input Z/ESPAÇO recebido: Nenhuma zona interativa próxima. Ação ignorada.

[13:05:00] [2026-08-28 13:05:00.500] [INPUT] [RastphenCityScene] Key: KEY_EVENT -> Action: CONFIRM

[13:05:00] [2026-08-28 13:05:00.540] [INFO] [WorldManager] Iniciando transição: RastphenCityScene -> TempleScene {"x":400,"y":520}

[13:05:00] [2026-08-28 13:05:00.557] [INFO] [TempleScene] Renderizando Templo de Palmem.

[13:05:00] [2026-08-28 13:05:00.562] [INFO] [InputManager] InputManager acoplado à cena atual.

[13:05:01] [2026-08-28 13:05:01.060] [INPUT] [TempleScene] Key: KEY_EVENT -> Action: UP

[13:05:02] [2026-08-28 13:05:02.500] [INFO] [Intent] Input Z/ESPAÇO recebido: Iniciando interação com alvo [sacerdotisa_palmem].

[13:05:02] [2026-08-28 13:05:02.500] [DIALOGUE] [START] Speaker: Sacerdotisa | "O veneno arcano corrói o espírito de Gruther. Se não expurgarmos a fonte de magia negra no Bosque Cinzento, ele perecerá."

[13:05:02] [2026-08-28 13:05:02.500] [INPUT] [TempleScene] Key: KEY_EVENT -> Action: CONFIRM

[13:05:02] [2026-08-28 13:05:02.972] [INFO] [Intent] Input Z/ESPAÇO recebido: Avançando ou finalizando caixa de diálogo atual.

[13:05:02] [2026-08-28 13:05:02.973] [INPUT] [TempleScene] Key: KEY_EVENT -> Action: CONFIRM

[13:05:03] [2026-08-28 13:05:03.348] [INFO] [Intent] Input Z/ESPAÇO recebido: Avançando ou finalizando caixa de diálogo atual.

[13:05:03] [2026-08-28 13:05:03.349] [DIALOGUE] [END] Speaker: 

[13:05:03] [2026-08-28 13:05:03.350] [QUEST] quest_02_temple -> completed

[13:05:03] [2026-08-28 13:05:03.350] [QUEST] quest_03_investigate_farm -> active

[13:05:03] [2026-08-28 13:05:03.350] [INFO] [TempleScene] Quest "O Templo de Palmem" concluída! Nova Missão: Investigar a Fazenda.

[13:05:03] [2026-08-28 13:05:03.352] [INPUT] [TempleScene] Key: KEY_EVENT -> Action: CONFIRM

[13:05:03] [2026-08-28 13:05:03.740] [INPUT] [TempleScene] Key: KEY_EVENT -> Action: LEFT

[13:05:04] [2026-08-28 13:05:04.188] [INPUT] [TempleScene] Key: KEY_EVENT -> Action: UP

[13:05:04] [2026-08-28 13:05:04.612] [INFO] [Intent] Input Z/ESPAÇO recebido: Iniciando interação com alvo [gruther_leito].

[13:05:04] [2026-08-28 13:05:04.612] [DIALOGUE] [START] Speaker: Gruther | "As sombras... invadiram o celeiro. Um monstro de chifres. Eu ouvi o grito de Melissa... Salve-a..."

[13:05:04] [2026-08-28 13:05:04.613] [INPUT] [TempleScene] Key: KEY_EVENT -> Action: CONFIRM

[13:05:04] [2026-08-28 13:05:04.980] [INFO] [Intent] Input Z/ESPAÇO recebido: Avançando ou finalizando caixa de diálogo atual.

[13:05:04] [2026-08-28 13:05:04.981] [INPUT] [TempleScene] Key: KEY_EVENT -> Action: CONFIRM

[13:05:05] [2026-08-28 13:05:05.380] [INFO] [Intent] Input Z/ESPAÇO recebido: Avançando ou finalizando caixa de diálogo atual.

[13:05:05] [2026-08-28 13:05:05.380] [DIALOGUE] [END] Speaker: 

[13:05:05] [2026-08-28 13:05:05.381] [INPUT] [TempleScene] Key: KEY_EVENT -> Action: CONFIRM

[13:05:05] [2026-08-28 13:05:05.668] [INPUT] [TempleScene] Key: KEY_EVENT -> Action: DOWN

[13:05:05] [2026-08-28 13:05:05.844] [INPUT] [TempleScene] Key: KEY_EVENT -> Action: RIGHT

[13:05:07] [2026-08-28 13:05:07.489] [INFO] [WorldManager] Iniciando transição: TempleScene -> RastphenCityScene {"x":600,"y":220}

[13:05:07] [2026-08-28 13:05:07.806] [INFO] [WorldManager] Iniciando transição: TempleScene -> RastphenCityScene {"x":600,"y":220}

[13:05:07] [2026-08-28 13:05:07.823] [INFO] [RastphenCityScene] Renderizando mapa aberto da cidade.

[13:05:07] [2026-08-28 13:05:07.826] [INFO] [InputManager] InputManager acoplado à cena atual.

[13:05:08] [2026-08-28 13:05:08.564] [INPUT] [RastphenCityScene] Key: KEY_EVENT -> Action: RIGHT

[13:05:08] [2026-08-28 13:05:08.828] [INPUT] [RastphenCityScene] Key: KEY_EVENT -> Action: RIGHT

[13:05:09] [2026-08-28 13:05:09.404] [INPUT] [RastphenCityScene] Key: KEY_EVENT -> Action: DOWN

[13:05:10] [2026-08-28 13:05:10.908] [INPUT] [RastphenCityScene] Key: KEY_EVENT -> Action: RIGHT

[13:05:12] [2026-08-28 13:05:12.596] [INPUT] [RastphenCityScene] Key: KEY_EVENT -> Action: RIGHT

[13:05:14] [2026-08-28 13:05:14.373] [INPUT] [RastphenCityScene] Key: KEY_EVENT -> Action: LEFT

[13:05:15] [2026-08-28 13:05:15.506] [INFO] [DEBUG] OVERLAP SUL ACIONADO!

[13:05:15] [2026-08-28 13:05:15.522] [INFO] [DEBUG] OVERLAP SUL ACIONADO!

[13:05:15] [2026-08-28 13:05:15.539] [INFO] [DEBUG] OVERLAP SUL ACIONADO!

[13:05:15] [2026-08-28 13:05:15.555] [INFO] [DEBUG] OVERLAP SUL ACIONADO!

[13:05:15] [2026-08-28 13:05:15.572] [INFO] [DEBUG] OVERLAP SUL ACIONADO!

[13:05:15] [2026-08-28 13:05:15.588] [INFO] [DEBUG] OVERLAP SUL ACIONADO!

[13:05:15] [2026-08-28 13:05:15.605] [INFO] [DEBUG] OVERLAP SUL ACIONADO!

[13:05:15] [2026-08-28 13:05:15.622] [INFO] [DEBUG] OVERLAP SUL ACIONADO!

[13:05:15] [2026-08-28 13:05:15.638] [INFO] [DEBUG] OVERLAP SUL ACIONADO!

[13:05:15] [2026-08-28 13:05:15.655] [INFO] [DEBUG] OVERLAP SUL ACIONADO!

[13:05:15] [2026-08-28 13:05:15.672] [INFO] [DEBUG] OVERLAP SUL ACIONADO!

[13:05:15] [2026-08-28 13:05:15.689] [INFO] [DEBUG] OVERLAP SUL ACIONADO!

[13:05:15] [2026-08-28 13:05:15.705] [INFO] [DEBUG] OVERLAP SUL ACIONADO!

[13:05:15] [2026-08-28 13:05:15.722] [INFO] [DEBUG] OVERLAP SUL ACIONADO!

[13:05:15] [2026-08-28 13:05:15.738] [INFO] [DEBUG] OVERLAP SUL ACIONADO!

[13:05:15] [2026-08-28 13:05:15.755] [INFO] [DEBUG] OVERLAP SUL ACIONADO!

[13:05:15] [2026-08-28 13:05:15.772] [INFO] [DEBUG] OVERLAP SUL ACIONADO!

[13:05:15] [2026-08-28 13:05:15.788] [INFO] [DEBUG] OVERLAP SUL ACIONADO!

[13:05:15] [2026-08-28 13:05:15.805] [INFO] [DEBUG] OVERLAP SUL ACIONADO!

[13:05:15] [2026-08-28 13:05:15.822] [INFO] [DEBUG] OVERLAP SUL ACIONADO!

[13:05:15] [2026-08-28 13:05:15.838] [INFO] [DEBUG] OVERLAP SUL ACIONADO!

[13:05:15] [2026-08-28 13:05:15.855] [INFO] [DEBUG] OVERLAP SUL ACIONADO!

[13:05:15] [2026-08-28 13:05:15.872] [INFO] [DEBUG] OVERLAP SUL ACIONADO!

[13:05:15] [2026-08-28 13:05:15.889] [INFO] [DEBUG] OVERLAP SUL ACIONADO!

[13:05:15] [2026-08-28 13:05:15.905] [INFO] [DEBUG] OVERLAP SUL ACIONADO!

[13:05:15] [2026-08-28 13:05:15.922] [INFO] [DEBUG] OVERLAP SUL ACIONADO!

[13:05:15] [2026-08-28 13:05:15.938] [INFO] [DEBUG] OVERLAP SUL ACIONADO!

[13:05:15] [2026-08-28 13:05:15.955] [INFO] [DEBUG] OVERLAP SUL ACIONADO!

[13:05:15] [2026-08-28 13:05:15.972] [INFO] [DEBUG] OVERLAP SUL ACIONADO!

[13:05:15] [2026-08-28 13:05:15.988] [INFO] [DEBUG] OVERLAP SUL ACIONADO!

[13:05:15] [2026-08-28 13:05:15.996] [INPUT] [RastphenCityScene] Key: KEY_EVENT -> Action: RIGHT

[13:05:15] [2026-08-28 13:05:16.005] [INFO] [DEBUG] OVERLAP SUL ACIONADO!

[13:05:16] [2026-08-28 13:05:16.022] [INFO] [DEBUG] OVERLAP SUL ACIONADO!

[13:05:16] [2026-08-28 13:05:16.038] [INFO] [DEBUG] OVERLAP SUL ACIONADO!

[13:05:16] [2026-08-28 13:05:16.055] [INFO] [DEBUG] OVERLAP SUL ACIONADO!

[13:05:16] [2026-08-28 13:05:16.072] [INFO] [DEBUG] OVERLAP SUL ACIONADO!

[13:05:16] [2026-08-28 13:05:16.089] [INFO] [DEBUG] OVERLAP SUL ACIONADO!

[13:05:16] [2026-08-28 13:05:16.105] [INFO] [DEBUG] OVERLAP SUL ACIONADO!

[13:05:16] [2026-08-28 13:05:16.122] [INFO] [DEBUG] OVERLAP SUL ACIONADO!

[13:05:16] [2026-08-28 13:05:16.139] [INFO] [DEBUG] OVERLAP SUL ACIONADO!

[13:05:16] [2026-08-28 13:05:16.156] [INFO] [DEBUG] OVERLAP SUL ACIONADO!

[13:05:16] [2026-08-28 13:05:16.172] [INFO] [DEBUG] OVERLAP SUL ACIONADO!

[13:05:16] [2026-08-28 13:05:16.188] [INFO] [DEBUG] OVERLAP SUL ACIONADO!

[13:05:16] [2026-08-28 13:05:16.205] [INFO] [DEBUG] OVERLAP SUL ACIONADO!

[13:05:16] [2026-08-28 13:05:16.222] [INFO] [DEBUG] OVERLAP SUL ACIONADO!

[13:05:16] [2026-08-28 13:05:16.238] [INFO] [DEBUG] OVERLAP SUL ACIONADO!

[13:05:16] [2026-08-28 13:05:16.255] [INFO] [DEBUG] OVERLAP SUL ACIONADO!

[13:05:16] [2026-08-28 13:05:16.267] [INPUT] [RastphenCityScene] Key: KEY_EVENT -> Action: UP

[13:05:16] [2026-08-28 13:05:16.272] [INFO] [DEBUG] OVERLAP SUL ACIONADO!

[13:05:16] [2026-08-28 13:05:16.288] [INFO] [DEBUG] OVERLAP SUL ACIONADO!

[13:05:16] [2026-08-28 13:05:16.305] [INFO] [DEBUG] OVERLAP SUL ACIONADO!

[13:05:16] [2026-08-28 13:05:16.322] [INFO] [DEBUG] OVERLAP SUL ACIONADO!

[13:05:16] [2026-08-28 13:05:16.338] [INFO] [DEBUG] OVERLAP SUL ACIONADO!

[13:05:16] [2026-08-28 13:05:16.355] [INFO] [DEBUG] OVERLAP SUL ACIONADO!

[13:05:16] [2026-08-28 13:05:16.372] [INFO] [DEBUG] OVERLAP SUL ACIONADO!

[13:05:16] [2026-08-28 13:05:16.388] [INFO] [DEBUG] OVERLAP SUL ACIONADO!

[13:05:16] [2026-08-28 13:05:16.405] [INFO] [DEBUG] OVERLAP SUL ACIONADO!

[13:05:16] [2026-08-28 13:05:16.422] [INFO] [DEBUG] OVERLAP SUL ACIONADO!

[13:05:16] [2026-08-28 13:05:16.709] [INPUT] [RastphenCityScene] Key: KEY_EVENT -> Action: DOWN

[13:05:16] [2026-08-28 13:05:16.860] [INPUT] [RastphenCityScene] Key: KEY_EVENT -> Action: LEFT

[13:05:17] [2026-08-28 13:05:17.139] [INFO] [DEBUG] OVERLAP SUL ACIONADO!

[13:05:17] [2026-08-28 13:05:17.155] [INFO] [DEBUG] OVERLAP SUL ACIONADO!

[13:05:17] [2026-08-28 13:05:17.172] [INFO] [DEBUG] OVERLAP SUL ACIONADO!

[13:05:17] [2026-08-28 13:05:17.188] [INFO] [DEBUG] OVERLAP SUL ACIONADO!

[13:05:17] [2026-08-28 13:05:17.205] [INFO] [DEBUG] OVERLAP SUL ACIONADO!

[13:05:17] [2026-08-28 13:05:17.222] [INFO] [DEBUG] OVERLAP SUL ACIONADO!

[13:05:17] [2026-08-28 13:05:17.239] [INFO] [DEBUG] OVERLAP SUL ACIONADO!

[13:05:17] [2026-08-28 13:05:17.255] [INFO] [DEBUG] OVERLAP SUL ACIONADO!

[13:05:17] [2026-08-28 13:05:17.272] [INFO] [DEBUG] OVERLAP SUL ACIONADO!

[13:05:17] [2026-08-28 13:05:17.288] [INFO] [DEBUG] OVERLAP SUL ACIONADO!

[13:05:17] [2026-08-28 13:05:17.305] [INFO] [DEBUG] OVERLAP SUL ACIONADO!

[13:05:17] [2026-08-28 13:05:17.322] [INFO] [DEBUG] OVERLAP SUL ACIONADO!

[13:05:17] [2026-08-28 13:05:17.338] [INFO] [DEBUG] OVERLAP SUL ACIONADO!

[13:05:17] [2026-08-28 13:05:17.355] [INFO] [DEBUG] OVERLAP SUL ACIONADO!

[13:05:17] [2026-08-28 13:05:17.372] [INFO] [DEBUG] OVERLAP SUL ACIONADO!

[13:05:17] [2026-08-28 13:05:17.388] [INFO] [DEBUG] OVERLAP SUL ACIONADO!

[13:05:17] [2026-08-28 13:05:17.405] [INFO] [DEBUG] OVERLAP SUL ACIONADO!

[13:05:17] [2026-08-28 13:05:17.422] [INFO] [DEBUG] OVERLAP SUL ACIONADO!

[13:05:17] [2026-08-28 13:05:17.438] [INFO] [DEBUG] OVERLAP SUL ACIONADO!

[13:05:17] [2026-08-28 13:05:17.455] [INFO] [DEBUG] OVERLAP SUL ACIONADO!

[13:05:17] [2026-08-28 13:05:17.472] [INFO] [DEBUG] OVERLAP SUL ACIONADO!

[13:05:17] [2026-08-28 13:05:17.488] [INFO] [DEBUG] OVERLAP SUL ACIONADO!

[13:05:17] [2026-08-28 13:05:17.505] [INFO] [DEBUG] OVERLAP SUL ACIONADO!

[13:05:17] [2026-08-28 13:05:17.508] [INPUT] [RastphenCityScene] Key: KEY_EVENT -> Action: UP

[13:05:17] [2026-08-28 13:05:17.522] [INFO] [DEBUG] OVERLAP SUL ACIONADO!

[13:05:17] [2026-08-28 13:05:17.538] [INFO] [DEBUG] OVERLAP SUL ACIONADO!

[13:05:17] [2026-08-28 13:05:17.555] [INFO] [DEBUG] OVERLAP SUL ACIONADO!

[13:05:17] [2026-08-28 13:05:17.572] [INFO] [DEBUG] OVERLAP SUL ACIONADO!

[13:05:17] [2026-08-28 13:05:17.588] [INFO] [DEBUG] OVERLAP SUL ACIONADO!

[13:05:17] [2026-08-28 13:05:17.605] [INFO] [DEBUG] OVERLAP SUL ACIONADO!

[13:05:17] [2026-08-28 13:05:17.622] [INFO] [DEBUG] OVERLAP SUL ACIONADO!

[13:05:17] [2026-08-28 13:05:17.892] [INPUT] [RastphenCityScene] Key: KEY_EVENT -> Action: DOWN

[13:05:17] [2026-08-28 13:05:17.938] [INFO] [DEBUG] OVERLAP SUL ACIONADO!

[13:05:17] [2026-08-28 13:05:17.955] [INFO] [DEBUG] OVERLAP SUL ACIONADO!

[13:05:17] [2026-08-28 13:05:17.972] [INFO] [DEBUG] OVERLAP SUL ACIONADO!

[13:05:17] [2026-08-28 13:05:17.988] [INFO] [DEBUG] OVERLAP SUL ACIONADO!

[13:05:17] [2026-08-28 13:05:18.005] [INFO] [DEBUG] OVERLAP SUL ACIONADO!

[13:05:18] [2026-08-28 13:05:18.022] [INFO] [DEBUG] OVERLAP SUL ACIONADO!

[13:05:18] [2026-08-28 13:05:18.038] [INFO] [DEBUG] OVERLAP SUL ACIONADO!

[13:05:18] [2026-08-28 13:05:18.055] [INFO] [DEBUG] OVERLAP SUL ACIONADO!

[13:05:18] [2026-08-28 13:05:18.072] [INFO] [DEBUG] OVERLAP SUL ACIONADO!

[13:05:18] [2026-08-28 13:05:18.089] [INFO] [DEBUG] OVERLAP SUL ACIONADO!

[13:05:18] [2026-08-28 13:05:18.105] [INFO] [DEBUG] OVERLAP SUL ACIONADO!

[13:05:18] [2026-08-28 13:05:18.122] [INFO] [DEBUG] OVERLAP SUL ACIONADO!

[13:05:18] [2026-08-28 13:05:18.139] [INFO] [DEBUG] OVERLAP SUL ACIONADO!

[13:05:18] [2026-08-28 13:05:18.155] [INFO] [DEBUG] OVERLAP SUL ACIONADO!

[13:05:18] [2026-08-28 13:05:18.172] [INFO] [DEBUG] OVERLAP SUL ACIONADO!

[13:05:18] [2026-08-28 13:05:18.188] [INFO] [DEBUG] OVERLAP SUL ACIONADO!

[13:05:18] [2026-08-28 13:05:18.205] [INFO] [DEBUG] OVERLAP SUL ACIONADO!

[13:05:18] [2026-08-28 13:05:18.222] [INFO] [DEBUG] OVERLAP SUL ACIONADO!

[13:05:18] [2026-08-28 13:05:18.238] [INFO] [DEBUG] OVERLAP SUL ACIONADO!

[13:05:18] [2026-08-28 13:05:18.256] [INFO] [DEBUG] OVERLAP SUL ACIONADO!

[13:05:18] [2026-08-28 13:05:18.272] [INFO] [DEBUG] OVERLAP SUL ACIONADO!

[13:05:18] [2026-08-28 13:05:18.288] [INFO] [DEBUG] OVERLAP SUL ACIONADO!

[13:05:18] [2026-08-28 13:05:18.305] [INFO] [DEBUG] OVERLAP SUL ACIONADO!

[13:05:18] [2026-08-28 13:05:18.322] [INFO] [DEBUG] OVERLAP SUL ACIONADO!

[13:05:18] [2026-08-28 13:05:18.338] [INFO] [DEBUG] OVERLAP SUL ACIONADO!

[13:05:18] [2026-08-28 13:05:18.355] [INFO] [DEBUG] OVERLAP SUL ACIONADO!

[13:05:18] [2026-08-28 13:05:18.372] [INFO] [DEBUG] OVERLAP SUL ACIONADO!

[13:05:18] [2026-08-28 13:05:18.388] [INFO] [DEBUG] OVERLAP SUL ACIONADO!

[13:05:18] [2026-08-28 13:05:18.405] [INFO] [DEBUG] OVERLAP SUL ACIONADO!

[13:05:18] [2026-08-28 13:05:18.421] [INFO] [DEBUG] OVERLAP SUL ACIONADO!

[13:05:18] [2026-08-28 13:05:18.438] [INFO] [DEBUG] OVERLAP SUL ACIONADO!

[13:05:18] [2026-08-28 13:05:18.455] [INFO] [DEBUG] OVERLAP SUL ACIONADO!

[13:05:18] [2026-08-28 13:05:18.472] [INFO] [DEBUG] OVERLAP SUL ACIONADO!

[13:05:18] [2026-08-28 13:05:18.488] [INFO] [DEBUG] OVERLAP SUL ACIONADO!

[13:05:18] [2026-08-28 13:05:18.505] [INFO] [DEBUG] OVERLAP SUL ACIONADO!

[13:05:18] [2026-08-28 13:05:18.521] [INFO] [DEBUG] OVERLAP SUL ACIONADO!

[13:05:18] [2026-08-28 13:05:18.538] [INFO] [DEBUG] OVERLAP SUL ACIONADO!

[13:05:18] [2026-08-28 13:05:18.555] [INFO] [DEBUG] OVERLAP SUL ACIONADO!

[13:05:18] [2026-08-28 13:05:18.572] [INFO] [DEBUG] OVERLAP SUL ACIONADO!

[13:05:18] [2026-08-28 13:05:18.588] [INFO] [DEBUG] OVERLAP SUL ACIONADO!

[13:05:18] [2026-08-28 13:05:18.605] [INFO] [DEBUG] OVERLAP SUL ACIONADO!

[13:05:18] [2026-08-28 13:05:18.622] [INFO] [DEBUG] OVERLAP SUL ACIONADO!

[13:05:18] [2026-08-28 13:05:18.638] [INFO] [DEBUG] OVERLAP SUL ACIONADO!

[13:05:18] [2026-08-28 13:05:18.655] [INFO] [DEBUG] OVERLAP SUL ACIONADO!

[13:05:18] [2026-08-28 13:05:18.671] [INFO] [DEBUG] OVERLAP SUL ACIONADO!

[13:05:18] [2026-08-28 13:05:18.688] [INFO] [DEBUG] OVERLAP SUL ACIONADO!

[13:05:18] [2026-08-28 13:05:18.705] [INFO] [DEBUG] OVERLAP SUL ACIONADO!

[13:05:18] [2026-08-28 13:05:18.722] [INFO] [DEBUG] OVERLAP SUL ACIONADO!

[13:05:18] [2026-08-28 13:05:18.738] [INFO] [DEBUG] OVERLAP SUL ACIONADO!

[13:05:18] [2026-08-28 13:05:18.755] [INFO] [DEBUG] OVERLAP SUL ACIONADO!

[13:05:18] [2026-08-28 13:05:18.772] [INFO] [DEBUG] OVERLAP SUL ACIONADO!

[13:05:18] [2026-08-28 13:05:18.788] [INFO] [DEBUG] OVERLAP SUL ACIONADO!

[13:05:18] [2026-08-28 13:05:18.805] [INFO] [DEBUG] OVERLAP SUL ACIONADO!

[13:05:18] [2026-08-28 13:05:18.822] [INFO] [DEBUG] OVERLAP SUL ACIONADO!

[13:05:18] [2026-08-28 13:05:18.838] [INFO] [DEBUG] OVERLAP SUL ACIONADO!

[13:05:18] [2026-08-28 13:05:18.855] [INFO] [DEBUG] OVERLAP SUL ACIONADO!

[13:05:18] [2026-08-28 13:05:18.871] [INFO] [DEBUG] OVERLAP SUL ACIONADO!

[13:05:18] [2026-08-28 13:05:18.888] [INFO] [DEBUG] OVERLAP SUL ACIONADO!

[13:05:18] [2026-08-28 13:05:18.905] [INFO] [DEBUG] OVERLAP SUL ACIONADO!

[13:05:18] [2026-08-28 13:05:18.922] [INFO] [DEBUG] OVERLAP SUL ACIONADO!

[13:05:18] [2026-08-28 13:05:18.938] [INFO] [DEBUG] OVERLAP SUL ACIONADO!

[13:05:18] [2026-08-28 13:05:18.955] [INFO] [DEBUG] OVERLAP SUL ACIONADO!

[13:05:18] [2026-08-28 13:05:18.972] [INFO] [DEBUG] OVERLAP SUL ACIONADO!

[13:05:18] [2026-08-28 13:05:18.988] [INFO] [DEBUG] OVERLAP SUL ACIONADO!

[13:05:18] [2026-08-28 13:05:19.005] [INFO] [DEBUG] OVERLAP SUL ACIONADO!

[13:05:19] [2026-08-28 13:05:19.022] [INFO] [DEBUG] OVERLAP SUL ACIONADO!

[13:05:19] [2026-08-28 13:05:19.038] [INFO] [DEBUG] OVERLAP SUL ACIONADO!

[13:05:19] [2026-08-28 13:05:19.055] [INFO] [DEBUG] OVERLAP SUL ACIONADO!

[13:05:19] [2026-08-28 13:05:19.072] [INFO] [DEBUG] OVERLAP SUL ACIONADO!

[13:05:19] [2026-08-28 13:05:19.088] [INFO] [DEBUG] OVERLAP SUL ACIONADO!

[13:05:19] [2026-08-28 13:05:19.105] [INFO] [DEBUG] OVERLAP SUL ACIONADO!

[13:05:19] [2026-08-28 13:05:19.122] [INFO] [DEBUG] OVERLAP SUL ACIONADO!

[13:05:19] [2026-08-28 13:05:19.138] [INFO] [DEBUG] OVERLAP SUL ACIONADO!

[13:05:19] [2026-08-28 13:05:19.155] [INFO] [DEBUG] OVERLAP SUL ACIONADO!

[13:05:19] [2026-08-28 13:05:19.172] [INFO] [DEBUG] OVERLAP SUL ACIONADO!

[13:05:19] [2026-08-28 13:05:19.188] [INFO] [DEBUG] OVERLAP SUL ACIONADO!

[13:05:19] [2026-08-28 13:05:19.205] [INFO] [DEBUG] OVERLAP SUL ACIONADO!

[13:05:19] [2026-08-28 13:05:19.222] [INFO] [DEBUG] OVERLAP SUL ACIONADO!

[13:05:19] [2026-08-28 13:05:19.238] [INFO] [DEBUG] OVERLAP SUL ACIONADO!

[13:05:19] [2026-08-28 13:05:19.255] [INFO] [DEBUG] OVERLAP SUL ACIONADO!

[13:05:19] [2026-08-28 13:05:19.272] [INFO] [DEBUG] OVERLAP SUL ACIONADO!

[13:05:19] [2026-08-28 13:05:19.288] [INFO] [DEBUG] OVERLAP SUL ACIONADO!

[13:05:19] [2026-08-28 13:05:19.305] [INFO] [DEBUG] OVERLAP SUL ACIONADO!

[13:05:19] [2026-08-28 13:05:19.321] [INFO] [DEBUG] OVERLAP SUL ACIONADO!

[13:05:19] [2026-08-28 13:05:19.338] [INFO] [DEBUG] OVERLAP SUL ACIONADO!

[13:05:19] [2026-08-28 13:05:19.355] [INFO] [DEBUG] OVERLAP SUL ACIONADO!

[13:05:19] [2026-08-28 13:05:19.372] [INFO] [DEBUG] OVERLAP SUL ACIONADO!

[13:05:19] [2026-08-28 13:05:19.388] [INFO] [DEBUG] OVERLAP SUL ACIONADO!

[13:05:19] [2026-08-28 13:05:19.405] [INFO] [DEBUG] OVERLAP SUL ACIONADO!

[13:05:19] [2026-08-28 13:05:19.422] [INFO] [DEBUG] OVERLAP SUL ACIONADO!

[13:05:19] [2026-08-28 13:05:19.438] [INFO] [DEBUG] OVERLAP SUL ACIONADO!

[13:05:19] [2026-08-28 13:05:19.455] [INFO] [DEBUG] OVERLAP SUL ACIONADO!

[13:05:19] [2026-08-28 13:05:19.472] [INFO] [DEBUG] OVERLAP SUL ACIONADO!

[13:05:19] [2026-08-28 13:05:19.488] [INFO] [DEBUG] OVERLAP SUL ACIONADO!

[13:05:19] [2026-08-28 13:05:19.505] [INFO] [DEBUG] OVERLAP SUL ACIONADO!

[13:05:19] [2026-08-28 13:05:19.522] [INFO] [DEBUG] OVERLAP SUL ACIONADO!

[13:05:19] [2026-08-28 13:05:19.538] [INFO] [DEBUG] OVERLAP SUL ACIONADO!

[13:05:19] [2026-08-28 13:05:19.555] [INFO] [DEBUG] OVERLAP SUL ACIONADO!

[13:05:19] [2026-08-28 13:05:19.572] [INFO] [DEBUG] OVERLAP SUL ACIONADO!

[13:05:19] [2026-08-28 13:05:19.589] [INFO] [DEBUG] OVERLAP SUL ACIONADO!

[13:05:19] [2026-08-28 13:05:19.605] [INFO] [DEBUG] OVERLAP SUL ACIONADO!

[13:05:19] [2026-08-28 13:05:19.622] [INFO] [DEBUG] OVERLAP SUL ACIONADO!

[13:05:19] [2026-08-28 13:05:19.638] [INFO] [DEBUG] OVERLAP SUL ACIONADO!

[13:05:19] [2026-08-28 13:05:19.655] [INFO] [DEBUG] OVERLAP SUL ACIONADO!

[13:05:19] [2026-08-28 13:05:19.672] [INFO] [DEBUG] OVERLAP SUL ACIONADO!

[13:05:19] [2026-08-28 13:05:19.688] [INFO] [DEBUG] OVERLAP SUL ACIONADO!

[13:05:19] [2026-08-28 13:05:19.705] [INFO] [DEBUG] OVERLAP SUL ACIONADO!

[13:05:19] [2026-08-28 13:05:19.722] [INFO] [DEBUG] OVERLAP SUL ACIONADO!

[13:05:19] [2026-08-28 13:05:19.738] [INFO] [DEBUG] OVERLAP SUL ACIONADO!

[13:05:19] [2026-08-28 13:05:19.755] [INFO] [DEBUG] OVERLAP SUL ACIONADO!

[13:05:19] [2026-08-28 13:05:19.771] [INFO] [DEBUG] OVERLAP SUL ACIONADO!

[13:05:19] [2026-08-28 13:05:19.788] [INFO] [DEBUG] OVERLAP SUL ACIONADO!

[13:05:19] [2026-08-28 13:05:19.805] [INFO] [DEBUG] OVERLAP SUL ACIONADO!

[13:05:19] [2026-08-28 13:05:19.822] [INFO] [DEBUG] OVERLAP SUL ACIONADO!

[13:05:19] [2026-08-28 13:05:19.838] [INFO] [DEBUG] OVERLAP SUL ACIONADO!

[13:05:19] [2026-08-28 13:05:19.855] [INFO] [DEBUG] OVERLAP SUL ACIONADO!

[13:05:19] [2026-08-28 13:05:19.872] [INFO] [DEBUG] OVERLAP SUL ACIONADO!

[13:05:19] [2026-08-28 13:05:19.888] [INFO] [DEBUG] OVERLAP SUL ACIONADO!

[13:05:19] [2026-08-28 13:05:19.905] [INFO] [DEBUG] OVERLAP SUL ACIONADO!

[13:05:19] [2026-08-28 13:05:19.922] [INFO] [DEBUG] OVERLAP SUL ACIONADO!

[13:05:19] [2026-08-28 13:05:19.938] [INFO] [DEBUG] OVERLAP SUL ACIONADO!

[13:05:19] [2026-08-28 13:05:19.955] [INFO] [DEBUG] OVERLAP SUL ACIONADO!

[13:05:19] [2026-08-28 13:05:19.971] [INFO] [DEBUG] OVERLAP SUL ACIONADO!

[13:05:19] [2026-08-28 13:05:19.988] [INFO] [DEBUG] OVERLAP SUL ACIONADO!

[13:05:19] [2026-08-28 13:05:20.005] [INFO] [DEBUG] OVERLAP SUL ACIONADO!

[13:05:20] [2026-08-28 13:05:20.022] [INFO] [DEBUG] OVERLAP SUL ACIONADO!

[13:05:20] [2026-08-28 13:05:20.038] [INFO] [DEBUG] OVERLAP SUL ACIONADO!

[13:05:20] [2026-08-28 13:05:20.055] [INFO] [DEBUG] OVERLAP SUL ACIONADO!

[13:05:20] [2026-08-28 13:05:20.072] [INFO] [DEBUG] OVERLAP SUL ACIONADO!

[13:05:20] [2026-08-28 13:05:20.088] [INFO] [DEBUG] OVERLAP SUL ACIONADO!

[13:05:20] [2026-08-28 13:05:20.105] [INFO] [DEBUG] OVERLAP SUL ACIONADO!

[13:05:20] [2026-08-28 13:05:20.121] [INFO] [DEBUG] OVERLAP SUL ACIONADO!

[13:05:20] [2026-08-28 13:05:20.138] [INFO] [DEBUG] OVERLAP SUL ACIONADO!

[13:05:20] [2026-08-28 13:05:20.155] [INFO] [DEBUG] OVERLAP SUL ACIONADO!

[13:05:20] [2026-08-28 13:05:20.171] [INFO] [DEBUG] OVERLAP SUL ACIONADO!

[13:05:20] [2026-08-28 13:05:20.188] [INFO] [DEBUG] OVERLAP SUL ACIONADO!

[13:05:20] [2026-08-28 13:05:20.205] [INFO] [DEBUG] OVERLAP SUL ACIONADO!

[13:05:20] [2026-08-28 13:05:20.222] [INFO] [DEBUG] OVERLAP SUL ACIONADO!

[13:05:20] [2026-08-28 13:05:20.238] [INFO] [DEBUG] OVERLAP SUL ACIONADO!

[13:05:20] [2026-08-28 13:05:20.255] [INFO] [DEBUG] OVERLAP SUL ACIONADO!

[13:05:20] [2026-08-28 13:05:20.272] [INFO] [DEBUG] OVERLAP SUL ACIONADO!

[13:05:20] [2026-08-28 13:05:20.288] [INFO] [DEBUG] OVERLAP SUL ACIONADO!

[13:05:20] [2026-08-28 13:05:20.305] [INFO] [DEBUG] OVERLAP SUL ACIONADO!

[13:05:20] [2026-08-28 13:05:20.322] [INFO] [DEBUG] OVERLAP SUL ACIONADO!

[13:05:20] [2026-08-28 13:05:20.338] [INFO] [DEBUG] OVERLAP SUL ACIONADO!

[13:05:20] [2026-08-28 13:05:20.355] [INFO] [DEBUG] OVERLAP SUL ACIONADO!

[13:05:20] [2026-08-28 13:05:20.372] [INFO] [DEBUG] OVERLAP SUL ACIONADO!

[13:05:20] [2026-08-28 13:05:20.388] [INFO] [DEBUG] OVERLAP SUL ACIONADO!

[13:05:20] [2026-08-28 13:05:20.405] [INFO] [DEBUG] OVERLAP SUL ACIONADO!

[13:05:20] [2026-08-28 13:05:20.422] [INFO] [DEBUG] OVERLAP SUL ACIONADO!

[13:05:20] [2026-08-28 13:05:20.439] [INFO] [DEBUG] OVERLAP SUL ACIONADO!

[13:05:20] [2026-08-28 13:05:20.455] [INFO] [DEBUG] OVERLAP SUL ACIONADO!

[13:05:20] [2026-08-28 13:05:20.471] [INFO] [DEBUG] OVERLAP SUL ACIONADO!

[13:05:20] [2026-08-28 13:05:20.488] [INFO] [DEBUG] OVERLAP SUL ACIONADO!

[13:05:20] [2026-08-28 13:05:20.505] [INFO] [DEBUG] OVERLAP SUL ACIONADO!

[13:05:20] [2026-08-28 13:05:20.521] [INFO] [DEBUG] OVERLAP SUL ACIONADO!

[13:05:20] [2026-08-28 13:05:20.538] [INFO] [DEBUG] OVERLAP SUL ACIONADO!

[13:05:20] [2026-08-28 13:05:20.555] [INFO] [DEBUG] OVERLAP SUL ACIONADO!

[13:05:20] [2026-08-28 13:05:20.571] [INFO] [DEBUG] OVERLAP SUL ACIONADO!

[13:05:20] [2026-08-28 13:05:20.588] [INFO] [DEBUG] OVERLAP SUL ACIONADO!

[13:05:20] [2026-08-28 13:05:20.605] [INFO] [DEBUG] OVERLAP SUL ACIONADO!

[13:05:20] [2026-08-28 13:05:20.622] [INFO] [DEBUG] OVERLAP SUL ACIONADO!

[13:05:20] [2026-08-28 13:05:20.638] [INFO] [DEBUG] OVERLAP SUL ACIONADO!

[13:05:20] [2026-08-28 13:05:20.655] [INFO] [DEBUG] OVERLAP SUL ACIONADO!

[13:05:20] [2026-08-28 13:05:20.672] [INFO] [DEBUG] OVERLAP SUL ACIONADO!

[13:05:20] [2026-08-28 13:05:20.688] [INFO] [DEBUG] OVERLAP SUL ACIONADO!

[13:05:20] [2026-08-28 13:05:20.705] [INFO] [DEBUG] OVERLAP SUL ACIONADO!

[13:05:20] [2026-08-28 13:05:20.722] [INFO] [DEBUG] OVERLAP SUL ACIONADO!

[13:05:20] [2026-08-28 13:05:20.738] [INFO] [DEBUG] OVERLAP SUL ACIONADO!

[13:05:20] [2026-08-28 13:05:20.755] [INFO] [DEBUG] OVERLAP SUL ACIONADO!

[13:05:20] [2026-08-28 13:05:20.772] [INFO] [DEBUG] OVERLAP SUL ACIONADO!

[13:05:20] [2026-08-28 13:05:20.788] [INFO] [DEBUG] OVERLAP SUL ACIONADO!

[13:05:20] [2026-08-28 13:05:20.805] [INFO] [DEBUG] OVERLAP SUL ACIONADO!

[13:05:20] [2026-08-28 13:05:20.822] [INFO] [DEBUG] OVERLAP SUL ACIONADO!

[13:05:20] [2026-08-28 13:05:20.838] [INFO] [DEBUG] OVERLAP SUL ACIONADO!

[13:05:20] [2026-08-28 13:05:20.855] [INFO] [DEBUG] OVERLAP SUL ACIONADO!

[13:05:20] [2026-08-28 13:05:20.872] [INFO] [DEBUG] OVERLAP SUL ACIONADO!

[13:05:20] [2026-08-28 13:05:20.888] [INFO] [DEBUG] OVERLAP SUL ACIONADO!

[13:05:20] [2026-08-28 13:05:20.905] [INFO] [DEBUG] OVERLAP SUL ACIONADO!

[13:05:20] [2026-08-28 13:05:20.922] [INFO] [DEBUG] OVERLAP SUL ACIONADO!

[13:05:20] [2026-08-28 13:05:20.938] [INFO] [DEBUG] OVERLAP SUL ACIONADO!

[13:05:20] [2026-08-28 13:05:20.955] [INFO] [DEBUG] OVERLAP SUL ACIONADO!

[13:05:20] [2026-08-28 13:05:20.971] [INFO] [DEBUG] OVERLAP SUL ACIONADO!

[13:05:20] [2026-08-28 13:05:20.988] [INFO] [DEBUG] OVERLAP SUL ACIONADO!

[13:05:20] [2026-08-28 13:05:21.005] [INFO] [DEBUG] OVERLAP SUL ACIONADO!

[13:05:21] [2026-08-28 13:05:21.021] [INFO] [DEBUG] OVERLAP SUL ACIONADO!

[13:05:21] [2026-08-28 13:05:21.038] [INFO] [DEBUG] OVERLAP SUL ACIONADO!

[13:05:21] [2026-08-28 13:05:21.055] [INFO] [DEBUG] OVERLAP SUL ACIONADO!

[13:05:21] [2026-08-28 13:05:21.071] [INFO] [DEBUG] OVERLAP SUL ACIONADO!

[13:05:21] [2026-08-28 13:05:21.088] [INFO] [DEBUG] OVERLAP SUL ACIONADO!

[13:05:21] [2026-08-28 13:05:21.105] [INFO] [DEBUG] OVERLAP SUL ACIONADO!

[13:05:21] [2026-08-28 13:05:21.121] [INFO] [DEBUG] OVERLAP SUL ACIONADO!

[13:05:21] [2026-08-28 13:05:21.138] [INFO] [DEBUG] OVERLAP SUL ACIONADO!

[13:05:21] [2026-08-28 13:05:21.155] [INFO] [DEBUG] OVERLAP SUL ACIONADO!

[13:05:21] [2026-08-28 13:05:21.171] [INFO] [DEBUG] OVERLAP SUL ACIONADO!

[13:05:21] [2026-08-28 13:05:21.188] [INFO] [DEBUG] OVERLAP SUL ACIONADO!

[13:05:21] [2026-08-28 13:05:21.205] [INFO] [DEBUG] OVERLAP SUL ACIONADO!

[13:05:21] [2026-08-28 13:05:21.221] [INFO] [DEBUG] OVERLAP SUL ACIONADO!

[13:05:21] [2026-08-28 13:05:21.238] [INFO] [DEBUG] OVERLAP SUL ACIONADO!

[13:05:21] [2026-08-28 13:05:21.255] [INFO] [DEBUG] OVERLAP SUL ACIONADO!

[13:05:21] [2026-08-28 13:05:21.271] [INFO] [DEBUG] OVERLAP SUL ACIONADO!

[13:05:21] [2026-08-28 13:05:21.288] [INFO] [DEBUG] OVERLAP SUL ACIONADO!

[13:05:21] [2026-08-28 13:05:21.305] [INFO] [DEBUG] OVERLAP SUL ACIONADO!

[13:05:21] [2026-08-28 13:05:21.321] [INFO] [DEBUG] OVERLAP SUL ACIONADO!

[13:05:21] [2026-08-28 13:05:21.338] [INFO] [DEBUG] OVERLAP SUL ACIONADO!

[13:05:21] [2026-08-28 13:05:21.355] [INFO] [DEBUG] OVERLAP SUL ACIONADO!

[13:05:21] [2026-08-28 13:05:21.371] [INFO] [DEBUG] OVERLAP SUL ACIONADO!

[13:05:21] [2026-08-28 13:05:21.388] [INFO] [DEBUG] OVERLAP SUL ACIONADO!

[13:05:21] [2026-08-28 13:05:21.405] [INFO] [DEBUG] OVERLAP SUL ACIONADO!

[13:05:21] [2026-08-28 13:05:21.422] [INFO] [DEBUG] OVERLAP SUL ACIONADO!

[13:05:21] [2026-08-28 13:05:21.438] [INFO] [DEBUG] OVERLAP SUL ACIONADO!

[13:05:21] [2026-08-28 13:05:21.455] [INFO] [DEBUG] OVERLAP SUL ACIONADO!

[13:05:21] [2026-08-28 13:05:21.471] [INFO] [DEBUG] OVERLAP SUL ACIONADO!

[13:05:21] [2026-08-28 13:05:21.488] [INFO] [DEBUG] OVERLAP SUL ACIONADO!

[13:05:21] [2026-08-28 13:05:21.505] [INFO] [DEBUG] OVERLAP SUL ACIONADO!

[13:05:21] [2026-08-28 13:05:21.521] [INFO] [DEBUG] OVERLAP SUL ACIONADO!

[13:05:21] [2026-08-28 13:05:21.538] [INFO] [DEBUG] OVERLAP SUL ACIONADO!

[13:05:21] [2026-08-28 13:05:21.555] [INFO] [DEBUG] OVERLAP SUL ACIONADO!

[13:05:21] [2026-08-28 13:05:21.571] [INFO] [DEBUG] OVERLAP SUL ACIONADO!

[13:05:21] [2026-08-28 13:05:21.588] [INFO] [DEBUG] OVERLAP SUL ACIONADO!

[13:05:21] [2026-08-28 13:05:21.605] [INFO] [DEBUG] OVERLAP SUL ACIONADO!

[13:05:21] [2026-08-28 13:05:21.621] [INFO] [DEBUG] OVERLAP SUL ACIONADO!

[13:05:21] [2026-08-28 13:05:21.638] [INFO] [DEBUG] OVERLAP SUL ACIONADO!

[13:05:21] [2026-08-28 13:05:21.655] [INFO] [DEBUG] OVERLAP SUL ACIONADO!

[13:05:21] [2026-08-28 13:05:21.672] [INFO] [DEBUG] OVERLAP SUL ACIONADO!

[13:05:21] [2026-08-28 13:05:21.688] [INFO] [DEBUG] OVERLAP SUL ACIONADO!

[13:05:21] [2026-08-28 13:05:21.705] [INFO] [DEBUG] OVERLAP SUL ACIONADO!

[13:05:21] [2026-08-28 13:05:21.721] [INFO] [DEBUG] OVERLAP SUL ACIONADO!

[13:05:21] [2026-08-28 13:05:21.738] [INFO] [DEBUG] OVERLAP SUL ACIONADO!

[13:05:21] [2026-08-28 13:05:21.755] [INFO] [DEBUG] OVERLAP SUL ACIONADO!

[13:05:21] [2026-08-28 13:05:21.771] [INFO] [DEBUG] OVERLAP SUL ACIONADO!

[13:05:21] [2026-08-28 13:05:21.789] [INFO] [DEBUG] OVERLAP SUL ACIONADO!

[13:05:21] [2026-08-28 13:05:21.805] [INFO] [DEBUG] OVERLAP SUL ACIONADO!

[13:05:21] [2026-08-28 13:05:21.822] [INFO] [DEBUG] OVERLAP SUL ACIONADO!

[13:05:21] [2026-08-28 13:05:21.838] [INFO] [DEBUG] OVERLAP SUL ACIONADO!

[13:05:21] [2026-08-28 13:05:21.855] [INFO] [DEBUG] OVERLAP SUL ACIONADO!

[13:05:21] [2026-08-28 13:05:21.871] [INFO] [DEBUG] OVERLAP SUL ACIONADO!

[13:05:21] [2026-08-28 13:05:21.888] [INFO] [DEBUG] OVERLAP SUL ACIONADO!

[13:05:21] [2026-08-28 13:05:21.905] [INFO] [DEBUG] OVERLAP SUL ACIONADO!

[13:05:21] [2026-08-28 13:05:21.921] [INFO] [DEBUG] OVERLAP SUL ACIONADO!

[13:05:21] [2026-08-28 13:05:21.938] [INFO] [DEBUG] OVERLAP SUL ACIONADO!

[13:05:21] [2026-08-28 13:05:21.955] [INFO] [DEBUG] OVERLAP SUL ACIONADO!

[13:05:21] [2026-08-28 13:05:21.971] [INFO] [DEBUG] OVERLAP SUL ACIONADO!

[13:05:21] [2026-08-28 13:05:21.988] [INFO] [DEBUG] OVERLAP SUL ACIONADO!

[13:05:21] [2026-08-28 13:05:22.005] [INFO] [DEBUG] OVERLAP SUL ACIONADO!

[13:05:22] [2026-08-28 13:05:22.021] [INFO] [DEBUG] OVERLAP SUL ACIONADO!

[13:05:22] [2026-08-28 13:05:22.038] [INFO] [DEBUG] OVERLAP SUL ACIONADO!

[13:05:22] [2026-08-28 13:05:22.055] [INFO] [DEBUG] OVERLAP SUL ACIONADO!

[13:05:22] [2026-08-28 13:05:22.071] [INFO] [DEBUG] OVERLAP SUL ACIONADO!

[13:05:22] [2026-08-28 13:05:22.088] [INFO] [DEBUG] OVERLAP SUL ACIONADO!

[13:05:22] [2026-08-28 13:05:22.105] [INFO] [DEBUG] OVERLAP SUL ACIONADO!

[13:05:22] [2026-08-28 13:05:22.121] [INFO] [DEBUG] OVERLAP SUL ACIONADO!

[13:05:22] [2026-08-28 13:05:22.138] [INFO] [DEBUG] OVERLAP SUL ACIONADO!

[13:05:22] [2026-08-28 13:05:22.155] [INFO] [DEBUG] OVERLAP SUL ACIONADO!

[13:05:22] [2026-08-28 13:05:22.171] [INFO] [DEBUG] OVERLAP SUL ACIONADO!

[13:05:22] [2026-08-28 13:05:22.188] [INFO] [DEBUG] OVERLAP SUL ACIONADO!

[13:05:22] [2026-08-28 13:05:22.205] [INFO] [DEBUG] OVERLAP SUL ACIONADO!

[13:05:22] [2026-08-28 13:05:22.221] [INFO] [DEBUG] OVERLAP SUL ACIONADO!

[13:05:22] [2026-08-28 13:05:22.238] [INFO] [DEBUG] OVERLAP SUL ACIONADO!

[13:05:22] [2026-08-28 13:05:22.255] [INFO] [DEBUG] OVERLAP SUL ACIONADO!

[13:05:22] [2026-08-28 13:05:22.271] [INFO] [DEBUG] OVERLAP SUL ACIONADO!

[13:05:22] [2026-08-28 13:05:22.288] [INFO] [DEBUG] OVERLAP SUL ACIONADO!

[13:05:22] [2026-08-28 13:05:22.305] [INFO] [DEBUG] OVERLAP SUL ACIONADO!

[13:05:22] [2026-08-28 13:05:22.321] [INFO] [DEBUG] OVERLAP SUL ACIONADO!

[13:05:22] [2026-08-28 13:05:22.338] [INFO] [DEBUG] OVERLAP SUL ACIONADO!

[13:05:22] [2026-08-28 13:05:22.355] [INFO] [DEBUG] OVERLAP SUL ACIONADO!

[13:05:22] [2026-08-28 13:05:22.371] [INFO] [DEBUG] OVERLAP SUL ACIONADO!

[13:05:22] [2026-08-28 13:05:22.388] [INFO] [DEBUG] OVERLAP SUL ACIONADO!

[13:05:22] [2026-08-28 13:05:22.405] [INFO] [DEBUG] OVERLAP SUL ACIONADO!

[13:05:22] [2026-08-28 13:05:22.421] [INFO] [DEBUG] OVERLAP SUL ACIONADO!

[13:05:22] [2026-08-28 13:05:22.438] [INFO] [DEBUG] OVERLAP SUL ACIONADO!

[13:05:22] [2026-08-28 13:05:22.455] [INFO] [DEBUG] OVERLAP SUL ACIONADO!

[13:05:22] [2026-08-28 13:05:22.471] [INFO] [DEBUG] OVERLAP SUL ACIONADO!

[13:05:22] [2026-08-28 13:05:22.488] [INFO] [DEBUG] OVERLAP SUL ACIONADO!

[13:05:22] [2026-08-28 13:05:22.505] [INFO] [DEBUG] OVERLAP SUL ACIONADO!

[13:05:22] [2026-08-28 13:05:22.521] [INFO] [DEBUG] OVERLAP SUL ACIONADO!

[13:05:22] [2026-08-28 13:05:22.538] [INFO] [DEBUG] OVERLAP SUL ACIONADO!

[13:05:22] [2026-08-28 13:05:22.555] [INFO] [DEBUG] OVERLAP SUL ACIONADO!

[13:05:22] [2026-08-28 13:05:22.571] [INFO] [DEBUG] OVERLAP SUL ACIONADO!

[13:05:22] [2026-08-28 13:05:22.588] [INFO] [DEBUG] OVERLAP SUL ACIONADO!

[13:05:22] [2026-08-28 13:05:22.605] [INFO] [DEBUG] OVERLAP SUL ACIONADO!

[13:05:22] [2026-08-28 13:05:22.622] [INFO] [DEBUG] OVERLAP SUL ACIONADO!

[13:05:22] [2026-08-28 13:05:22.638] [INFO] [DEBUG] OVERLAP SUL ACIONADO!

[13:05:22] [2026-08-28 13:05:22.655] [INFO] [DEBUG] OVERLAP SUL ACIONADO!

[13:05:22] [2026-08-28 13:05:22.671] [INFO] [DEBUG] OVERLAP SUL ACIONADO!

[13:05:22] [2026-08-28 13:05:22.688] [INFO] [DEBUG] OVERLAP SUL ACIONADO!

[13:05:22] [2026-08-28 13:05:22.705] [INFO] [DEBUG] OVERLAP SUL ACIONADO!

[13:05:22] [2026-08-28 13:05:22.721] [INFO] [DEBUG] OVERLAP SUL ACIONADO!

[13:05:22] [2026-08-28 13:05:22.738] [INFO] [DEBUG] OVERLAP SUL ACIONADO!

[13:05:22] [2026-08-28 13:05:22.755] [INFO] [DEBUG] OVERLAP SUL ACIONADO!

[13:05:22] [2026-08-28 13:05:22.771] [INFO] [DEBUG] OVERLAP SUL ACIONADO!

[13:05:22] [2026-08-28 13:05:22.788] [INFO] [DEBUG] OVERLAP SUL ACIONADO!

[13:05:22] [2026-08-28 13:05:22.805] [INFO] [DEBUG] OVERLAP SUL ACIONADO!

[13:05:22] [2026-08-28 13:05:22.821] [INFO] [DEBUG] OVERLAP SUL ACIONADO!

[13:05:22] [2026-08-28 13:05:22.838] [INFO] [DEBUG] OVERLAP SUL ACIONADO!

[13:05:22] [2026-08-28 13:05:22.855] [INFO] [DEBUG] OVERLAP SUL ACIONADO!

[13:05:22] [2026-08-28 13:05:22.871] [INFO] [DEBUG] OVERLAP SUL ACIONADO!

[13:05:22] [2026-08-28 13:05:22.889] [INFO] [DEBUG] OVERLAP SUL ACIONADO!

[13:05:22] [2026-08-28 13:05:22.905] [INFO] [DEBUG] OVERLAP SUL ACIONADO!

[13:05:22] [2026-08-28 13:05:22.921] [INFO] [DEBUG] OVERLAP SUL ACIONADO!

[13:05:22] [2026-08-28 13:05:22.938] [INFO] [DEBUG] OVERLAP SUL ACIONADO!

[13:05:22] [2026-08-28 13:05:22.955] [INFO] [DEBUG] OVERLAP SUL ACIONADO!

[13:05:22] [2026-08-28 13:05:22.971] [INFO] [DEBUG] OVERLAP SUL ACIONADO!

[13:05:22] [2026-08-28 13:05:22.988] [INFO] [DEBUG] OVERLAP SUL ACIONADO!

[13:05:22] [2026-08-28 13:05:23.005] [INFO] [DEBUG] OVERLAP SUL ACIONADO!

[13:05:23] [2026-08-28 13:05:23.022] [INFO] [DEBUG] OVERLAP SUL ACIONADO!

[13:05:23] [2026-08-28 13:05:23.038] [INFO] [DEBUG] OVERLAP SUL ACIONADO!

[13:05:23] [2026-08-28 13:05:23.055] [INFO] [DEBUG] OVERLAP SUL ACIONADO!

[13:05:23] [2026-08-28 13:05:23.071] [INFO] [DEBUG] OVERLAP SUL ACIONADO!

[13:05:23] [2026-08-28 13:05:23.088] [INFO] [DEBUG] OVERLAP SUL ACIONADO!

[13:05:23] [2026-08-28 13:05:23.105] [INFO] [DEBUG] OVERLAP SUL ACIONADO!

[13:05:23] [2026-08-28 13:05:23.121] [INFO] [DEBUG] OVERLAP SUL ACIONADO!

[13:05:23] [2026-08-28 13:05:23.138] [INFO] [DEBUG] OVERLAP SUL ACIONADO!

[13:05:23] [2026-08-28 13:05:23.155] [INFO] [DEBUG] OVERLAP SUL ACIONADO!

[13:05:23] [2026-08-28 13:05:23.171] [INFO] [DEBUG] OVERLAP SUL ACIONADO!

[13:05:23] [2026-08-28 13:05:23.188] [INFO] [DEBUG] OVERLAP SUL ACIONADO!

[13:05:23] [2026-08-28 13:05:23.205] [INFO] [DEBUG] OVERLAP SUL ACIONADO!

[13:05:23] [2026-08-28 13:05:23.221] [INFO] [DEBUG] OVERLAP SUL ACIONADO!

[13:05:23] [2026-08-28 13:05:23.238] [INFO] [DEBUG] OVERLAP SUL ACIONADO!

[13:05:23] [2026-08-28 13:05:23.255] [INFO] [DEBUG] OVERLAP SUL ACIONADO!

[13:05:23] [2026-08-28 13:05:23.271] [INFO] [DEBUG] OVERLAP SUL ACIONADO!

[13:05:23] [2026-08-28 13:05:23.288] [INFO] [DEBUG] OVERLAP SUL ACIONADO!

[13:05:23] [2026-08-28 13:05:23.305] [INFO] [DEBUG] OVERLAP SUL ACIONADO!

[13:05:23] [2026-08-28 13:05:23.321] [INFO] [DEBUG] OVERLAP SUL ACIONADO!

[13:05:23] [2026-08-28 13:05:23.338] [INFO] [DEBUG] OVERLAP SUL ACIONADO!

[13:05:23] [2026-08-28 13:05:23.355] [INFO] [DEBUG] OVERLAP SUL ACIONADO!

[13:05:23] [2026-08-28 13:05:23.371] [INFO] [DEBUG] OVERLAP SUL ACIONADO!

[13:05:23] [2026-08-28 13:05:23.388] [INFO] [DEBUG] OVERLAP SUL ACIONADO!

[13:05:23] [2026-08-28 13:05:23.405] [INFO] [DEBUG] OVERLAP SUL ACIONADO!

[13:05:23] [2026-08-28 13:05:23.421] [INFO] [DEBUG] OVERLAP SUL ACIONADO!

[13:05:23] [2026-08-28 13:05:23.438] [INFO] [DEBUG] OVERLAP SUL ACIONADO!

[13:05:23] [2026-08-28 13:05:23.455] [INFO] [DEBUG] OVERLAP SUL ACIONADO!

[13:05:23] [2026-08-28 13:05:23.471] [INFO] [DEBUG] OVERLAP SUL ACIONADO!

[13:05:23] [2026-08-28 13:05:23.488] [INFO] [DEBUG] OVERLAP SUL ACIONADO!

[13:05:23] [2026-08-28 13:05:23.505] [INFO] [DEBUG] OVERLAP SUL ACIONADO!

[13:05:23] [2026-08-28 13:05:23.521] [INFO] [DEBUG] OVERLAP SUL ACIONADO!

[13:05:23] [2026-08-28 13:05:23.538] [INFO] [DEBUG] OVERLAP SUL ACIONADO!

[13:05:23] [2026-08-28 13:05:23.554] [INFO] [DEBUG] OVERLAP SUL ACIONADO!

[13:05:23] [2026-08-28 13:05:23.571] [INFO] [DEBUG] OVERLAP SUL ACIONADO!

[13:05:23] [2026-08-28 13:05:23.588] [INFO] [DEBUG] OVERLAP SUL ACIONADO!

[13:05:23] [2026-08-28 13:05:23.605] [INFO] [DEBUG] OVERLAP SUL ACIONADO!

[13:05:23] [2026-08-28 13:05:23.621] [INFO] [DEBUG] OVERLAP SUL ACIONADO!

[13:05:23] [2026-08-28 13:05:23.638] [INFO] [DEBUG] OVERLAP SUL ACIONADO!

[13:05:23] [2026-08-28 13:05:23.655] [INFO] [DEBUG] OVERLAP SUL ACIONADO!

[13:05:23] [2026-08-28 13:05:23.671] [INFO] [DEBUG] OVERLAP SUL ACIONADO!

[13:05:23] [2026-08-28 13:05:23.688] [INFO] [DEBUG] OVERLAP SUL ACIONADO!

[13:05:23] [2026-08-28 13:05:23.705] [INFO] [DEBUG] OVERLAP SUL ACIONADO!

[13:05:23] [2026-08-28 13:05:23.721] [INFO] [DEBUG] OVERLAP SUL ACIONADO!

[13:05:23] [2026-08-28 13:05:23.738] [INFO] [DEBUG] OVERLAP SUL ACIONADO!

[13:05:23] [2026-08-28 13:05:23.755] [INFO] [DEBUG] OVERLAP SUL ACIONADO!

[13:05:23] [2026-08-28 13:05:23.771] [INFO] [DEBUG] OVERLAP SUL ACIONADO!

[13:05:23] [2026-08-28 13:05:23.788] [INFO] [DEBUG] OVERLAP SUL ACIONADO!

[13:05:23] [2026-08-28 13:05:23.805] [INFO] [DEBUG] OVERLAP SUL ACIONADO!

[13:05:23] [2026-08-28 13:05:23.821] [INFO] [DEBUG] OVERLAP SUL ACIONADO!

[13:05:23] [2026-08-28 13:05:23.838] [INFO] [DEBUG] OVERLAP SUL ACIONADO!

[13:05:23] [2026-08-28 13:05:23.855] [INFO] [DEBUG] OVERLAP SUL ACIONADO!

[13:05:23] [2026-08-28 13:05:23.871] [INFO] [DEBUG] OVERLAP SUL ACIONADO!

[13:05:23] [2026-08-28 13:05:23.888] [INFO] [DEBUG] OVERLAP SUL ACIONADO!

[13:05:23] [2026-08-28 13:05:23.905] [INFO] [DEBUG] OVERLAP SUL ACIONADO!

[13:05:23] [2026-08-28 13:05:23.921] [INFO] [DEBUG] OVERLAP SUL ACIONADO!

[13:05:23] [2026-08-28 13:05:23.938] [INFO] [DEBUG] OVERLAP SUL ACIONADO!

[13:05:23] [2026-08-28 13:05:23.955] [INFO] [DEBUG] OVERLAP SUL ACIONADO!

[13:05:23] [2026-08-28 13:05:23.971] [INFO] [DEBUG] OVERLAP SUL ACIONADO!

[13:05:23] [2026-08-28 13:05:23.988] [INFO] [DEBUG] OVERLAP SUL ACIONADO!

[13:05:23] [2026-08-28 13:05:24.005] [INFO] [DEBUG] OVERLAP SUL ACIONADO!

[13:05:24] [2026-08-28 13:05:24.021] [INFO] [DEBUG] OVERLAP SUL ACIONADO!

[13:05:24] [2026-08-28 13:05:24.038] [INFO] [DEBUG] OVERLAP SUL ACIONADO!

[13:05:24] [2026-08-28 13:05:24.055] [INFO] [DEBUG] OVERLAP SUL ACIONADO!

[13:05:24] [2026-08-28 13:05:24.071] [INFO] [DEBUG] OVERLAP SUL ACIONADO!

[13:05:24] [2026-08-28 13:05:24.088] [INFO] [DEBUG] OVERLAP SUL ACIONADO!

[13:05:24] [2026-08-28 13:05:24.105] [INFO] [DEBUG] OVERLAP SUL ACIONADO!

[13:05:24] [2026-08-28 13:05:24.121] [INFO] [DEBUG] OVERLAP SUL ACIONADO!

[13:05:24] [2026-08-28 13:05:24.138] [INFO] [DEBUG] OVERLAP SUL ACIONADO!

[13:05:24] [2026-08-28 13:05:24.155] [INFO] [DEBUG] OVERLAP SUL ACIONADO!

[13:05:24] [2026-08-28 13:05:24.171] [INFO] [DEBUG] OVERLAP SUL ACIONADO!

[13:05:24] [2026-08-28 13:05:24.188] [INFO] [DEBUG] OVERLAP SUL ACIONADO!

[13:05:24] [2026-08-28 13:05:24.205] [INFO] [DEBUG] OVERLAP SUL ACIONADO!

[13:05:24] [2026-08-28 13:05:24.221] [INFO] [DEBUG] OVERLAP SUL ACIONADO!

[13:05:24] [2026-08-28 13:05:24.238] [INFO] [DEBUG] OVERLAP SUL ACIONADO!

[13:05:24] [2026-08-28 13:05:24.255] [INFO] [DEBUG] OVERLAP SUL ACIONADO!

[13:05:24] [2026-08-28 13:05:24.271] [INFO] [DEBUG] OVERLAP SUL ACIONADO!

[13:05:24] [2026-08-28 13:05:24.288] [INFO] [DEBUG] OVERLAP SUL ACIONADO!

[13:05:24] [2026-08-28 13:05:24.305] [INFO] [DEBUG] OVERLAP SUL ACIONADO!

[13:05:24] [2026-08-28 13:05:24.321] [INFO] [DEBUG] OVERLAP SUL ACIONADO!

[13:05:24] [2026-08-28 13:05:24.338] [INFO] [DEBUG] OVERLAP SUL ACIONADO!

[13:05:24] [2026-08-28 13:05:24.355] [INFO] [DEBUG] OVERLAP SUL ACIONADO!

[13:05:24] [2026-08-28 13:05:24.371] [INFO] [DEBUG] OVERLAP SUL ACIONADO!

[13:05:24] [2026-08-28 13:05:24.388] [INFO] [DEBUG] OVERLAP SUL ACIONADO!

[13:05:24] [2026-08-28 13:05:24.405] [INFO] [DEBUG] OVERLAP SUL ACIONADO!

[13:05:24] [2026-08-28 13:05:24.421] [INFO] [DEBUG] OVERLAP SUL ACIONADO!

[13:05:24] [2026-08-28 13:05:24.438] [INFO] [DEBUG] OVERLAP SUL ACIONADO!

[13:05:24] [2026-08-28 13:05:24.455] [INFO] [DEBUG] OVERLAP SUL ACIONADO!

[13:05:24] [2026-08-28 13:05:24.471] [INFO] [DEBUG] OVERLAP SUL ACIONADO!

[13:05:24] [2026-08-28 13:05:24.488] [INFO] [DEBUG] OVERLAP SUL ACIONADO!

[13:05:24] [2026-08-28 13:05:24.505] [INFO] [DEBUG] OVERLAP SUL ACIONADO!

[13:05:24] [2026-08-28 13:05:24.521] [INFO] [DEBUG] OVERLAP SUL ACIONADO!

[13:05:24] [2026-08-28 13:05:24.538] [INFO] [DEBUG] OVERLAP SUL ACIONADO!

[13:05:24] [2026-08-28 13:05:24.555] [INFO] [DEBUG] OVERLAP SUL ACIONADO!

[13:05:24] [2026-08-28 13:05:24.571] [INFO] [DEBUG] OVERLAP SUL ACIONADO!

[13:05:24] [2026-08-28 13:05:24.588] [INFO] [DEBUG] OVERLAP SUL ACIONADO!

[13:05:24] [2026-08-28 13:05:24.604] [INFO] [DEBUG] OVERLAP SUL ACIONADO!

[13:05:24] [2026-08-28 13:05:24.621] [INFO] [DEBUG] OVERLAP SUL ACIONADO!

[13:05:24] [2026-08-28 13:05:24.638] [INFO] [DEBUG] OVERLAP SUL ACIONADO!

[13:05:24] [2026-08-28 13:05:24.655] [INFO] [DEBUG] OVERLAP SUL ACIONADO!

[13:05:24] [2026-08-28 13:05:24.671] [INFO] [DEBUG] OVERLAP SUL ACIONADO!

[13:05:24] [2026-08-28 13:05:24.688] [INFO] [DEBUG] OVERLAP SUL ACIONADO!

[13:05:24] [2026-08-28 13:05:24.705] [INFO] [DEBUG] OVERLAP SUL ACIONADO!

[13:05:24] [2026-08-28 13:05:24.721] [INFO] [DEBUG] OVERLAP SUL ACIONADO!

[13:05:24] [2026-08-28 13:05:24.738] [INFO] [DEBUG] OVERLAP SUL ACIONADO!

[13:05:24] [2026-08-28 13:05:24.755] [INFO] [DEBUG] OVERLAP SUL ACIONADO!

[13:05:24] [2026-08-28 13:05:24.771] [INFO] [DEBUG] OVERLAP SUL ACIONADO!

[13:05:24] [2026-08-28 13:05:24.788] [INFO] [DEBUG] OVERLAP SUL ACIONADO!

[13:05:24] [2026-08-28 13:05:24.805] [INFO] [DEBUG] OVERLAP SUL ACIONADO!

[13:05:24] [2026-08-28 13:05:24.821] [INFO] [DEBUG] OVERLAP SUL ACIONADO!

[13:05:24] [2026-08-28 13:05:24.838] [INFO] [DEBUG] OVERLAP SUL ACIONADO!

[13:05:24] [2026-08-28 13:05:24.855] [INFO] [DEBUG] OVERLAP SUL ACIONADO!

[13:05:24] [2026-08-28 13:05:24.871] [INFO] [DEBUG] OVERLAP SUL ACIONADO!

[13:05:24] [2026-08-28 13:05:24.888] [INFO] [DEBUG] OVERLAP SUL ACIONADO!

[13:05:24] [2026-08-28 13:05:24.905] [INFO] [DEBUG] OVERLAP SUL ACIONADO!

[13:05:24] [2026-08-28 13:05:24.921] [INFO] [DEBUG] OVERLAP SUL ACIONADO!

[13:05:24] [2026-08-28 13:05:24.938] [INFO] [DEBUG] OVERLAP SUL ACIONADO!

[13:05:24] [2026-08-28 13:05:24.955] [INFO] [DEBUG] OVERLAP SUL ACIONADO!

[13:05:24] [2026-08-28 13:05:24.971] [INFO] [DEBUG] OVERLAP SUL ACIONADO!

[13:05:24] [2026-08-28 13:05:24.988] [INFO] [DEBUG] OVERLAP SUL ACIONADO!

[13:05:24] [2026-08-28 13:05:25.005] [INFO] [DEBUG] OVERLAP SUL ACIONADO!

[13:05:25] [2026-08-28 13:05:25.021] [INFO] [DEBUG] OVERLAP SUL ACIONADO!

[13:05:25] [2026-08-28 13:05:25.038] [INFO] [DEBUG] OVERLAP SUL ACIONADO!

[13:05:25] [2026-08-28 13:05:25.055] [INFO] [DEBUG] OVERLAP SUL ACIONADO!

[13:05:25] [2026-08-28 13:05:25.071] [INFO] [DEBUG] OVERLAP SUL ACIONADO!

[13:05:25] [2026-08-28 13:05:25.088] [INFO] [DEBUG] OVERLAP SUL ACIONADO!

[13:05:25] [2026-08-28 13:05:25.105] [INFO] [DEBUG] OVERLAP SUL ACIONADO!

[13:05:25] [2026-08-28 13:05:25.121] [INFO] [DEBUG] OVERLAP SUL ACIONADO!

[13:05:25] [2026-08-28 13:05:25.138] [INFO] [DEBUG] OVERLAP SUL ACIONADO!

[13:05:25] [2026-08-28 13:05:25.155] [INFO] [DEBUG] OVERLAP SUL ACIONADO!

[13:05:25] [2026-08-28 13:05:25.171] [INFO] [DEBUG] OVERLAP SUL ACIONADO!

[13:05:25] [2026-08-28 13:05:25.188] [INFO] [DEBUG] OVERLAP SUL ACIONADO!

[13:05:25] [2026-08-28 13:05:25.205] [INFO] [DEBUG] OVERLAP SUL ACIONADO!

[13:05:25] [2026-08-28 13:05:25.222] [INFO] [DEBUG] OVERLAP SUL ACIONADO!

[13:05:25] [2026-08-28 13:05:25.238] [INFO] [DEBUG] OVERLAP SUL ACIONADO!

[13:05:25] [2026-08-28 13:05:25.255] [INFO] [DEBUG] OVERLAP SUL ACIONADO!

[13:05:25] [2026-08-28 13:05:25.271] [INFO] [DEBUG] OVERLAP SUL ACIONADO!

[13:05:25] [2026-08-28 13:05:25.288] [INFO] [DEBUG] OVERLAP SUL ACIONADO!

[13:05:25] [2026-08-28 13:05:25.305] [INFO] [DEBUG] OVERLAP SUL ACIONADO!

[13:05:25] [2026-08-28 13:05:25.321] [INFO] [DEBUG] OVERLAP SUL ACIONADO!

[13:05:25] [2026-08-28 13:05:25.338] [INFO] [DEBUG] OVERLAP SUL ACIONADO!

[13:05:25] [2026-08-28 13:05:25.355] [INFO] [DEBUG] OVERLAP SUL ACIONADO!

[13:05:25] [2026-08-28 13:05:25.371] [INFO] [DEBUG] OVERLAP SUL ACIONADO!

[13:05:25] [2026-08-28 13:05:25.388] [INFO] [DEBUG] OVERLAP SUL ACIONADO!

[13:05:25] [2026-08-28 13:05:25.405] [INFO] [DEBUG] OVERLAP SUL ACIONADO!

[13:05:25] [2026-08-28 13:05:25.421] [INFO] [DEBUG] OVERLAP SUL ACIONADO!

[13:05:25] [2026-08-28 13:05:25.438] [INFO] [DEBUG] OVERLAP SUL ACIONADO!

[13:05:25] [2026-08-28 13:05:25.455] [INFO] [DEBUG] OVERLAP SUL ACIONADO!

[13:05:25] [2026-08-28 13:05:25.471] [INFO] [DEBUG] OVERLAP SUL ACIONADO!

[13:05:25] [2026-08-28 13:05:25.488] [INFO] [DEBUG] OVERLAP SUL ACIONADO!

[13:05:25] [2026-08-28 13:05:25.505] [INFO] [DEBUG] OVERLAP SUL ACIONADO!

[13:05:25] [2026-08-28 13:05:25.522] [INFO] [DEBUG] OVERLAP SUL ACIONADO!

[13:05:25] [2026-08-28 13:05:25.538] [INFO] [DEBUG] OVERLAP SUL ACIONADO!

[13:05:25] [2026-08-28 13:05:25.555] [INFO] [DEBUG] OVERLAP SUL ACIONADO!

[13:05:25] [2026-08-28 13:05:25.571] [INFO] [DEBUG] OVERLAP SUL ACIONADO!

[13:05:25] [2026-08-28 13:05:25.588] [INFO] [DEBUG] OVERLAP SUL ACIONADO!

[13:05:25] [2026-08-28 13:05:25.604] [INFO] [DEBUG] OVERLAP SUL ACIONADO!

[13:05:25] [2026-08-28 13:05:25.621] [INFO] [DEBUG] OVERLAP SUL ACIONADO!

[13:05:25] [2026-08-28 13:05:25.638] [INFO] [DEBUG] OVERLAP SUL ACIONADO!

[13:05:25] [2026-08-28 13:05:25.655] [INFO] [DEBUG] OVERLAP SUL ACIONADO!

[13:05:25] [2026-08-28 13:05:25.671] [INFO] [DEBUG] OVERLAP SUL ACIONADO!

[13:05:25] [2026-08-28 13:05:25.688] [INFO] [DEBUG] OVERLAP SUL ACIONADO!

[13:05:25] [2026-08-28 13:05:25.705] [INFO] [DEBUG] OVERLAP SUL ACIONADO!

[13:05:25] [2026-08-28 13:05:25.721] [INFO] [DEBUG] OVERLAP SUL ACIONADO!

[13:05:25] [2026-08-28 13:05:25.738] [INFO] [DEBUG] OVERLAP SUL ACIONADO!

[13:05:25] [2026-08-28 13:05:25.755] [INFO] [DEBUG] OVERLAP SUL ACIONADO!

[13:05:25] [2026-08-28 13:05:25.771] [INFO] [DEBUG] OVERLAP SUL ACIONADO!

[13:05:25] [2026-08-28 13:05:25.788] [INFO] [DEBUG] OVERLAP SUL ACIONADO!

[13:05:25] [2026-08-28 13:05:25.805] [INFO] [DEBUG] OVERLAP SUL ACIONADO!

[13:05:25] [2026-08-28 13:05:25.821] [INFO] [DEBUG] OVERLAP SUL ACIONADO!

[13:05:25] [2026-08-28 13:05:25.838] [INFO] [DEBUG] OVERLAP SUL ACIONADO!

[13:05:25] [2026-08-28 13:05:25.855] [INFO] [DEBUG] OVERLAP SUL ACIONADO!

[13:05:25] [2026-08-28 13:05:25.871] [INFO] [DEBUG] OVERLAP SUL ACIONADO!

[13:05:25] [2026-08-28 13:05:25.888] [INFO] [DEBUG] OVERLAP SUL ACIONADO!

[13:05:25] [2026-08-28 13:05:25.905] [INFO] [DEBUG] OVERLAP SUL ACIONADO!

[13:05:25] [2026-08-28 13:05:25.921] [INFO] [DEBUG] OVERLAP SUL ACIONADO!

[13:05:25] [2026-08-28 13:05:25.938] [INFO] [DEBUG] OVERLAP SUL ACIONADO!

[13:05:25] [2026-08-28 13:05:25.955] [INFO] [DEBUG] OVERLAP SUL ACIONADO!

[13:05:25] [2026-08-28 13:05:25.971] [INFO] [DEBUG] OVERLAP SUL ACIONADO!

[13:05:25] [2026-08-28 13:05:25.988] [INFO] [DEBUG] OVERLAP SUL ACIONADO!

[13:05:25] [2026-08-28 13:05:26.005] [INFO] [DEBUG] OVERLAP SUL ACIONADO!

[13:05:26] [2026-08-28 13:05:26.021] [INFO] [DEBUG] OVERLAP SUL ACIONADO!

[13:05:26] [2026-08-28 13:05:26.038] [INFO] [DEBUG] OVERLAP SUL ACIONADO!

[13:05:26] [2026-08-28 13:05:26.054] [INFO] [DEBUG] OVERLAP SUL ACIONADO!

[13:05:26] [2026-08-28 13:05:26.071] [INFO] [DEBUG] OVERLAP SUL ACIONADO!

[13:05:26] [2026-08-28 13:05:26.088] [INFO] [DEBUG] OVERLAP SUL ACIONADO!

[13:05:26] [2026-08-28 13:05:26.105] [INFO] [DEBUG] OVERLAP SUL ACIONADO!

[13:05:26] [2026-08-28 13:05:26.121] [INFO] [DEBUG] OVERLAP SUL ACIONADO!

[13:05:26] [2026-08-28 13:05:26.138] [INFO] [DEBUG] OVERLAP SUL ACIONADO!

[13:05:26] [2026-08-28 13:05:26.155] [INFO] [DEBUG] OVERLAP SUL ACIONADO!

[13:05:26] [2026-08-28 13:05:26.171] [INFO] [DEBUG] OVERLAP SUL ACIONADO!

[13:05:26] [2026-08-28 13:05:26.188] [INFO] [DEBUG] OVERLAP SUL ACIONADO!

[13:05:26] [2026-08-28 13:05:26.205] [INFO] [DEBUG] OVERLAP SUL ACIONADO!

[13:05:26] [2026-08-28 13:05:26.221] [INFO] [DEBUG] OVERLAP SUL ACIONADO!

[13:05:26] [2026-08-28 13:05:26.238] [INFO] [DEBUG] OVERLAP SUL ACIONADO!

[13:05:26] [2026-08-28 13:05:26.254] [INFO] [DEBUG] OVERLAP SUL ACIONADO!

[13:05:26] [2026-08-28 13:05:26.271] [INFO] [DEBUG] OVERLAP SUL ACIONADO!

[13:05:26] [2026-08-28 13:05:26.288] [INFO] [DEBUG] OVERLAP SUL ACIONADO!

[13:05:26] [2026-08-28 13:05:26.305] [INFO] [DEBUG] OVERLAP SUL ACIONADO!

[13:05:26] [2026-08-28 13:05:26.321] [INFO] [DEBUG] OVERLAP SUL ACIONADO!

[13:05:26] [2026-08-28 13:05:26.338] [INFO] [DEBUG] OVERLAP SUL ACIONADO!

[13:05:26] [2026-08-28 13:05:26.355] [INFO] [DEBUG] OVERLAP SUL ACIONADO!

[13:05:26] [2026-08-28 13:05:26.371] [INFO] [DEBUG] OVERLAP SUL ACIONADO!

[13:05:26] [2026-08-28 13:05:26.388] [INFO] [DEBUG] OVERLAP SUL ACIONADO!

[13:05:26] [2026-08-28 13:05:26.404] [INFO] [DEBUG] OVERLAP SUL ACIONADO!

[13:05:26] [2026-08-28 13:05:26.421] [INFO] [DEBUG] OVERLAP SUL ACIONADO!

[13:05:26] [2026-08-28 13:05:26.438] [INFO] [DEBUG] OVERLAP SUL ACIONADO!

[13:05:26] [2026-08-28 13:05:26.455] [INFO] [DEBUG] OVERLAP SUL ACIONADO!

[13:05:26] [2026-08-28 13:05:26.472] [INFO] [DEBUG] OVERLAP SUL ACIONADO!

[13:05:26] [2026-08-28 13:05:26.488] [INFO] [DEBUG] OVERLAP SUL ACIONADO!

[13:05:26] [2026-08-28 13:05:26.505] [INFO] [DEBUG] OVERLAP SUL ACIONADO!

[13:05:26] [2026-08-28 13:05:26.521] [INFO] [DEBUG] OVERLAP SUL ACIONADO!

[13:05:26] [2026-08-28 13:05:26.538] [INFO] [DEBUG] OVERLAP SUL ACIONADO!

[13:05:26] [2026-08-28 13:05:26.555] [INFO] [DEBUG] OVERLAP SUL ACIONADO!

[13:05:26] [2026-08-28 13:05:26.571] [INFO] [DEBUG] OVERLAP SUL ACIONADO!

[13:05:26] [2026-08-28 13:05:26.588] [INFO] [DEBUG] OVERLAP SUL ACIONADO!

[13:05:26] [2026-08-28 13:05:26.605] [INFO] [DEBUG] OVERLAP SUL ACIONADO!

[13:05:26] [2026-08-28 13:05:26.621] [INFO] [DEBUG] OVERLAP SUL ACIONADO!

[13:05:26] [2026-08-28 13:05:26.638] [INFO] [DEBUG] OVERLAP SUL ACIONADO!

[13:05:26] [2026-08-28 13:05:26.655] [INFO] [DEBUG] OVERLAP SUL ACIONADO!

[13:05:26] [2026-08-28 13:05:26.671] [INFO] [DEBUG] OVERLAP SUL ACIONADO!

[13:05:26] [2026-08-28 13:05:26.688] [INFO] [DEBUG] OVERLAP SUL ACIONADO!

[13:05:26] [2026-08-28 13:05:26.704] [INFO] [DEBUG] OVERLAP SUL ACIONADO!

[13:05:26] [2026-08-28 13:05:26.721] [INFO] [DEBUG] OVERLAP SUL ACIONADO!

[13:05:26] [2026-08-28 13:05:26.738] [INFO] [DEBUG] OVERLAP SUL ACIONADO!

[13:05:26] [2026-08-28 13:05:26.755] [INFO] [DEBUG] OVERLAP SUL ACIONADO!

[13:05:26] [2026-08-28 13:05:26.771] [INFO] [DEBUG] OVERLAP SUL ACIONADO!

[13:05:26] [2026-08-28 13:05:26.788] [INFO] [DEBUG] OVERLAP SUL ACIONADO!

[13:05:26] [2026-08-28 13:05:26.805] [INFO] [DEBUG] OVERLAP SUL ACIONADO!

[13:05:26] [2026-08-28 13:05:26.821] [INFO] [DEBUG] OVERLAP SUL ACIONADO!

[13:05:26] [2026-08-28 13:05:26.838] [INFO] [DEBUG] OVERLAP SUL ACIONADO!

[13:05:26] [2026-08-28 13:05:26.855] [INFO] [DEBUG] OVERLAP SUL ACIONADO!

[13:05:26] [2026-08-28 13:05:26.871] [INFO] [DEBUG] OVERLAP SUL ACIONADO!

[13:05:26] [2026-08-28 13:05:26.888] [INFO] [DEBUG] OVERLAP SUL ACIONADO!

[13:05:26] [2026-08-28 13:05:26.905] [INFO] [DEBUG] OVERLAP SUL ACIONADO!

[13:05:26] [2026-08-28 13:05:26.921] [INFO] [DEBUG] OVERLAP SUL ACIONADO!

[13:05:26] [2026-08-28 13:05:26.938] [INFO] [DEBUG] OVERLAP SUL ACIONADO!

[13:05:26] [2026-08-28 13:05:26.955] [INFO] [DEBUG] OVERLAP SUL ACIONADO!

[13:05:26] [2026-08-28 13:05:26.971] [INFO] [DEBUG] OVERLAP SUL ACIONADO!

[13:05:26] [2026-08-28 13:05:26.988] [INFO] [DEBUG] OVERLAP SUL ACIONADO!

[13:05:26] [2026-08-28 13:05:27.005] [INFO] [DEBUG] OVERLAP SUL ACIONADO!

[13:05:27] [2026-08-28 13:05:27.021] [INFO] [DEBUG] OVERLAP SUL ACIONADO!

[13:05:27] [2026-08-28 13:05:27.038] [INFO] [DEBUG] OVERLAP SUL ACIONADO!

[13:05:27] [2026-08-28 13:05:27.054] [INFO] [DEBUG] OVERLAP SUL ACIONADO!

[13:05:27] [2026-08-28 13:05:27.071] [INFO] [DEBUG] OVERLAP SUL ACIONADO!

[13:05:27] [2026-08-28 13:05:27.088] [INFO] [DEBUG] OVERLAP SUL ACIONADO!

[13:05:27] [2026-08-28 13:05:27.105] [INFO] [DEBUG] OVERLAP SUL ACIONADO!

[13:05:27] [2026-08-28 13:05:27.121] [INFO] [DEBUG] OVERLAP SUL ACIONADO!

[13:05:27] [2026-08-28 13:05:27.138] [INFO] [DEBUG] OVERLAP SUL ACIONADO!

[13:05:27] [2026-08-28 13:05:27.155] [INFO] [DEBUG] OVERLAP SUL ACIONADO!

[13:05:27] [2026-08-28 13:05:27.171] [INFO] [DEBUG] OVERLAP SUL ACIONADO!

[13:05:27] [2026-08-28 13:05:27.188] [INFO] [DEBUG] OVERLAP SUL ACIONADO!

[13:05:27] [2026-08-28 13:05:27.205] [INFO] [DEBUG] OVERLAP SUL ACIONADO!

[13:05:27] [2026-08-28 13:05:27.221] [INFO] [DEBUG] OVERLAP SUL ACIONADO!

[13:05:27] [2026-08-28 13:05:27.238] [INFO] [DEBUG] OVERLAP SUL ACIONADO!

[13:05:27] [2026-08-28 13:05:27.255] [INFO] [DEBUG] OVERLAP SUL ACIONADO!

[13:05:27] [2026-08-28 13:05:27.271] [INFO] [DEBUG] OVERLAP SUL ACIONADO!

[13:05:27] [2026-08-28 13:05:27.288] [INFO] [DEBUG] OVERLAP SUL ACIONADO!

[13:05:27] [2026-08-28 13:05:27.304] [INFO] [DEBUG] OVERLAP SUL ACIONADO!

[13:05:27] [2026-08-28 13:05:27.321] [INFO] [DEBUG] OVERLAP SUL ACIONADO!

[13:05:27] [2026-08-28 13:05:27.338] [INFO] [DEBUG] OVERLAP SUL ACIONADO!

[13:05:27] [2026-08-28 13:05:27.355] [INFO] [DEBUG] OVERLAP SUL ACIONADO!

[13:05:27] [2026-08-28 13:05:27.371] [INFO] [DEBUG] OVERLAP SUL ACIONADO!

[13:05:27] [2026-08-28 13:05:27.388] [INFO] [DEBUG] OVERLAP SUL ACIONADO!

[13:05:27] [2026-08-28 13:05:27.405] [INFO] [DEBUG] OVERLAP SUL ACIONADO!

[13:05:27] [2026-08-28 13:05:27.421] [INFO] [DEBUG] OVERLAP SUL ACIONADO!

[13:05:27] [2026-08-28 13:05:27.438] [INFO] [DEBUG] OVERLAP SUL ACIONADO!

[13:05:27] [2026-08-28 13:05:27.455] [INFO] [DEBUG] OVERLAP SUL ACIONADO!

[13:05:27] [2026-08-28 13:05:27.471] [INFO] [DEBUG] OVERLAP SUL ACIONADO!

[13:05:27] [2026-08-28 13:05:27.488] [INFO] [DEBUG] OVERLAP SUL ACIONADO!

[13:05:27] [2026-08-28 13:05:27.505] [INFO] [DEBUG] OVERLAP SUL ACIONADO!

[13:05:27] [2026-08-28 13:05:27.521] [INFO] [DEBUG] OVERLAP SUL ACIONADO!

[13:05:27] [2026-08-28 13:05:27.538] [INFO] [DEBUG] OVERLAP SUL ACIONADO!

[13:05:27] [2026-08-28 13:05:27.555] [INFO] [DEBUG] OVERLAP SUL ACIONADO!

[13:05:27] [2026-08-28 13:05:27.571] [INFO] [DEBUG] OVERLAP SUL ACIONADO!

[13:05:27] [2026-08-28 13:05:27.588] [INFO] [DEBUG] OVERLAP SUL ACIONADO!

[13:05:27] [2026-08-28 13:05:27.605] [INFO] [DEBUG] OVERLAP SUL ACIONADO!

[13:05:27] [2026-08-28 13:05:27.622] [INFO] [DEBUG] OVERLAP SUL ACIONADO!

[13:05:27] [2026-08-28 13:05:27.638] [INFO] [DEBUG] OVERLAP SUL ACIONADO!

[13:05:27] [2026-08-28 13:05:27.655] [INFO] [DEBUG] OVERLAP SUL ACIONADO!

[13:05:27] [2026-08-28 13:05:27.671] [INFO] [DEBUG] OVERLAP SUL ACIONADO!

[13:05:27] [2026-08-28 13:05:27.688] [INFO] [DEBUG] OVERLAP SUL ACIONADO!

[13:05:27] [2026-08-28 13:05:27.704] [INFO] [DEBUG] OVERLAP SUL ACIONADO!

[13:05:27] [2026-08-28 13:05:27.721] [INFO] [DEBUG] OVERLAP SUL ACIONADO!

[13:05:27] [2026-08-28 13:05:27.738] [INFO] [DEBUG] OVERLAP SUL ACIONADO!

[13:05:27] [2026-08-28 13:05:27.755] [INFO] [DEBUG] OVERLAP SUL ACIONADO!

[13:05:27] [2026-08-28 13:05:27.771] [INFO] [DEBUG] OVERLAP SUL ACIONADO!

[13:05:27] [2026-08-28 13:05:27.788] [INFO] [DEBUG] OVERLAP SUL ACIONADO!

[13:05:27] [2026-08-28 13:05:27.805] [INFO] [DEBUG] OVERLAP SUL ACIONADO!

[13:05:27] [2026-08-28 13:05:27.821] [INFO] [DEBUG] OVERLAP SUL ACIONADO!

[13:05:27] [2026-08-28 13:05:27.838] [INFO] [DEBUG] OVERLAP SUL ACIONADO!

[13:05:27] [2026-08-28 13:05:27.855] [INFO] [DEBUG] OVERLAP SUL ACIONADO!

[13:05:27] [2026-08-28 13:05:27.871] [INFO] [DEBUG] OVERLAP SUL ACIONADO!

[13:05:27] [2026-08-28 13:05:27.888] [INFO] [DEBUG] OVERLAP SUL ACIONADO!

[13:05:27] [2026-08-28 13:05:27.905] [INFO] [DEBUG] OVERLAP SUL ACIONADO!

[13:05:27] [2026-08-28 13:05:27.921] [INFO] [DEBUG] OVERLAP SUL ACIONADO!

[13:05:27] [2026-08-28 13:05:27.938] [INFO] [DEBUG] OVERLAP SUL ACIONADO!

[13:05:27] [2026-08-28 13:05:27.955] [INFO] [DEBUG] OVERLAP SUL ACIONADO!

[13:05:27] [2026-08-28 13:05:27.971] [INFO] [DEBUG] OVERLAP SUL ACIONADO!

[13:05:27] [2026-08-28 13:05:27.988] [INFO] [DEBUG] OVERLAP SUL ACIONADO!

[13:05:27] [2026-08-28 13:05:28.005] [INFO] [DEBUG] OVERLAP SUL ACIONADO!

[13:05:28] [2026-08-28 13:05:28.022] [INFO] [DEBUG] OVERLAP SUL ACIONADO!

[13:05:28] [2026-08-28 13:05:28.038] [INFO] [DEBUG] OVERLAP SUL ACIONADO!

[13:05:28] [2026-08-28 13:05:28.055] [INFO] [DEBUG] OVERLAP SUL ACIONADO!

[13:05:28] [2026-08-28 13:05:28.071] [INFO] [DEBUG] OVERLAP SUL ACIONADO!

[13:05:28] [2026-08-28 13:05:28.088] [INFO] [DEBUG] OVERLAP SUL ACIONADO!

[13:05:28] [2026-08-28 13:05:28.105] [INFO] [DEBUG] OVERLAP SUL ACIONADO!

[13:05:28] [2026-08-28 13:05:28.121] [INFO] [DEBUG] OVERLAP SUL ACIONADO!

[13:05:28] [2026-08-28 13:05:28.138] [INFO] [DEBUG] OVERLAP SUL ACIONADO!

[13:05:28] [2026-08-28 13:05:28.155] [INFO] [DEBUG] OVERLAP SUL ACIONADO!

[13:05:28] [2026-08-28 13:05:28.171] [INFO] [DEBUG] OVERLAP SUL ACIONADO!

[13:05:28] [2026-08-28 13:05:28.188] [INFO] [DEBUG] OVERLAP SUL ACIONADO!

[13:05:28] [2026-08-28 13:05:28.204] [INFO] [DEBUG] OVERLAP SUL ACIONADO!

[13:05:28] [2026-08-28 13:05:28.221] [INFO] [DEBUG] OVERLAP SUL ACIONADO!

[13:05:28] [2026-08-28 13:05:28.238] [INFO] [DEBUG] OVERLAP SUL ACIONADO!

[13:05:28] [2026-08-28 13:05:28.255] [INFO] [DEBUG] OVERLAP SUL ACIONADO!

[13:05:28] [2026-08-28 13:05:28.271] [INFO] [DEBUG] OVERLAP SUL ACIONADO!

[13:05:28] [2026-08-28 13:05:28.288] [INFO] [DEBUG] OVERLAP SUL ACIONADO!

[13:05:28] [2026-08-28 13:05:28.304] [INFO] [DEBUG] OVERLAP SUL ACIONADO!

[13:05:28] [2026-08-28 13:05:28.321] [INFO] [DEBUG] OVERLAP SUL ACIONADO!

[13:05:28] [2026-08-28 13:05:28.338] [INFO] [DEBUG] OVERLAP SUL ACIONADO!

[13:05:28] [2026-08-28 13:05:28.354] [INFO] [DEBUG] OVERLAP SUL ACIONADO!

[13:05:28] [2026-08-28 13:05:28.371] [INFO] [DEBUG] OVERLAP SUL ACIONADO!

[13:05:28] [2026-08-28 13:05:28.388] [INFO] [DEBUG] OVERLAP SUL ACIONADO!

[13:05:28] [2026-08-28 13:05:28.405] [INFO] [DEBUG] OVERLAP SUL ACIONADO!

[13:05:28] [2026-08-28 13:05:28.421] [INFO] [DEBUG] OVERLAP SUL ACIONADO!

[13:05:28] [2026-08-28 13:05:28.438] [INFO] [DEBUG] OVERLAP SUL ACIONADO!

[13:05:28] [2026-08-28 13:05:28.454] [INFO] [DEBUG] OVERLAP SUL ACIONADO!

[13:05:28] [2026-08-28 13:05:28.488] [INFO] [DEBUG] OVERLAP SUL ACIONADO!

[13:05:28] [2026-08-28 13:05:28.507] [INFO] [DEBUG] OVERLAP SUL ACIONADO!

[13:05:28] [2026-08-28 13:05:28.522] [INFO] [DEBUG] OVERLAP SUL ACIONADO!

[13:05:28] [2026-08-28 13:05:28.538] [INFO] [DEBUG] OVERLAP SUL ACIONADO!

[13:05:28] [2026-08-28 13:05:28.554] [INFO] [DEBUG] OVERLAP SUL ACIONADO!

[13:05:28] [2026-08-28 13:05:28.571] [INFO] [DEBUG] OVERLAP SUL ACIONADO!

[13:05:28] [2026-08-28 13:05:28.588] [INFO] [DEBUG] OVERLAP SUL ACIONADO!

[13:05:28] [2026-08-28 13:05:28.605] [INFO] [DEBUG] OVERLAP SUL ACIONADO!

[13:05:28] [2026-08-28 13:05:28.621] [INFO] [DEBUG] OVERLAP SUL ACIONADO!

[13:05:28] [2026-08-28 13:05:28.638] [INFO] [DEBUG] OVERLAP SUL ACIONADO!

[13:05:28] [2026-08-28 13:05:28.655] [INFO] [DEBUG] OVERLAP SUL ACIONADO!

[13:05:28] [2026-08-28 13:05:28.671] [INFO] [DEBUG] OVERLAP SUL ACIONADO!

[13:05:28] [2026-08-28 13:05:28.688] [INFO] [DEBUG] OVERLAP SUL ACIONADO!

[13:05:28] [2026-08-28 13:05:28.704] [INFO] [DEBUG] OVERLAP SUL ACIONADO!

[13:05:28] [2026-08-28 13:05:28.721] [INFO] [DEBUG] OVERLAP SUL ACIONADO!

[13:05:28] [2026-08-28 13:05:28.738] [INFO] [DEBUG] OVERLAP SUL ACIONADO!

[13:05:28] [2026-08-28 13:05:28.755] [INFO] [DEBUG] OVERLAP SUL ACIONADO!

[13:05:28] [2026-08-28 13:05:28.771] [INFO] [DEBUG] OVERLAP SUL ACIONADO!

[13:05:28] [2026-08-28 13:05:28.788] [INFO] [DEBUG] OVERLAP SUL ACIONADO!

[13:05:28] [2026-08-28 13:05:28.804] [INFO] [DEBUG] OVERLAP SUL ACIONADO!

[13:05:28] [2026-08-28 13:05:28.821] [INFO] [DEBUG] OVERLAP SUL ACIONADO!

[13:05:28] [2026-08-28 13:05:28.838] [INFO] [DEBUG] OVERLAP SUL ACIONADO!

[13:05:28] [2026-08-28 13:05:28.855] [INFO] [DEBUG] OVERLAP SUL ACIONADO!

[13:05:28] [2026-08-28 13:05:28.871] [INFO] [DEBUG] OVERLAP SUL ACIONADO!

[13:05:28] [2026-08-28 13:05:28.888] [INFO] [DEBUG] OVERLAP SUL ACIONADO!

[13:05:28] [2026-08-28 13:05:28.904] [INFO] [DEBUG] OVERLAP SUL ACIONADO!

[13:05:28] [2026-08-28 13:05:28.921] [INFO] [DEBUG] OVERLAP SUL ACIONADO!

[13:05:28] [2026-08-28 13:05:28.938] [INFO] [DEBUG] OVERLAP SUL ACIONADO!

[13:05:28] [2026-08-28 13:05:28.954] [INFO] [DEBUG] OVERLAP SUL ACIONADO!

[13:05:28] [2026-08-28 13:05:28.971] [INFO] [DEBUG] OVERLAP SUL ACIONADO!

[13:05:28] [2026-08-28 13:05:28.988] [INFO] [DEBUG] OVERLAP SUL ACIONADO!

[13:05:28] [2026-08-28 13:05:29.004] [INFO] [DEBUG] OVERLAP SUL ACIONADO!

[13:05:29] [2026-08-28 13:05:29.021] [INFO] [DEBUG] OVERLAP SUL ACIONADO!

[13:05:29] [2026-08-28 13:05:29.038] [INFO] [DEBUG] OVERLAP SUL ACIONADO!

[13:05:29] [2026-08-28 13:05:29.055] [INFO] [DEBUG] OVERLAP SUL ACIONADO!

[13:05:29] [2026-08-28 13:05:29.071] [INFO] [DEBUG] OVERLAP SUL ACIONADO!

[13:05:29] [2026-08-28 13:05:29.088] [INFO] [DEBUG] OVERLAP SUL ACIONADO!

[13:05:29] [2026-08-28 13:05:29.104] [INFO] [DEBUG] OVERLAP SUL ACIONADO!

[13:05:29] [2026-08-28 13:05:29.121] [INFO] [DEBUG] OVERLAP SUL ACIONADO!

[13:05:29] [2026-08-28 13:05:29.138] [INFO] [DEBUG] OVERLAP SUL ACIONADO!

[13:05:29] [2026-08-28 13:05:29.154] [INFO] [DEBUG] OVERLAP SUL ACIONADO!

[13:05:29] [2026-08-28 13:05:29.171] [INFO] [DEBUG] OVERLAP SUL ACIONADO!

[13:05:29] [2026-08-28 13:05:29.188] [INFO] [DEBUG] OVERLAP SUL ACIONADO!

[13:05:29] [2026-08-28 13:05:29.204] [INFO] [DEBUG] OVERLAP SUL ACIONADO!

[13:05:29] [2026-08-28 13:05:29.221] [INFO] [DEBUG] OVERLAP SUL ACIONADO!

[13:05:29] [2026-08-28 13:05:29.238] [INFO] [DEBUG] OVERLAP SUL ACIONADO!

[13:05:29] [2026-08-28 13:05:29.254] [INFO] [DEBUG] OVERLAP SUL ACIONADO!

[13:05:29] [2026-08-28 13:05:29.271] [INFO] [DEBUG] OVERLAP SUL ACIONADO!

[13:05:29] [2026-08-28 13:05:29.288] [INFO] [DEBUG] OVERLAP SUL ACIONADO!

[13:05:29] [2026-08-28 13:05:29.304] [INFO] [DEBUG] OVERLAP SUL ACIONADO!

[13:05:29] [2026-08-28 13:05:29.321] [INFO] [DEBUG] OVERLAP SUL ACIONADO!

[13:05:29] [2026-08-28 13:05:29.338] [INFO] [DEBUG] OVERLAP SUL ACIONADO!

[13:05:29] [2026-08-28 13:05:29.354] [INFO] [DEBUG] OVERLAP SUL ACIONADO!

[13:05:29] [2026-08-28 13:05:29.371] [INFO] [DEBUG] OVERLAP SUL ACIONADO!

[13:05:29] [2026-08-28 13:05:29.388] [INFO] [DEBUG] OVERLAP SUL ACIONADO!

[13:05:29] [2026-08-28 13:05:29.404] [INFO] [DEBUG] OVERLAP SUL ACIONADO!

[13:05:29] [2026-08-28 13:05:29.421] [INFO] [DEBUG] OVERLAP SUL ACIONADO!

[13:05:29] [2026-08-28 13:05:29.438] [INFO] [DEBUG] OVERLAP SUL ACIONADO!

[13:05:29] [2026-08-28 13:05:29.454] [INFO] [DEBUG] OVERLAP SUL ACIONADO!

[13:05:29] [2026-08-28 13:05:29.471] [INFO] [DEBUG] OVERLAP SUL ACIONADO!

[13:05:29] [2026-08-28 13:05:29.488] [INFO] [DEBUG] OVERLAP SUL ACIONADO!

[13:05:29] [2026-08-28 13:05:29.504] [INFO] [DEBUG] OVERLAP SUL ACIONADO!

[13:05:29] [2026-08-28 13:05:29.521] [INFO] [DEBUG] OVERLAP SUL ACIONADO!

[13:05:29] [2026-08-28 13:05:29.538] [INFO] [DEBUG] OVERLAP SUL ACIONADO!

[13:05:29] [2026-08-28 13:05:29.554] [INFO] [DEBUG] OVERLAP SUL ACIONADO!

[13:05:29] [2026-08-28 13:05:29.571] [INFO] [DEBUG] OVERLAP SUL ACIONADO!

[13:05:29] [2026-08-28 13:05:29.588] [INFO] [DEBUG] OVERLAP SUL ACIONADO!

[13:05:29] [2026-08-28 13:05:29.604] [INFO] [DEBUG] OVERLAP SUL ACIONADO!

[13:05:29] [2026-08-28 13:05:29.621] [INFO] [DEBUG] OVERLAP SUL ACIONADO!

[13:05:29] [2026-08-28 13:05:29.638] [INFO] [DEBUG] OVERLAP SUL ACIONADO!

[13:05:29] [2026-08-28 13:05:29.654] [INFO] [DEBUG] OVERLAP SUL ACIONADO!

[13:05:29] [2026-08-28 13:05:29.671] [INFO] [DEBUG] OVERLAP SUL ACIONADO!

[13:05:29] [2026-08-28 13:05:29.688] [INFO] [DEBUG] OVERLAP SUL ACIONADO!

[13:05:29] [2026-08-28 13:05:29.704] [INFO] [DEBUG] OVERLAP SUL ACIONADO!

[13:05:29] [2026-08-28 13:05:29.721] [INFO] [DEBUG] OVERLAP SUL ACIONADO!

[13:05:29] [2026-08-28 13:05:29.738] [INFO] [DEBUG] OVERLAP SUL ACIONADO!

[13:05:29] [2026-08-28 13:05:29.754] [INFO] [DEBUG] OVERLAP SUL ACIONADO!

[13:05:29] [2026-08-28 13:05:29.771] [INFO] [DEBUG] OVERLAP SUL ACIONADO!

[13:05:29] [2026-08-28 13:05:29.788] [INFO] [DEBUG] OVERLAP SUL ACIONADO!

[13:05:29] [2026-08-28 13:05:29.804] [INFO] [DEBUG] OVERLAP SUL ACIONADO!

[13:05:29] [2026-08-28 13:05:29.821] [INFO] [DEBUG] OVERLAP SUL ACIONADO!

[13:05:29] [2026-08-28 13:05:29.838] [INFO] [DEBUG] OVERLAP SUL ACIONADO!

[13:05:29] [2026-08-28 13:05:29.854] [INFO] [DEBUG] OVERLAP SUL ACIONADO!

[13:05:29] [2026-08-28 13:05:29.871] [INFO] [DEBUG] OVERLAP SUL ACIONADO!

[13:05:29] [2026-08-28 13:05:29.888] [INFO] [DEBUG] OVERLAP SUL ACIONADO!

[13:05:29] [2026-08-28 13:05:29.904] [INFO] [DEBUG] OVERLAP SUL ACIONADO!

[13:05:29] [2026-08-28 13:05:29.921] [INFO] [DEBUG] OVERLAP SUL ACIONADO!

[13:05:29] [2026-08-28 13:05:29.938] [INFO] [DEBUG] OVERLAP SUL ACIONADO!

[13:05:29] [2026-08-28 13:05:29.954] [INFO] [DEBUG] OVERLAP SUL ACIONADO!

[13:05:29] [2026-08-28 13:05:29.971] [INFO] [DEBUG] OVERLAP SUL ACIONADO!

[13:05:29] [2026-08-28 13:05:29.988] [INFO] [DEBUG] OVERLAP SUL ACIONADO!

[13:05:29] [2026-08-28 13:05:30.004] [INFO] [DEBUG] OVERLAP SUL ACIONADO!

[13:05:30] [2026-08-28 13:05:30.021] [INFO] [DEBUG] OVERLAP SUL ACIONADO!

[13:05:30] [2026-08-28 13:05:30.038] [INFO] [DEBUG] OVERLAP SUL ACIONADO!

[13:05:30] [2026-08-28 13:05:30.054] [INFO] [DEBUG] OVERLAP SUL ACIONADO!

[13:05:30] [2026-08-28 13:05:30.071] [INFO] [DEBUG] OVERLAP SUL ACIONADO!

[13:05:30] [2026-08-28 13:05:30.088] [INFO] [DEBUG] OVERLAP SUL ACIONADO!

[13:05:30] [2026-08-28 13:05:30.104] [INFO] [DEBUG] OVERLAP SUL ACIONADO!

[13:05:30] [2026-08-28 13:05:30.121] [INFO] [DEBUG] OVERLAP SUL ACIONADO!

[13:05:30] [2026-08-28 13:05:30.138] [INFO] [DEBUG] OVERLAP SUL ACIONADO!

[13:05:30] [2026-08-28 13:05:30.154] [INFO] [DEBUG] OVERLAP SUL ACIONADO!

[13:05:30] [2026-08-28 13:05:30.171] [INFO] [DEBUG] OVERLAP SUL ACIONADO!

[13:05:30] [2026-08-28 13:05:30.188] [INFO] [DEBUG] OVERLAP SUL ACIONADO!

[13:05:30] [2026-08-28 13:05:30.204] [INFO] [DEBUG] OVERLAP SUL ACIONADO!

[13:05:30] [2026-08-28 13:05:30.221] [INFO] [DEBUG] OVERLAP SUL ACIONADO!

[13:05:30] [2026-08-28 13:05:30.238] [INFO] [DEBUG] OVERLAP SUL ACIONADO!

[13:05:30] [2026-08-28 13:05:30.254] [INFO] [DEBUG] OVERLAP SUL ACIONADO!

[13:05:30] [2026-08-28 13:05:30.271] [INFO] [DEBUG] OVERLAP SUL ACIONADO!

[13:05:30] [2026-08-28 13:05:30.288] [INFO] [DEBUG] OVERLAP SUL ACIONADO!

[13:05:30] [2026-08-28 13:05:30.304] [INFO] [DEBUG] OVERLAP SUL ACIONADO!

[13:05:30] [2026-08-28 13:05:30.321] [INFO] [DEBUG] OVERLAP SUL ACIONADO!

[13:05:30] [2026-08-28 13:05:30.338] [INFO] [DEBUG] OVERLAP SUL ACIONADO!

[13:05:30] [2026-08-28 13:05:30.354] [INFO] [DEBUG] OVERLAP SUL ACIONADO!

[13:05:30] [2026-08-28 13:05:30.371] [INFO] [DEBUG] OVERLAP SUL ACIONADO!

[13:05:30] [2026-08-28 13:05:30.388] [INFO] [DEBUG] OVERLAP SUL ACIONADO!

[13:05:30] [2026-08-28 13:05:30.404] [INFO] [DEBUG] OVERLAP SUL ACIONADO!

[13:05:30] [2026-08-28 13:05:30.421] [INFO] [DEBUG] OVERLAP SUL ACIONADO!

[13:05:30] [2026-08-28 13:05:30.438] [INFO] [DEBUG] OVERLAP SUL ACIONADO!

[13:05:30] [2026-08-28 13:05:30.454] [INFO] [DEBUG] OVERLAP SUL ACIONADO!

[13:05:30] [2026-08-28 13:05:30.471] [INFO] [DEBUG] OVERLAP SUL ACIONADO!

[13:05:30] [2026-08-28 13:05:30.488] [INFO] [DEBUG] OVERLAP SUL ACIONADO!

[13:05:30] [2026-08-28 13:05:30.504] [INFO] [DEBUG] OVERLAP SUL ACIONADO!

[13:05:30] [2026-08-28 13:05:30.521] [INFO] [DEBUG] OVERLAP SUL ACIONADO!

[13:05:30] [2026-08-28 13:05:30.538] [INFO] [DEBUG] OVERLAP SUL ACIONADO!

[13:05:30] [2026-08-28 13:05:30.554] [INFO] [DEBUG] OVERLAP SUL ACIONADO!

[13:05:30] [2026-08-28 13:05:30.571] [INFO] [DEBUG] OVERLAP SUL ACIONADO!

[13:05:30] [2026-08-28 13:05:30.588] [INFO] [DEBUG] OVERLAP SUL ACIONADO!

[13:05:30] [2026-08-28 13:05:30.604] [INFO] [DEBUG] OVERLAP SUL ACIONADO!

[13:05:30] [2026-08-28 13:05:30.621] [INFO] [DEBUG] OVERLAP SUL ACIONADO!

[13:05:30] [2026-08-28 13:05:30.638] [INFO] [DEBUG] OVERLAP SUL ACIONADO!

[13:05:30] [2026-08-28 13:05:30.654] [INFO] [DEBUG] OVERLAP SUL ACIONADO!

[13:05:30] [2026-08-28 13:05:30.671] [INFO] [DEBUG] OVERLAP SUL ACIONADO!

[13:05:30] [2026-08-28 13:05:30.688] [INFO] [DEBUG] OVERLAP SUL ACIONADO!

[13:05:30] [2026-08-28 13:05:30.704] [INFO] [DEBUG] OVERLAP SUL ACIONADO!

[13:05:30] [2026-08-28 13:05:30.721] [INFO] [DEBUG] OVERLAP SUL ACIONADO!

[13:05:30] [2026-08-28 13:05:30.738] [INFO] [DEBUG] OVERLAP SUL ACIONADO!

[13:05:30] [2026-08-28 13:05:30.754] [INFO] [DEBUG] OVERLAP SUL ACIONADO!

[13:05:30] [2026-08-28 13:05:30.771] [INFO] [DEBUG] OVERLAP SUL ACIONADO!

[13:05:30] [2026-08-28 13:05:30.788] [INFO] [DEBUG] OVERLAP SUL ACIONADO!

[13:05:30] [2026-08-28 13:05:30.804] [INFO] [DEBUG] OVERLAP SUL ACIONADO!

[13:05:30] [2026-08-28 13:05:30.821] [INFO] [DEBUG] OVERLAP SUL ACIONADO!

[13:05:30] [2026-08-28 13:05:30.838] [INFO] [DEBUG] OVERLAP SUL ACIONADO!

[13:05:30] [2026-08-28 13:05:30.854] [INFO] [DEBUG] OVERLAP SUL ACIONADO!

[13:05:30] [2026-08-28 13:05:30.871] [INFO] [DEBUG] OVERLAP SUL ACIONADO!

[13:05:30] [2026-08-28 13:05:30.888] [INFO] [DEBUG] OVERLAP SUL ACIONADO!

[13:05:30] [2026-08-28 13:05:30.904] [INFO] [DEBUG] OVERLAP SUL ACIONADO!

[13:05:30] [2026-08-28 13:05:30.921] [INFO] [DEBUG] OVERLAP SUL ACIONADO!

[13:05:30] [2026-08-28 13:05:30.938] [INFO] [DEBUG] OVERLAP SUL ACIONADO!

[13:05:30] [2026-08-28 13:05:30.954] [INFO] [DEBUG] OVERLAP SUL ACIONADO!

[13:05:30] [2026-08-28 13:05:30.971] [INFO] [DEBUG] OVERLAP SUL ACIONADO!

[13:05:30] [2026-08-28 13:05:30.988] [INFO] [DEBUG] OVERLAP SUL ACIONADO!

[13:05:30] [2026-08-28 13:05:31.004] [INFO] [DEBUG] OVERLAP SUL ACIONADO!

[13:05:31] [2026-08-28 13:05:31.021] [INFO] [DEBUG] OVERLAP SUL ACIONADO!

[13:05:31] [2026-08-28 13:05:31.037] [INFO] [DEBUG] OVERLAP SUL ACIONADO!

[13:05:31] [2026-08-28 13:05:31.054] [INFO] [DEBUG] OVERLAP SUL ACIONADO!

[13:05:31] [2026-08-28 13:05:31.071] [INFO] [DEBUG] OVERLAP SUL ACIONADO!

[13:05:31] [2026-08-28 13:05:31.088] [INFO] [DEBUG] OVERLAP SUL ACIONADO!

[13:05:31] [2026-08-28 13:05:31.104] [INFO] [DEBUG] OVERLAP SUL ACIONADO!

[13:05:31] [2026-08-28 13:05:31.121] [INFO] [DEBUG] OVERLAP SUL ACIONADO!

[13:05:31] [2026-08-28 13:05:31.138] [INFO] [DEBUG] OVERLAP SUL ACIONADO!

[13:05:31] [2026-08-28 13:05:31.154] [INFO] [DEBUG] OVERLAP SUL ACIONADO!

[13:05:31] [2026-08-28 13:05:31.171] [INFO] [DEBUG] OVERLAP SUL ACIONADO!

[13:05:31] [2026-08-28 13:05:31.188] [INFO] [DEBUG] OVERLAP SUL ACIONADO!

[13:05:31] [2026-08-28 13:05:31.204] [INFO] [DEBUG] OVERLAP SUL ACIONADO!

[13:05:31] [2026-08-28 13:05:31.221] [INFO] [DEBUG] OVERLAP SUL ACIONADO!

[13:05:31] [2026-08-28 13:05:31.238] [INFO] [DEBUG] OVERLAP SUL ACIONADO!

[13:05:31] [2026-08-28 13:05:31.254] [INFO] [DEBUG] OVERLAP SUL ACIONADO!

[13:05:31] [2026-08-28 13:05:31.271] [INFO] [DEBUG] OVERLAP SUL ACIONADO!

[13:05:31] [2026-08-28 13:05:31.288] [INFO] [DEBUG] OVERLAP SUL ACIONADO!

[13:05:31] [2026-08-28 13:05:31.304] [INFO] [DEBUG] OVERLAP SUL ACIONADO!

[13:05:31] [2026-08-28 13:05:31.321] [INFO] [DEBUG] OVERLAP SUL ACIONADO!

[13:05:31] [2026-08-28 13:05:31.338] [INFO] [DEBUG] OVERLAP SUL ACIONADO!

[13:05:31] [2026-08-28 13:05:31.354] [INFO] [DEBUG] OVERLAP SUL ACIONADO!

[13:05:31] [2026-08-28 13:05:31.371] [INFO] [DEBUG] OVERLAP SUL ACIONADO!

[13:05:31] [2026-08-28 13:05:31.388] [INFO] [DEBUG] OVERLAP SUL ACIONADO!

[13:05:31] [2026-08-28 13:05:31.404] [INFO] [DEBUG] OVERLAP SUL ACIONADO!

[13:05:31] [2026-08-28 13:05:31.421] [INFO] [DEBUG] OVERLAP SUL ACIONADO!

[13:05:31] [2026-08-28 13:05:31.438] [INFO] [DEBUG] OVERLAP SUL ACIONADO!

[13:05:31] [2026-08-28 13:05:31.454] [INFO] [DEBUG] OVERLAP SUL ACIONADO!

[13:05:31] [2026-08-28 13:05:31.471] [INFO] [DEBUG] OVERLAP SUL ACIONADO!

[13:05:31] [2026-08-28 13:05:31.488] [INFO] [DEBUG] OVERLAP SUL ACIONADO!

[13:05:31] [2026-08-28 13:05:31.504] [INFO] [DEBUG] OVERLAP SUL ACIONADO!

[13:05:31] [2026-08-28 13:05:31.521] [INFO] [DEBUG] OVERLAP SUL ACIONADO!

[13:05:31] [2026-08-28 13:05:31.538] [INFO] [DEBUG] OVERLAP SUL ACIONADO!

[13:05:31] [2026-08-28 13:05:31.554] [INFO] [DEBUG] OVERLAP SUL ACIONADO!

[13:05:31] [2026-08-28 13:05:31.571] [INFO] [DEBUG] OVERLAP SUL ACIONADO!

[13:05:31] [2026-08-28 13:05:31.588] [INFO] [DEBUG] OVERLAP SUL ACIONADO!

[13:05:31] [2026-08-28 13:05:31.604] [INFO] [DEBUG] OVERLAP SUL ACIONADO!

[13:05:31] [2026-08-28 13:05:31.621] [INFO] [DEBUG] OVERLAP SUL ACIONADO!

[13:05:31] [2026-08-28 13:05:31.638] [INFO] [DEBUG] OVERLAP SUL ACIONADO!

[13:05:31] [2026-08-28 13:05:31.654] [INFO] [DEBUG] OVERLAP SUL ACIONADO!

[13:05:31] [2026-08-28 13:05:31.671] [INFO] [DEBUG] OVERLAP SUL ACIONADO!

[13:05:31] [2026-08-28 13:05:31.688] [INFO] [DEBUG] OVERLAP SUL ACIONADO!

[13:05:31] [2026-08-28 13:05:31.704] [INFO] [DEBUG] OVERLAP SUL ACIONADO!

[13:05:31] [2026-08-28 13:05:31.721] [INFO] [DEBUG] OVERLAP SUL ACIONADO!

[13:05:31] [2026-08-28 13:05:31.738] [INFO] [DEBUG] OVERLAP SUL ACIONADO!

[13:05:31] [2026-08-28 13:05:31.754] [INFO] [DEBUG] OVERLAP SUL ACIONADO!

[13:05:31] [2026-08-28 13:05:31.771] [INFO] [DEBUG] OVERLAP SUL ACIONADO!

[13:05:31] [2026-08-28 13:05:31.788] [INFO] [DEBUG] OVERLAP SUL ACIONADO!

[13:05:31] [2026-08-28 13:05:31.804] [INFO] [DEBUG] OVERLAP SUL ACIONADO!

[13:05:31] [2026-08-28 13:05:31.821] [INFO] [DEBUG] OVERLAP SUL ACIONADO!

[13:05:31] [2026-08-28 13:05:31.838] [INFO] [DEBUG] OVERLAP SUL ACIONADO!

[13:05:31] [2026-08-28 13:05:31.854] [INFO] [DEBUG] OVERLAP SUL ACIONADO!

[13:05:31] [2026-08-28 13:05:31.871] [INFO] [DEBUG] OVERLAP SUL ACIONADO!

[13:05:31] [2026-08-28 13:05:31.888] [INFO] [DEBUG] OVERLAP SUL ACIONADO!

[13:05:31] [2026-08-28 13:05:31.904] [INFO] [DEBUG] OVERLAP SUL ACIONADO!

[13:05:31] [2026-08-28 13:05:31.921] [INFO] [DEBUG] OVERLAP SUL ACIONADO!

[13:05:31] [2026-08-28 13:05:31.938] [INFO] [DEBUG] OVERLAP SUL ACIONADO!

[13:05:31] [2026-08-28 13:05:31.954] [INFO] [DEBUG] OVERLAP SUL ACIONADO!

[13:05:31] [2026-08-28 13:05:31.971] [INFO] [DEBUG] OVERLAP SUL ACIONADO!

[13:05:31] [2026-08-28 13:05:31.988] [INFO] [DEBUG] OVERLAP SUL ACIONADO!

[13:05:31] [2026-08-28 13:05:32.004] [INFO] [DEBUG] OVERLAP SUL ACIONADO!

[13:05:32] [2026-08-28 13:05:32.021] [INFO] [DEBUG] OVERLAP SUL ACIONADO!

[13:05:32] [2026-08-28 13:05:32.038] [INFO] [DEBUG] OVERLAP SUL ACIONADO!

[13:05:32] [2026-08-28 13:05:32.054] [INFO] [DEBUG] OVERLAP SUL ACIONADO!

[13:05:32] [2026-08-28 13:05:32.071] [INFO] [DEBUG] OVERLAP SUL ACIONADO!

[13:05:32] [2026-08-28 13:05:32.088] [INFO] [DEBUG] OVERLAP SUL ACIONADO!

[13:05:32] [2026-08-28 13:05:32.104] [INFO] [DEBUG] OVERLAP SUL ACIONADO!

[13:05:32] [2026-08-28 13:05:32.121] [INFO] [DEBUG] OVERLAP SUL ACIONADO!

[13:05:32] [2026-08-28 13:05:32.138] [INFO] [DEBUG] OVERLAP SUL ACIONADO!

[13:05:32] [2026-08-28 13:05:32.154] [INFO] [DEBUG] OVERLAP SUL ACIONADO!

[13:05:32] [2026-08-28 13:05:32.171] [INFO] [DEBUG] OVERLAP SUL ACIONADO!

[13:05:32] [2026-08-28 13:05:32.188] [INFO] [DEBUG] OVERLAP SUL ACIONADO!

[13:05:32] [2026-08-28 13:05:32.204] [INFO] [DEBUG] OVERLAP SUL ACIONADO!

[13:05:32] [2026-08-28 13:05:32.221] [INFO] [DEBUG] OVERLAP SUL ACIONADO!

[13:05:32] [2026-08-28 13:05:32.238] [INFO] [DEBUG] OVERLAP SUL ACIONADO!

[13:05:32] [2026-08-28 13:05:32.254] [INFO] [DEBUG] OVERLAP SUL ACIONADO!

[13:05:32] [2026-08-28 13:05:32.271] [INFO] [DEBUG] OVERLAP SUL ACIONADO!

[13:05:32] [2026-08-28 13:05:32.288] [INFO] [DEBUG] OVERLAP SUL ACIONADO!

[13:05:32] [2026-08-28 13:05:32.304] [INFO] [DEBUG] OVERLAP SUL ACIONADO!

[13:05:32] [2026-08-28 13:05:32.321] [INFO] [DEBUG] OVERLAP SUL ACIONADO!

[13:05:32] [2026-08-28 13:05:32.338] [INFO] [DEBUG] OVERLAP SUL ACIONADO!

[13:05:32] [2026-08-28 13:05:32.354] [INFO] [DEBUG] OVERLAP SUL ACIONADO!

[13:05:32] [2026-08-28 13:05:32.371] [INFO] [DEBUG] OVERLAP SUL ACIONADO!

[13:05:32] [2026-08-28 13:05:32.388] [INFO] [DEBUG] OVERLAP SUL ACIONADO!

[13:05:32] [2026-08-28 13:05:32.404] [INFO] [DEBUG] OVERLAP SUL ACIONADO!

[13:05:32] [2026-08-28 13:05:32.421] [INFO] [DEBUG] OVERLAP SUL ACIONADO!

[13:05:32] [2026-08-28 13:05:32.438] [INFO] [DEBUG] OVERLAP SUL ACIONADO!

[13:05:32] [2026-08-28 13:05:32.454] [INFO] [DEBUG] OVERLAP SUL ACIONADO!

[13:05:32] [2026-08-28 13:05:32.471] [INFO] [DEBUG] OVERLAP SUL ACIONADO!

[13:05:32] [2026-08-28 13:05:32.488] [INFO] [DEBUG] OVERLAP SUL ACIONADO!

[13:05:32] [2026-08-28 13:05:32.504] [INFO] [DEBUG] OVERLAP SUL ACIONADO!

[13:05:32] [2026-08-28 13:05:32.521] [INFO] [DEBUG] OVERLAP SUL ACIONADO!

[13:05:32] [2026-08-28 13:05:32.538] [INFO] [DEBUG] OVERLAP SUL ACIONADO!

[13:05:32] [2026-08-28 13:05:32.554] [INFO] [DEBUG] OVERLAP SUL ACIONADO!

[13:05:32] [2026-08-28 13:05:32.571] [INFO] [DEBUG] OVERLAP SUL ACIONADO!

[13:05:32] [2026-08-28 13:05:32.588] [INFO] [DEBUG] OVERLAP SUL ACIONADO!

[13:05:32] [2026-08-28 13:05:32.604] [INFO] [DEBUG] OVERLAP SUL ACIONADO!

[13:05:32] [2026-08-28 13:05:32.621] [INFO] [DEBUG] OVERLAP SUL ACIONADO!

[13:05:32] [2026-08-28 13:05:32.638] [INFO] [DEBUG] OVERLAP SUL ACIONADO!

[13:05:32] [2026-08-28 13:05:32.654] [INFO] [DEBUG] OVERLAP SUL ACIONADO!

[13:05:32] [2026-08-28 13:05:32.671] [INFO] [DEBUG] OVERLAP SUL ACIONADO!

[13:05:32] [2026-08-28 13:05:32.688] [INFO] [DEBUG] OVERLAP SUL ACIONADO!

[13:05:32] [2026-08-28 13:05:32.704] [INFO] [DEBUG] OVERLAP SUL ACIONADO!

[13:05:32] [2026-08-28 13:05:32.721] [INFO] [DEBUG] OVERLAP SUL ACIONADO!

[13:05:32] [2026-08-28 13:05:32.738] [INFO] [DEBUG] OVERLAP SUL ACIONADO!

[13:05:32] [2026-08-28 13:05:32.754] [INFO] [DEBUG] OVERLAP SUL ACIONADO!

[13:05:32] [2026-08-28 13:05:32.771] [INFO] [DEBUG] OVERLAP SUL ACIONADO!

[13:05:32] [2026-08-28 13:05:32.788] [INFO] [DEBUG] OVERLAP SUL ACIONADO!

[13:05:32] [2026-08-28 13:05:32.804] [INFO] [DEBUG] OVERLAP SUL ACIONADO!

[13:05:32] [2026-08-28 13:05:32.821] [INFO] [DEBUG] OVERLAP SUL ACIONADO!

[13:05:32] [2026-08-28 13:05:32.838] [INFO] [DEBUG] OVERLAP SUL ACIONADO!

[13:05:32] [2026-08-28 13:05:32.854] [INFO] [DEBUG] OVERLAP SUL ACIONADO!

[13:05:32] [2026-08-28 13:05:32.871] [INFO] [DEBUG] OVERLAP SUL ACIONADO!

[13:05:32] [2026-08-28 13:05:32.887] [INFO] [DEBUG] OVERLAP SUL ACIONADO!

[13:05:32] [2026-08-28 13:05:32.904] [INFO] [DEBUG] OVERLAP SUL ACIONADO!

[13:05:32] [2026-08-28 13:05:32.921] [INFO] [DEBUG] OVERLAP SUL ACIONADO!

[13:05:32] [2026-08-28 13:05:32.937] [INFO] [DEBUG] OVERLAP SUL ACIONADO!

[13:05:32] [2026-08-28 13:05:32.954] [INFO] [DEBUG] OVERLAP SUL ACIONADO!

[13:05:32] [2026-08-28 13:05:32.971] [INFO] [DEBUG] OVERLAP SUL ACIONADO!

[13:05:32] [2026-08-28 13:05:32.987] [INFO] [DEBUG] OVERLAP SUL ACIONADO!

[13:05:32] [2026-08-28 13:05:33.004] [INFO] [DEBUG] OVERLAP SUL ACIONADO!

[13:05:33] [2026-08-28 13:05:33.021] [INFO] [DEBUG] OVERLAP SUL ACIONADO!

[13:05:33] [2026-08-28 13:05:33.038] [INFO] [DEBUG] OVERLAP SUL ACIONADO!

[13:05:33] [2026-08-28 13:05:33.054] [INFO] [DEBUG] OVERLAP SUL ACIONADO!

[13:05:33] [2026-08-28 13:05:33.071] [INFO] [DEBUG] OVERLAP SUL ACIONADO!

[13:05:33] [2026-08-28 13:05:33.087] [INFO] [DEBUG] OVERLAP SUL ACIONADO!

[13:05:33] [2026-08-28 13:05:33.104] [INFO] [DEBUG] OVERLAP SUL ACIONADO!

[13:05:33] [2026-08-28 13:05:33.121] [INFO] [DEBUG] OVERLAP SUL ACIONADO!

[13:05:33] [2026-08-28 13:05:33.138] [INFO] [DEBUG] OVERLAP SUL ACIONADO!

[13:05:33] [2026-08-28 13:05:33.154] [INFO] [DEBUG] OVERLAP SUL ACIONADO!

[13:05:33] [2026-08-28 13:05:33.171] [INFO] [DEBUG] OVERLAP SUL ACIONADO!

[13:05:33] [2026-08-28 13:05:33.188] [INFO] [DEBUG] OVERLAP SUL ACIONADO!

[13:05:33] [2026-08-28 13:05:33.204] [INFO] [DEBUG] OVERLAP SUL ACIONADO!

[13:05:33] [2026-08-28 13:05:33.221] [INFO] [DEBUG] OVERLAP SUL ACIONADO!

[13:05:33] [2026-08-28 13:05:33.237] [INFO] [DEBUG] OVERLAP SUL ACIONADO!

[13:05:33] [2026-08-28 13:05:33.254] [INFO] [DEBUG] OVERLAP SUL ACIONADO!

[13:05:33] [2026-08-28 13:05:33.271] [INFO] [DEBUG] OVERLAP SUL ACIONADO!

[13:05:33] [2026-08-28 13:05:33.287] [INFO] [DEBUG] OVERLAP SUL ACIONADO!

[13:05:33] [2026-08-28 13:05:33.304] [INFO] [DEBUG] OVERLAP SUL ACIONADO!

[13:05:33] [2026-08-28 13:05:33.321] [INFO] [DEBUG] OVERLAP SUL ACIONADO!

[13:05:33] [2026-08-28 13:05:33.337] [INFO] [DEBUG] OVERLAP SUL ACIONADO!

[13:05:33] [2026-08-28 13:05:33.354] [INFO] [DEBUG] OVERLAP SUL ACIONADO!

[13:05:33] [2026-08-28 13:05:33.371] [INFO] [DEBUG] OVERLAP SUL ACIONADO!

[13:05:33] [2026-08-28 13:05:33.387] [INFO] [DEBUG] OVERLAP SUL ACIONADO!

[13:05:33] [2026-08-28 13:05:33.404] [INFO] [DEBUG] OVERLAP SUL ACIONADO!

[13:05:33] [2026-08-28 13:05:33.421] [INFO] [DEBUG] OVERLAP SUL ACIONADO!

[13:05:33] [2026-08-28 13:05:33.437] [INFO] [DEBUG] OVERLAP SUL ACIONADO!

[13:05:33] [2026-08-28 13:05:33.454] [INFO] [DEBUG] OVERLAP SUL ACIONADO!

[13:05:33] [2026-08-28 13:05:33.471] [INFO] [DEBUG] OVERLAP SUL ACIONADO!

[13:05:33] [2026-08-28 13:05:33.488] [INFO] [DEBUG] OVERLAP SUL ACIONADO!

[13:05:33] [2026-08-28 13:05:33.504] [INFO] [DEBUG] OVERLAP SUL ACIONADO!

[13:05:33] [2026-08-28 13:05:33.521] [INFO] [DEBUG] OVERLAP SUL ACIONADO!

[13:05:33] [2026-08-28 13:05:33.537] [INFO] [DEBUG] OVERLAP SUL ACIONADO!

[13:05:33] [2026-08-28 13:05:33.554] [INFO] [DEBUG] OVERLAP SUL ACIONADO!

[13:05:33] [2026-08-28 13:05:33.571] [INFO] [DEBUG] OVERLAP SUL ACIONADO!

[13:05:33] [2026-08-28 13:05:33.588] [INFO] [DEBUG] OVERLAP SUL ACIONADO!

[13:05:33] [2026-08-28 13:05:33.604] [INFO] [DEBUG] OVERLAP SUL ACIONADO!

[13:05:33] [2026-08-28 13:05:33.621] [INFO] [DEBUG] OVERLAP SUL ACIONADO!

[13:05:33] [2026-08-28 13:05:33.638] [INFO] [DEBUG] OVERLAP SUL ACIONADO!

[13:05:33] [2026-08-28 13:05:33.654] [INFO] [DEBUG] OVERLAP SUL ACIONADO!

[13:05:33] [2026-08-28 13:05:33.671] [INFO] [DEBUG] OVERLAP SUL ACIONADO!

[13:05:33] [2026-08-28 13:05:33.687] [INFO] [DEBUG] OVERLAP SUL ACIONADO!

[13:05:33] [2026-08-28 13:05:33.704] [INFO] [DEBUG] OVERLAP SUL ACIONADO!

[13:05:33] [2026-08-28 13:05:33.721] [INFO] [DEBUG] OVERLAP SUL ACIONADO!

[13:05:33] [2026-08-28 13:05:33.738] [INFO] [DEBUG] OVERLAP SUL ACIONADO!

[13:05:33] [2026-08-28 13:05:33.754] [INFO] [DEBUG] OVERLAP SUL ACIONADO!

[13:05:33] [2026-08-28 13:05:33.771] [INFO] [DEBUG] OVERLAP SUL ACIONADO!

[13:05:33] [2026-08-28 13:05:33.788] [INFO] [DEBUG] OVERLAP SUL ACIONADO!

[13:05:33] [2026-08-28 13:05:33.804] [INFO] [DEBUG] OVERLAP SUL ACIONADO!

[13:05:33] [2026-08-28 13:05:33.821] [INFO] [DEBUG] OVERLAP SUL ACIONADO!

[13:05:33] [2026-08-28 13:05:33.838] [INFO] [DEBUG] OVERLAP SUL ACIONADO!

[13:05:33] [2026-08-28 13:05:33.854] [INFO] [DEBUG] OVERLAP SUL ACIONADO!

[13:05:33] [2026-08-28 13:05:33.871] [INFO] [DEBUG] OVERLAP SUL ACIONADO!

[13:05:33] [2026-08-28 13:05:33.888] [INFO] [DEBUG] OVERLAP SUL ACIONADO!

[13:05:33] [2026-08-28 13:05:33.904] [INFO] [DEBUG] OVERLAP SUL ACIONADO!

[13:05:33] [2026-08-28 13:05:33.921] [INFO] [DEBUG] OVERLAP SUL ACIONADO!

[13:05:33] [2026-08-28 13:05:33.938] [INFO] [DEBUG] OVERLAP SUL ACIONADO!

[13:05:33] [2026-08-28 13:05:33.954] [INFO] [DEBUG] OVERLAP SUL ACIONADO!

[13:05:33] [2026-08-28 13:05:34.007] [INFO] [DEBUG] OVERLAP SUL ACIONADO!

[13:05:34] [2026-08-28 13:05:34.021] [INFO] [DEBUG] OVERLAP SUL ACIONADO!

[13:05:34] [2026-08-28 13:05:34.043] [INFO] [DEBUG] OVERLAP SUL ACIONADO!

[13:05:34] [2026-08-28 13:05:34.043] [INFO] [DEBUG] OVERLAP SUL ACIONADO!

[13:05:34] [2026-08-28 13:05:34.054] [INFO] [DEBUG] OVERLAP SUL ACIONADO!

[13:05:34] [2026-08-28 13:05:34.074] [INFO] [DEBUG] OVERLAP SUL ACIONADO!

[13:05:34] [2026-08-28 13:05:34.087] [INFO] [DEBUG] OVERLAP SUL ACIONADO!

[13:05:34] [2026-08-28 13:05:34.110] [INFO] [DEBUG] OVERLAP SUL ACIONADO!

[13:05:34] [2026-08-28 13:05:34.121] [INFO] [DEBUG] OVERLAP SUL ACIONADO!

[13:05:34] [2026-08-28 13:05:34.121] [INFO] [DEBUG] OVERLAP SUL ACIONADO!

[13:05:34] [2026-08-28 13:05:34.156] [INFO] [DEBUG] OVERLAP SUL ACIONADO!

[13:05:34] [2026-08-28 13:05:34.171] [INFO] [DEBUG] OVERLAP SUL ACIONADO!

[13:05:34] [2026-08-28 13:05:34.188] [INFO] [DEBUG] OVERLAP SUL ACIONADO!

[13:05:34] [2026-08-28 13:05:34.204] [INFO] [DEBUG] OVERLAP SUL ACIONADO!

[13:05:34] [2026-08-28 13:05:34.221] [INFO] [DEBUG] OVERLAP SUL ACIONADO!

[13:05:34] [2026-08-28 13:05:34.221] [INFO] [DEBUG] OVERLAP SUL ACIONADO!

[13:05:34] [2026-08-28 13:05:34.238] [INFO] [DEBUG] OVERLAP SUL ACIONADO!

[13:05:34] [2026-08-28 13:05:34.254] [INFO] [DEBUG] OVERLAP SUL ACIONADO!

[13:05:34] [2026-08-28 13:05:34.271] [INFO] [DEBUG] OVERLAP SUL ACIONADO!

[13:05:34] [2026-08-28 13:05:34.288] [INFO] [DEBUG] OVERLAP SUL ACIONADO!

[13:05:34] [2026-08-28 13:05:34.304] [INFO] [DEBUG] OVERLAP SUL ACIONADO!

[13:05:34] [2026-08-28 13:05:34.321] [INFO] [DEBUG] OVERLAP SUL ACIONADO!

[13:05:34] [2026-08-28 13:05:34.337] [INFO] [DEBUG] OVERLAP SUL ACIONADO!

[13:05:34] [2026-08-28 13:05:34.354] [INFO] [DEBUG] OVERLAP SUL ACIONADO!

[13:05:34] [2026-08-28 13:05:34.371] [INFO] [DEBUG] OVERLAP SUL ACIONADO!

[13:05:34] [2026-08-28 13:05:34.406] [INFO] [DEBUG] OVERLAP SUL ACIONADO!

[13:05:34] [2026-08-28 13:05:34.421] [INFO] [DEBUG] OVERLAP SUL ACIONADO!

[13:05:34] [2026-08-28 13:05:34.445] [INFO] [DEBUG] OVERLAP SUL ACIONADO!

[13:05:34] [2026-08-28 13:05:34.454] [INFO] [DEBUG] OVERLAP SUL ACIONADO!

[13:05:34] [2026-08-28 13:05:34.473] [INFO] [DEBUG] OVERLAP SUL ACIONADO!

[13:05:34] [2026-08-28 13:05:34.474] [INFO] [DEBUG] OVERLAP SUL ACIONADO!

[13:05:34] [2026-08-28 13:05:34.488] [INFO] [DEBUG] OVERLAP SUL ACIONADO!

[13:05:34] [2026-08-28 13:05:34.521] [INFO] [DEBUG] OVERLAP SUL ACIONADO!

[13:05:34] [2026-08-28 13:05:34.538] [INFO] [DEBUG] OVERLAP SUL ACIONADO!

[13:05:34] [2026-08-28 13:05:34.555] [INFO] [DEBUG] OVERLAP SUL ACIONADO!

[13:05:34] [2026-08-28 13:05:34.571] [INFO] [DEBUG] OVERLAP SUL ACIONADO!

[13:05:34] [2026-08-28 13:05:34.587] [INFO] [DEBUG] OVERLAP SUL ACIONADO!

[13:05:34] [2026-08-28 13:05:34.588] [INFO] [DEBUG] OVERLAP SUL ACIONADO!

[13:05:34] [2026-08-28 13:05:34.604] [INFO] [DEBUG] OVERLAP SUL ACIONADO!

[13:05:34] [2026-08-28 13:05:34.621] [INFO] [DEBUG] OVERLAP SUL ACIONADO!

[13:05:34] [2026-08-28 13:05:34.637] [INFO] [DEBUG] OVERLAP SUL ACIONADO!

[13:05:34] [2026-08-28 13:05:34.654] [INFO] [DEBUG] OVERLAP SUL ACIONADO!

[13:05:34] [2026-08-28 13:05:34.671] [INFO] [DEBUG] OVERLAP SUL ACIONADO!

[13:05:34] [2026-08-28 13:05:34.687] [INFO] [DEBUG] OVERLAP SUL ACIONADO!

[13:05:34] [2026-08-28 13:05:34.704] [INFO] [DEBUG] OVERLAP SUL ACIONADO!

[13:05:34] [2026-08-28 13:05:34.721] [INFO] [DEBUG] OVERLAP SUL ACIONADO!

[13:05:34] [2026-08-28 13:05:34.738] [INFO] [DEBUG] OVERLAP SUL ACIONADO!

[13:05:34] [2026-08-28 13:05:34.754] [INFO] [DEBUG] OVERLAP SUL ACIONADO!

[13:05:34] [2026-08-28 13:05:34.771] [INFO] [DEBUG] OVERLAP SUL ACIONADO!

[13:05:34] [2026-08-28 13:05:34.788] [INFO] [DEBUG] OVERLAP SUL ACIONADO!

[13:05:34] [2026-08-28 13:05:34.804] [INFO] [DEBUG] OVERLAP SUL ACIONADO!

[13:05:34] [2026-08-28 13:05:34.821] [INFO] [DEBUG] OVERLAP SUL ACIONADO!

[13:05:34] [2026-08-28 13:05:34.837] [INFO] [DEBUG] OVERLAP SUL ACIONADO!

[13:05:34] [2026-08-28 13:05:34.854] [INFO] [DEBUG] OVERLAP SUL ACIONADO!

[13:05:34] [2026-08-28 13:05:34.871] [INFO] [DEBUG] OVERLAP SUL ACIONADO!

[13:05:34] [2026-08-28 13:05:34.887] [INFO] [DEBUG] OVERLAP SUL ACIONADO!

[13:05:34] [2026-08-28 13:05:34.904] [INFO] [DEBUG] OVERLAP SUL ACIONADO!

[13:05:34] [2026-08-28 13:05:34.921] [INFO] [DEBUG] OVERLAP SUL ACIONADO!

[13:05:34] [2026-08-28 13:05:34.938] [INFO] [DEBUG] OVERLAP SUL ACIONADO!

[13:05:34] [2026-08-28 13:05:34.954] [INFO] [DEBUG] OVERLAP SUL ACIONADO!

[13:05:34] [2026-08-28 13:05:34.971] [INFO] [DEBUG] OVERLAP SUL ACIONADO!

[13:05:34] [2026-08-28 13:05:34.987] [INFO] [DEBUG] OVERLAP SUL ACIONADO!

[13:05:34] [2026-08-28 13:05:35.004] [INFO] [DEBUG] OVERLAP SUL ACIONADO!

[13:05:35] [2026-08-28 13:05:35.021] [INFO] [DEBUG] OVERLAP SUL ACIONADO!

[13:05:35] [2026-08-28 13:05:35.037] [INFO] [DEBUG] OVERLAP SUL ACIONADO!

[13:05:35] [2026-08-28 13:05:35.054] [INFO] [DEBUG] OVERLAP SUL ACIONADO!

[13:05:35] [2026-08-28 13:05:35.071] [INFO] [DEBUG] OVERLAP SUL ACIONADO!

[13:05:35] [2026-08-28 13:05:35.087] [INFO] [DEBUG] OVERLAP SUL ACIONADO!

[13:05:35] [2026-08-28 13:05:35.104] [INFO] [DEBUG] OVERLAP SUL ACIONADO!

[13:05:35] [2026-08-28 13:05:35.121] [INFO] [DEBUG] OVERLAP SUL ACIONADO!

[13:05:35] [2026-08-28 13:05:35.137] [INFO] [DEBUG] OVERLAP SUL ACIONADO!

[13:05:35] [2026-08-28 13:05:35.154] [INFO] [DEBUG] OVERLAP SUL ACIONADO!

[13:05:35] [2026-08-28 13:05:35.171] [INFO] [DEBUG] OVERLAP SUL ACIONADO!

[13:05:35] [2026-08-28 13:05:35.187] [INFO] [DEBUG] OVERLAP SUL ACIONADO!

[13:05:35] [2026-08-28 13:05:35.204] [INFO] [DEBUG] OVERLAP SUL ACIONADO!

[13:05:35] [2026-08-28 13:05:35.221] [INFO] [DEBUG] OVERLAP SUL ACIONADO!

[13:05:35] [2026-08-28 13:05:35.237] [INFO] [DEBUG] OVERLAP SUL ACIONADO!

[13:05:35] [2026-08-28 13:05:35.254] [INFO] [DEBUG] OVERLAP SUL ACIONADO!

[13:05:35] [2026-08-28 13:05:35.271] [INFO] [DEBUG] OVERLAP SUL ACIONADO!

[13:05:35] [2026-08-28 13:05:35.287] [INFO] [DEBUG] OVERLAP SUL ACIONADO!

[13:05:35] [2026-08-28 13:05:35.305] [INFO] [DEBUG] OVERLAP SUL ACIONADO!

[13:05:35] [2026-08-28 13:05:35.321] [INFO] [DEBUG] OVERLAP SUL ACIONADO!

[13:05:35] [2026-08-28 13:05:35.337] [INFO] [DEBUG] OVERLAP SUL ACIONADO!

[13:05:35] [2026-08-28 13:05:35.354] [INFO] [DEBUG] OVERLAP SUL ACIONADO!

[13:05:35] [2026-08-28 13:05:35.371] [INFO] [DEBUG] OVERLAP SUL ACIONADO!

[13:05:35] [2026-08-28 13:05:35.387] [INFO] [DEBUG] OVERLAP SUL ACIONADO!

[13:05:35] [2026-08-28 13:05:35.404] [INFO] [DEBUG] OVERLAP SUL ACIONADO!

[13:05:35] [2026-08-28 13:05:35.421] [INFO] [DEBUG] OVERLAP SUL ACIONADO!

[13:05:35] [2026-08-28 13:05:35.438] [INFO] [DEBUG] OVERLAP SUL ACIONADO!

[13:05:35] [2026-08-28 13:05:35.454] [INFO] [DEBUG] OVERLAP SUL ACIONADO!

[13:05:35] [2026-08-28 13:05:35.471] [INFO] [DEBUG] OVERLAP SUL ACIONADO!

[13:05:35] [2026-08-28 13:05:35.488] [INFO] [DEBUG] OVERLAP SUL ACIONADO!

[13:05:35] [2026-08-28 13:05:35.504] [INFO] [DEBUG] OVERLAP SUL ACIONADO!

[13:05:35] [2026-08-28 13:05:35.521] [INFO] [DEBUG] OVERLAP SUL ACIONADO!

[13:05:35] [2026-08-28 13:05:35.538] [INFO] [DEBUG] OVERLAP SUL ACIONADO!

[13:05:35] [2026-08-28 13:05:35.554] [INFO] [DEBUG] OVERLAP SUL ACIONADO!

[13:05:35] [2026-08-28 13:05:35.571] [INFO] [DEBUG] OVERLAP SUL ACIONADO!

[13:05:35] [2026-08-28 13:05:35.587] [INFO] [DEBUG] OVERLAP SUL ACIONADO!

[13:05:35] [2026-08-28 13:05:35.604] [INFO] [DEBUG] OVERLAP SUL ACIONADO!

[13:05:35] [2026-08-28 13:05:35.621] [INFO] [DEBUG] OVERLAP SUL ACIONADO!

[13:05:35] [2026-08-28 13:05:35.637] [INFO] [DEBUG] OVERLAP SUL ACIONADO!

[13:05:35] [2026-08-28 13:05:35.654] [INFO] [DEBUG] OVERLAP SUL ACIONADO!

[13:05:35] [2026-08-28 13:05:35.671] [INFO] [DEBUG] OVERLAP SUL ACIONADO!

[13:05:35] [2026-08-28 13:05:35.687] [INFO] [DEBUG] OVERLAP SUL ACIONADO!

[13:05:35] [2026-08-28 13:05:35.704] [INFO] [DEBUG] OVERLAP SUL ACIONADO!

[13:05:35] [2026-08-28 13:05:35.721] [INFO] [DEBUG] OVERLAP SUL ACIONADO!

[13:05:35] [2026-08-28 13:05:35.738] [INFO] [DEBUG] OVERLAP SUL ACIONADO!

[13:05:35] [2026-08-28 13:05:35.754] [INFO] [DEBUG] OVERLAP SUL ACIONADO!

[13:05:35] [2026-08-28 13:05:35.771] [INFO] [DEBUG] OVERLAP SUL ACIONADO!

[13:05:35] [2026-08-28 13:05:35.787] [INFO] [DEBUG] OVERLAP SUL ACIONADO!

[13:05:35] [2026-08-28 13:05:35.804] [INFO] [DEBUG] OVERLAP SUL ACIONADO!

[13:05:35] [2026-08-28 13:05:35.821] [INFO] [DEBUG] OVERLAP SUL ACIONADO!

[13:05:35] [2026-08-28 13:05:35.838] [INFO] [DEBUG] OVERLAP SUL ACIONADO!

[13:05:35] [2026-08-28 13:05:35.854] [INFO] [DEBUG] OVERLAP SUL ACIONADO!

[13:05:35] [2026-08-28 13:05:35.871] [INFO] [DEBUG] OVERLAP SUL ACIONADO!

[13:05:35] [2026-08-28 13:05:35.888] [INFO] [DEBUG] OVERLAP SUL ACIONADO!

[13:05:35] [2026-08-28 13:05:35.904] [INFO] [DEBUG] OVERLAP SUL ACIONADO!

[13:05:35] [2026-08-28 13:05:35.921] [INFO] [DEBUG] OVERLAP SUL ACIONADO!

[13:05:35] [2026-08-28 13:05:35.937] [INFO] [DEBUG] OVERLAP SUL ACIONADO!

[13:05:35] [2026-08-28 13:05:35.954] [INFO] [DEBUG] OVERLAP SUL ACIONADO!

[13:05:35] [2026-08-28 13:05:35.971] [INFO] [DEBUG] OVERLAP SUL ACIONADO!

[13:05:35] [2026-08-28 13:05:35.987] [INFO] [DEBUG] OVERLAP SUL ACIONADO!

[13:05:35] [2026-08-28 13:05:36.004] [INFO] [DEBUG] OVERLAP SUL ACIONADO!

[13:05:36] [2026-08-28 13:05:36.021] [INFO] [DEBUG] OVERLAP SUL ACIONADO!

[13:05:36] [2026-08-28 13:05:36.037] [INFO] [DEBUG] OVERLAP SUL ACIONADO!

[13:05:36] [2026-08-28 13:05:36.055] [INFO] [DEBUG] OVERLAP SUL ACIONADO!

[13:05:36] [2026-08-28 13:05:36.071] [INFO] [DEBUG] OVERLAP SUL ACIONADO!

[13:05:36] [2026-08-28 13:05:36.088] [INFO] [DEBUG] OVERLAP SUL ACIONADO!

[13:05:36] [2026-08-28 13:05:36.104] [INFO] [DEBUG] OVERLAP SUL ACIONADO!

[13:05:36] [2026-08-28 13:05:36.121] [INFO] [DEBUG] OVERLAP SUL ACIONADO!

[13:05:36] [2026-08-28 13:05:36.137] [INFO] [DEBUG] OVERLAP SUL ACIONADO!

[13:05:36] [2026-08-28 13:05:36.154] [INFO] [DEBUG] OVERLAP SUL ACIONADO!

[13:05:36] [2026-08-28 13:05:36.171] [INFO] [DEBUG] OVERLAP SUL ACIONADO!

[13:30:50] [INIT] Logger inicializado e conectado ao Electron.
[13:30:51] [2026-08-28 13:30:51.264] [INFO] [PreloadScene] Assets procedurais provisórios gerados com sucesso.

[13:30:51] [2026-08-28 13:30:51.288] [INFO] [SaveManager] Progresso lido do LocalStorage.

[13:30:51] [2026-08-28 13:30:51.297] [INFO] [InputManager] InputManager acoplado à cena atual.

[13:30:51] [2026-08-28 13:30:51.301] [INFO] [MenuScene] Cena de Menu criada e inputs vinculados.

[13:31:42] [2026-08-28 13:31:42.052] [INFO] [MenuScene] Ação: Iniciar Novo Jogo (TavernScene)

[13:31:42] [2026-08-28 13:31:42.053] [INFO] [QuestManager] Progresso das missões resetado para novo jogo.

[13:31:42] [2026-08-28 13:31:42.053] [INPUT] [MenuScene] Key: KEY_EVENT -> Action: CONFIRM

[13:31:42] [2026-08-28 13:31:42.058] [INFO] [QuestManager] Banco de missões inicializado.

[13:31:42] [2026-08-28 13:31:42.097] [INFO] [InputManager] InputManager acoplado à cena atual.

[13:31:42] [2026-08-28 13:31:42.100] [INFO] [TavernScene] Ambiente da Taverna criado.

[13:31:43] [2026-08-28 13:31:43.284] [INPUT] [TavernScene] Key: KEY_EVENT -> Action: LEFT

[13:31:45] [2026-08-28 13:31:45.292] [INFO] [Intent] Input Z/ESPAÇO recebido: Iniciando interação com alvo [john_bardem].

[13:31:45] [2026-08-28 13:31:45.292] [DIALOGUE] [START] Speaker: John Bardem | "Fique frio e não faça movimentos bruscos."

[13:31:45] [2026-08-28 13:31:45.297] [INPUT] [TavernScene] Key: KEY_EVENT -> Action: CONFIRM

[13:31:45] [2026-08-28 13:31:45.500] [INFO] [Intent] Input Z/ESPAÇO recebido: Avançando ou finalizando caixa de diálogo atual.

[13:31:45] [2026-08-28 13:31:45.504] [INPUT] [TavernScene] Key: KEY_EVENT -> Action: CONFIRM

[13:31:45] [2026-08-28 13:31:45.684] [INFO] [Intent] Input Z/ESPAÇO recebido: Avançando ou finalizando caixa de diálogo atual.

[13:31:45] [2026-08-28 13:31:45.684] [DIALOGUE] [NEXT] Speaker: John Bardem | "Vê aquele mercenário perto da mesa? O que acha de agir?"

[13:31:45] [2026-08-28 13:31:45.685] [INPUT] [TavernScene] Key: KEY_EVENT -> Action: CONFIRM

[13:31:46] [2026-08-28 13:31:46.060] [INFO] [Intent] Input Z/ESPAÇO recebido: Avançando ou finalizando caixa de diálogo atual.

[13:31:46] [2026-08-28 13:31:46.065] [INPUT] [TavernScene] Key: KEY_EVENT -> Action: CONFIRM

[13:31:46] [2026-08-28 13:31:46.531] [INFO] [Intent] Input Z/ESPAÇO recebido: Avançando ou finalizando caixa de diálogo atual.

[13:31:46] [2026-08-28 13:31:46.532] [DIALOGUE] [CHOICE] Speaker: John Bardem | "[Positiva] Oferecer cobertura caso o mercenário reaja."

[13:31:46] [2026-08-28 13:31:46.532] [INPUT] [TavernScene] Key: KEY_EVENT -> Action: CONFIRM

[13:31:46] [2026-08-28 13:31:46.980] [INFO] [Intent] Input Z/ESPAÇO recebido: Avançando ou finalizando caixa de diálogo atual.

[13:31:46] [2026-08-28 13:31:46.981] [INPUT] [TavernScene] Key: KEY_EVENT -> Action: CONFIRM

[13:31:47] [2026-08-28 13:31:47.380] [INFO] [Intent] Input Z/ESPAÇO recebido: Avançando ou finalizando caixa de diálogo atual.

[13:31:47] [2026-08-28 13:31:47.380] [DIALOGUE] [END] Speaker: 

[13:31:47] [2026-08-28 13:31:47.380] [INPUT] [TavernScene] Key: KEY_EVENT -> Action: CONFIRM

[13:31:47] [2026-08-28 13:31:47.780] [INPUT] [TavernScene] Key: KEY_EVENT -> Action: UP

[13:31:49] [2026-08-28 13:31:49.363] [INPUT] [TavernScene] Key: KEY_EVENT -> Action: RIGHT

[13:31:49] [2026-08-28 13:31:49.876] [INFO] [Intent] Input Z/ESPAÇO recebido: Iniciando interação com alvo [veronica_stinfy].

[13:31:49] [2026-08-28 13:31:49.877] [DIALOGUE] [START] Speaker: Verônica Stinfy | "A magia abissal... Ela contorce a trama da realidade de formas interessantes."

[13:31:49] [2026-08-28 13:31:49.880] [INPUT] [TavernScene] Key: KEY_EVENT -> Action: CONFIRM

[13:31:50] [2026-08-28 13:31:50.092] [INFO] [Intent] Input Z/ESPAÇO recebido: Avançando ou finalizando caixa de diálogo atual.

[13:31:50] [2026-08-28 13:31:50.092] [INPUT] [TavernScene] Key: KEY_EVENT -> Action: CONFIRM

[13:31:50] [2026-08-28 13:31:50.364] [INFO] [Intent] Input Z/ESPAÇO recebido: Avançando ou finalizando caixa de diálogo atual.

[13:31:50] [2026-08-28 13:31:50.364] [DIALOGUE] [NEXT] Speaker: Verônica Stinfy | "O que você quer, meio-elfo?"

[13:31:50] [2026-08-28 13:31:50.365] [INPUT] [TavernScene] Key: KEY_EVENT -> Action: CONFIRM

[13:31:50] [2026-08-28 13:31:50.764] [INFO] [Intent] Input Z/ESPAÇO recebido: Avançando ou finalizando caixa de diálogo atual.

[13:31:50] [2026-08-28 13:31:50.767] [INPUT] [TavernScene] Key: KEY_EVENT -> Action: CONFIRM

[13:31:51] [2026-08-28 13:31:51.012] [INFO] [Intent] Input Z/ESPAÇO recebido: Avançando ou finalizando caixa de diálogo atual.

[13:31:51] [2026-08-28 13:31:51.012] [DIALOGUE] [CHOICE] Speaker: Verônica Stinfy | "[Positiva] Oferecer cooperação contra os cultistas."

[13:31:51] [2026-08-28 13:31:51.013] [INPUT] [TavernScene] Key: KEY_EVENT -> Action: CONFIRM

[13:31:51] [2026-08-28 13:31:51.412] [INFO] [Intent] Input Z/ESPAÇO recebido: Avançando ou finalizando caixa de diálogo atual.

[13:31:51] [2026-08-28 13:31:51.412] [INPUT] [TavernScene] Key: KEY_EVENT -> Action: CONFIRM

[13:31:51] [2026-08-28 13:31:51.716] [INFO] [Intent] Input Z/ESPAÇO recebido: Avançando ou finalizando caixa de diálogo atual.

[13:31:51] [2026-08-28 13:31:51.716] [DIALOGUE] [NEXT] Speaker: Verônica Stinfy | "Agora não me incomode. Estou trabalhando."

[13:31:51] [2026-08-28 13:31:51.716] [INPUT] [TavernScene] Key: KEY_EVENT -> Action: CONFIRM

[13:31:52] [2026-08-28 13:31:52.164] [INFO] [Intent] Input Z/ESPAÇO recebido: Avançando ou finalizando caixa de diálogo atual.

[13:31:52] [2026-08-28 13:31:52.165] [INPUT] [TavernScene] Key: KEY_EVENT -> Action: CONFIRM

[13:31:52] [2026-08-28 13:31:52.558] [INFO] [Intent] Input Z/ESPAÇO recebido: Avançando ou finalizando caixa de diálogo atual.

[13:31:52] [2026-08-28 13:31:52.558] [DIALOGUE] [END] Speaker: 

[13:31:52] [2026-08-28 13:31:52.558] [INPUT] [TavernScene] Key: KEY_EVENT -> Action: CONFIRM

[13:31:52] [2026-08-28 13:31:52.924] [INPUT] [TavernScene] Key: KEY_EVENT -> Action: RIGHT

[13:31:53] [2026-08-28 13:31:53.789] [INPUT] [TavernScene] Key: KEY_EVENT -> Action: UP

[13:31:54] [2026-08-28 13:31:54.477] [INFO] [Intent] Input Z/ESPAÇO recebido: Iniciando interação com alvo [hilda].

[13:31:54] [2026-08-28 13:31:54.481] [INPUT] [TavernScene] Key: KEY_EVENT -> Action: CONFIRM

[13:31:54] [2026-08-28 13:31:54.748] [INFO] [Intent] Input Z/ESPAÇO recebido: Avançando ou finalizando caixa de diálogo atual.

[13:31:54] [2026-08-28 13:31:54.748] [INFO] [InventoryManager] Item adicionado: potion_heal x1

[13:31:54] [2026-08-28 13:31:54.749] [INFO] [ShopUI] Comprou Poção de Vida por 20 PO

[13:31:54] [2026-08-28 13:31:54.749] [INPUT] [TavernScene] Key: KEY_EVENT -> Action: CONFIRM

[13:31:55] [2026-08-28 13:31:55.204] [INPUT] [TavernScene] Key: KEY_EVENT -> Action: DOWN

[13:31:55] [2026-08-28 13:31:55.412] [INPUT] [TavernScene] Key: KEY_EVENT -> Action: DOWN

[13:31:55] [2026-08-28 13:31:55.700] [INFO] [Intent] Input Z/ESPAÇO recebido: Avançando ou finalizando caixa de diálogo atual.

[13:31:55] [2026-08-28 13:31:55.700] [INPUT] [TavernScene] Key: KEY_EVENT -> Action: CONFIRM

[13:31:55] [2026-08-28 13:31:55.925] [INPUT] [TavernScene] Key: KEY_EVENT -> Action: RIGHT

[13:31:56] [2026-08-28 13:31:56.395] [INPUT] [TavernScene] Key: KEY_EVENT -> Action: DOWN

[13:31:57] [2026-08-28 13:31:57.364] [INFO] [Intent] Input Z/ESPAÇO recebido: Iniciando interação com alvo [traudon_alicia].

[13:31:57] [2026-08-28 13:31:57.364] [DIALOGUE] [START] Speaker: Traudon | "Ah... damascos em calda com cerveja, a perfeição da culinária anã! Não é mesmo, Alícia?"

[13:31:57] [2026-08-28 13:31:57.368] [INPUT] [TavernScene] Key: KEY_EVENT -> Action: CONFIRM

[13:31:57] [2026-08-28 13:31:57.732] [INFO] [Intent] Input Z/ESPAÇO recebido: Avançando ou finalizando caixa de diálogo atual.

[13:31:57] [2026-08-28 13:31:57.733] [INPUT] [TavernScene] Key: KEY_EVENT -> Action: CONFIRM

[13:31:57] [2026-08-28 13:31:57.958] [INFO] [Intent] Input Z/ESPAÇO recebido: Avançando ou finalizando caixa de diálogo atual.

[13:31:57] [2026-08-28 13:31:57.958] [DIALOGUE] [NEXT] Speaker: Alícia | "Você devia focar na sua magia, Traudon. Diga a ele, viajante."

[13:31:57] [2026-08-28 13:31:57.959] [INPUT] [TavernScene] Key: KEY_EVENT -> Action: CONFIRM

[13:31:58] [2026-08-28 13:31:58.267] [INFO] [Intent] Input Z/ESPAÇO recebido: Avançando ou finalizando caixa de diálogo atual.

[13:31:58] [2026-08-28 13:31:58.270] [INPUT] [TavernScene] Key: KEY_EVENT -> Action: CONFIRM

[13:31:58] [2026-08-28 13:31:58.700] [INFO] [Intent] Input Z/ESPAÇO recebido: Avançando ou finalizando caixa de diálogo atual.

[13:31:58] [2026-08-28 13:31:58.700] [DIALOGUE] [CHOICE] Speaker: Alícia | "[Positiva] Apreciar a melodia do alaúde de Alícia."

[13:31:58] [2026-08-28 13:31:58.701] [INPUT] [TavernScene] Key: KEY_EVENT -> Action: CONFIRM

[13:31:59] [2026-08-28 13:31:59.060] [INFO] [Intent] Input Z/ESPAÇO recebido: Avançando ou finalizando caixa de diálogo atual.

[13:31:59] [2026-08-28 13:31:59.060] [INPUT] [TavernScene] Key: KEY_EVENT -> Action: CONFIRM

[13:31:59] [2026-08-28 13:31:59.452] [INFO] [Intent] Input Z/ESPAÇO recebido: Avançando ou finalizando caixa de diálogo atual.

[13:31:59] [2026-08-28 13:31:59.453] [DIALOGUE] [NEXT] Speaker: Traudon | "Bah, não ligue para ela. Um druida anão retira seu poder da terra e dos doces!"

[13:31:59] [2026-08-28 13:31:59.454] [INPUT] [TavernScene] Key: KEY_EVENT -> Action: CONFIRM

[13:31:59] [2026-08-28 13:31:59.899] [INFO] [Intent] Input Z/ESPAÇO recebido: Avançando ou finalizando caixa de diálogo atual.

[13:31:59] [2026-08-28 13:31:59.900] [INPUT] [TavernScene] Key: KEY_EVENT -> Action: CONFIRM

[13:32:00] [2026-08-28 13:32:00.252] [INFO] [Intent] Input Z/ESPAÇO recebido: Avançando ou finalizando caixa de diálogo atual.

[13:32:00] [2026-08-28 13:32:00.252] [DIALOGUE] [END] Speaker: 

[13:32:00] [2026-08-28 13:32:00.253] [INPUT] [TavernScene] Key: KEY_EVENT -> Action: CONFIRM

[13:32:00] [2026-08-28 13:32:00.551] [INPUT] [TavernScene] Key: KEY_EVENT -> Action: LEFT

[13:32:00] [2026-08-28 13:32:00.852] [INPUT] [TavernScene] Key: KEY_EVENT -> Action: DOWN

[13:32:01] [2026-08-28 13:32:01.724] [INPUT] [TavernScene] Key: KEY_EVENT -> Action: RIGHT

[13:32:02] [2026-08-28 13:32:02.884] [INFO] [Intent] Input Z/ESPAÇO recebido: Iniciando interação com alvo [joseph_sylven].

[13:32:02] [2026-08-28 13:32:02.884] [DIALOGUE] [START] Speaker: Joseph Sylven | "Rhogar, meu rapaz. Vejo que a herança da sua mãe, a lâmina de Brentel, ainda pesa em suas costas."

[13:32:02] [2026-08-28 13:32:02.885] [INPUT] [TavernScene] Key: KEY_EVENT -> Action: CONFIRM

[13:32:03] [2026-08-28 13:32:03.277] [INFO] [Intent] Input Z/ESPAÇO recebido: Avançando ou finalizando caixa de diálogo atual.

[13:32:03] [2026-08-28 13:32:03.278] [INPUT] [TavernScene] Key: KEY_EVENT -> Action: CONFIRM

[13:32:03] [2026-08-28 13:32:03.651] [INFO] [Intent] Input Z/ESPAÇO recebido: Avançando ou finalizando caixa de diálogo atual.

[13:32:03] [2026-08-28 13:32:03.652] [DIALOGUE] [NEXT] Speaker: Joseph Sylven | "Aquela emboscada em Estayler ainda o assombra, não é? Lembre-se do que houve na carroça de escravos..."

[13:32:03] [2026-08-28 13:32:03.652] [INPUT] [TavernScene] Key: KEY_EVENT -> Action: CONFIRM

[13:32:04] [2026-08-28 13:32:04.092] [INFO] [Intent] Input Z/ESPAÇO recebido: Avançando ou finalizando caixa de diálogo atual.

[13:32:04] [2026-08-28 13:32:04.092] [INPUT] [TavernScene] Key: KEY_EVENT -> Action: CONFIRM

[13:32:04] [2026-08-28 13:32:04.574] [INFO] [Intent] Input Z/ESPAÇO recebido: Avançando ou finalizando caixa de diálogo atual.

[13:32:04] [2026-08-28 13:32:04.574] [DIALOGUE] [END] Speaker: 

[13:32:04] [2026-08-28 13:32:04.575] [INFO] [TavernScene] Rhogar lembrou do passado. Iniciando Flashback...

[13:32:04] [2026-08-28 13:32:04.575] [INPUT] [TavernScene] Key: KEY_EVENT -> Action: CONFIRM

[13:32:05] [2026-08-28 13:32:05.160] [DIALOGUE] [START] Speaker: Iksar | "Ora, ora... um draconato intrometido! Guardas, ensinem uma lição a esse lagarto!"

[13:32:06] [2026-08-28 13:32:06.132] [DIALOGUE] [NEXT] Speaker: Rhogar | "Solte a garota, Iksar. Essa covardia termina aqui!"

[13:32:06] [2026-08-28 13:32:06.476] [DIALOGUE] [END] Speaker: 

[13:32:07] [2026-08-28 13:32:07.038] [INFO] [BattleScene] Combate iniciado com suporte total a Teclado.

[13:32:07] [2026-08-28 13:32:07.039] [INFO] [InputManager] InputManager acoplado à cena atual.

[13:32:07] [2026-08-28 13:32:07.093] [INPUT] [BattleScene] Key: KEY_EVENT -> Action: CONFIRM

[13:32:07] [2026-08-28 13:32:07.502] [INFO] [Player] Rhogar Tordan atacou Guarda de Estayler A causando 18 de dano.

[13:32:07] [2026-08-28 13:32:07.513] [INPUT] [BattleScene] Key: KEY_EVENT -> Action: CONFIRM

[13:32:07] [2026-08-28 13:32:07.699] [INPUT] [BattleScene] Key: KEY_EVENT -> Action: CONFIRM

[13:32:07] [2026-08-28 13:32:07.868] [INPUT] [BattleScene] Key: KEY_EVENT -> Action: CONFIRM

[13:32:08] [2026-08-28 13:32:08.027] [INPUT] [BattleScene] Key: KEY_EVENT -> Action: CONFIRM

[13:32:08] [2026-08-28 13:32:08.189] [INPUT] [BattleScene] Key: KEY_EVENT -> Action: CONFIRM

[13:32:08] [2026-08-28 13:32:08.305] [INFO] [BattleScene] Turno dos Inimigos.

[13:32:08] [2026-08-28 13:32:08.305] [INFO] [Player] Rhogar Tordan sofreu 1 de dano e gerou fúria. HP: 119, Fúria: 25

[13:32:08] [2026-08-28 13:32:08.308] [INFO] [Player] Rhogar Tordan sofreu 1 de dano e gerou fúria. HP: 118, Fúria: 40

[13:32:08] [2026-08-28 13:32:08.357] [INPUT] [BattleScene] Key: KEY_EVENT -> Action: CONFIRM

[13:32:08] [2026-08-28 13:32:08.541] [INFO] [Player] Rhogar Tordan atacou Guarda de Estayler A causando 18 de dano.

[13:32:08] [2026-08-28 13:32:08.545] [INPUT] [BattleScene] Key: KEY_EVENT -> Action: CONFIRM

[13:32:08] [2026-08-28 13:32:08.691] [INPUT] [BattleScene] Key: KEY_EVENT -> Action: CONFIRM

[13:32:08] [2026-08-28 13:32:08.876] [INPUT] [BattleScene] Key: KEY_EVENT -> Action: CONFIRM

[13:32:09] [2026-08-28 13:32:09.076] [INPUT] [BattleScene] Key: KEY_EVENT -> Action: CONFIRM

[13:32:09] [2026-08-28 13:32:09.354] [INFO] [BattleScene] Turno dos Inimigos.

[13:32:09] [2026-08-28 13:32:09.355] [INFO] [Player] Rhogar Tordan sofreu 1 de dano e gerou fúria. HP: 117, Fúria: 65

[13:32:09] [2026-08-28 13:32:09.358] [INFO] [Player] Rhogar Tordan sofreu 1 de dano e gerou fúria. HP: 116, Fúria: 80

[13:32:10] [2026-08-28 13:32:10.207] [INPUT] [BattleScene] Key: KEY_EVENT -> Action: RIGHT

[13:32:10] [2026-08-28 13:32:10.580] [INPUT] [BattleScene] Key: KEY_EVENT -> Action: CONFIRM

[13:32:11] [2026-08-28 13:32:11.252] [INFO] [Player] Rhogar Tordan usou Sopro Elétrico em Guarda de Estayler A causando 45 de dano!

[13:32:11] [2026-08-28 13:32:11.260] [INPUT] [BattleScene] Key: KEY_EVENT -> Action: CONFIRM

[13:32:12] [2026-08-28 13:32:12.038] [INFO] [BattleScene] Turno dos Inimigos.

[13:32:12] [2026-08-28 13:32:12.038] [INFO] [Player] Rhogar Tordan sofreu 1 de dano e gerou fúria. HP: 115, Fúria: 45

[13:32:12] [2026-08-28 13:32:12.694] [INPUT] [BattleScene] Key: KEY_EVENT -> Action: LEFT

[13:32:13] [2026-08-28 13:32:13.060] [INPUT] [BattleScene] Key: KEY_EVENT -> Action: CONFIRM

[13:32:13] [2026-08-28 13:32:13.284] [INFO] [Player] Rhogar Tordan atacou Guarda de Estayler B causando 18 de dano.

[13:32:13] [2026-08-28 13:32:13.285] [INPUT] [BattleScene] Key: KEY_EVENT -> Action: CONFIRM

[13:32:13] [2026-08-28 13:32:13.484] [INPUT] [BattleScene] Key: KEY_EVENT -> Action: CONFIRM

[13:32:13] [2026-08-28 13:32:13.684] [INPUT] [BattleScene] Key: KEY_EVENT -> Action: CONFIRM

[13:32:13] [2026-08-28 13:32:13.932] [INPUT] [BattleScene] Key: KEY_EVENT -> Action: CONFIRM

[13:32:14] [2026-08-28 13:32:14.087] [INFO] [BattleScene] Turno dos Inimigos.

[13:32:14] [2026-08-28 13:32:14.088] [INFO] [Player] Rhogar Tordan sofreu 1 de dano e gerou fúria. HP: 114, Fúria: 70

[13:32:14] [2026-08-28 13:32:14.173] [INPUT] [BattleScene] Key: KEY_EVENT -> Action: CONFIRM

[13:32:14] [2026-08-28 13:32:14.363] [INFO] [Player] Rhogar Tordan atacou Guarda de Estayler B causando 18 de dano.

[13:32:14] [2026-08-28 13:32:14.364] [INPUT] [BattleScene] Key: KEY_EVENT -> Action: CONFIRM

[13:32:14] [2026-08-28 13:32:14.676] [INPUT] [BattleScene] Key: KEY_EVENT -> Action: CONFIRM

[13:32:14] [2026-08-28 13:32:14.948] [INPUT] [BattleScene] Key: KEY_EVENT -> Action: CONFIRM

[13:32:15] [2026-08-28 13:32:15.170] [INFO] [BattleScene] Turno dos Inimigos.

[13:32:15] [2026-08-28 13:32:15.171] [INFO] [Player] Rhogar Tordan sofreu 1 de dano e gerou fúria. HP: 113, Fúria: 95

[13:32:15] [2026-08-28 13:32:15.179] [INPUT] [BattleScene] Key: KEY_EVENT -> Action: CONFIRM

[13:32:15] [2026-08-28 13:32:15.379] [INFO] [Player] Rhogar Tordan atacou Guarda de Estayler B causando 18 de dano.

[13:32:15] [2026-08-28 13:32:15.380] [INFO] [BattleScene] Batalha vencida (Multi-Alvo)!

[13:32:15] [2026-08-28 13:32:15.384] [INPUT] [BattleScene] Key: KEY_EVENT -> Action: CONFIRM

[13:32:15] [2026-08-28 13:32:15.564] [INPUT] [BattleScene] Key: KEY_EVENT -> Action: CONFIRM

[13:32:15] [2026-08-28 13:32:15.948] [INPUT] [BattleScene] Key: KEY_EVENT -> Action: CONFIRM

[13:32:16] [2026-08-28 13:32:16.468] [INPUT] [BattleScene] Key: KEY_EVENT -> Action: CONFIRM

[13:32:17] [2026-08-28 13:32:17.407] [INFO] [RewardScene] Cena de Recompensa iniciada. Retorno agendado para: TavernScene

[13:32:17] [2026-08-28 13:32:17.417] [INFO] [SaveManager] Progresso salvo com sucesso via LocalStorage (Fallback).

[13:32:17] [2026-08-28 13:32:17.972] [INFO] [RewardScene] Retornando para a cena: TavernScene

[13:32:17] [2026-08-28 13:32:17.972] [QUEST] quest_01_flashback -> completed

[13:32:17] [2026-08-28 13:32:17.972] [QUEST] quest_02_temple -> active

[13:32:17] [2026-08-28 13:32:17.973] [INFO] [WorldManager] Iniciando transição: RewardScene -> TavernScene {"x":700,"y":480,"returnedFromFlashback":true,"battleOutcome":"victory"}

[13:32:18] [2026-08-28 13:32:18.311] [INFO] [InputManager] InputManager acoplado à cena atual.

[13:32:18] [2026-08-28 13:32:18.313] [INFO] [TavernScene] Ambiente da Taverna criado.

[13:32:18] [2026-08-28 13:32:18.314] [INFO] [TavernScene] Retornou do Flashback. Missões atualizadas.

[13:32:19] [2026-08-28 13:32:19.092] [INPUT] [TavernScene] Key: KEY_EVENT -> Action: LEFT

[13:32:19] [2026-08-28 13:32:19.635] [INPUT] [TavernScene] Key: KEY_EVENT -> Action: DOWN

[13:32:21] [2026-08-28 13:32:21.164] [INPUT] [TavernScene] Key: KEY_EVENT -> Action: DOWN

[13:32:21] [2026-08-28 13:32:21.221] [INFO] [WorldManager] Iniciando transição: TavernScene -> RastphenCityScene {"x":520,"y":880}

[13:32:21] [2026-08-28 13:32:21.537] [INFO] [WorldManager] Iniciando transição: TavernScene -> RastphenCityScene {"x":520,"y":880}

[13:32:21] [2026-08-28 13:32:21.555] [INFO] [RastphenCityScene] Renderizando mapa aberto da cidade.

[13:32:21] [2026-08-28 13:32:21.562] [INFO] [InputManager] InputManager acoplado à cena atual.

[13:36:27] [2026-08-28 13:36:27.740] [INPUT] [RastphenCityScene] Key: KEY_EVENT -> Action: RIGHT

[13:36:29] [2026-08-28 13:36:29.460] [INPUT] [RastphenCityScene] Key: KEY_EVENT -> Action: UP

[13:36:31] [2026-08-28 13:36:31.359] [INFO] [WorldManager] Iniciando transição: RastphenCityScene -> TempleScene {"x":400,"y":520}

[13:36:31] [2026-08-28 13:36:31.675] [INFO] [WorldManager] Iniciando transição: RastphenCityScene -> TempleScene {"x":400,"y":520}

[13:36:31] [2026-08-28 13:36:31.693] [INFO] [TempleScene] Renderizando Templo de Palmem.

[13:36:31] [2026-08-28 13:36:31.698] [INFO] [InputManager] InputManager acoplado à cena atual.

[13:36:32] [2026-08-28 13:36:32.110] [INPUT] [TempleScene] Key: KEY_EVENT -> Action: UP

[13:36:34] [2026-08-28 13:36:34.372] [INFO] [Intent] Input Z/ESPAÇO recebido: Iniciando interação com alvo [sacerdotisa_palmem].

[13:36:34] [2026-08-28 13:36:34.373] [DIALOGUE] [START] Speaker: Sacerdotisa | "O veneno arcano corrói o espírito de Gruther. Se não expurgarmos a fonte de magia negra no Bosque Cinzento, ele perecerá."

[13:36:34] [2026-08-28 13:36:34.374] [INPUT] [TempleScene] Key: KEY_EVENT -> Action: CONFIRM

[13:36:34] [2026-08-28 13:36:34.851] [INFO] [Intent] Input Z/ESPAÇO recebido: Avançando ou finalizando caixa de diálogo atual.

[13:36:34] [2026-08-28 13:36:34.853] [INPUT] [TempleScene] Key: KEY_EVENT -> Action: CONFIRM

[13:36:35] [2026-08-28 13:36:35.100] [INFO] [Intent] Input Z/ESPAÇO recebido: Avançando ou finalizando caixa de diálogo atual.

[13:36:35] [2026-08-28 13:36:35.100] [DIALOGUE] [END] Speaker: 

[13:36:35] [2026-08-28 13:36:35.100] [QUEST] quest_02_temple -> completed

[13:36:35] [2026-08-28 13:36:35.100] [QUEST] quest_03_investigate_farm -> active

[13:36:35] [2026-08-28 13:36:35.100] [INFO] [TempleScene] Quest "O Templo de Palmem" concluída! Nova Missão: Investigar a Fazenda.

[13:36:35] [2026-08-28 13:36:35.102] [INPUT] [TempleScene] Key: KEY_EVENT -> Action: CONFIRM

[13:36:35] [2026-08-28 13:36:35.572] [INPUT] [TempleScene] Key: KEY_EVENT -> Action: LEFT

[13:36:35] [2026-08-28 13:36:35.940] [INPUT] [TempleScene] Key: KEY_EVENT -> Action: UP

[13:36:36] [2026-08-28 13:36:36.324] [INFO] [Intent] Input Z/ESPAÇO recebido: Iniciando interação com alvo [gruther_leito].

[13:36:36] [2026-08-28 13:36:36.325] [DIALOGUE] [START] Speaker: Gruther | "As sombras... invadiram o celeiro. Um monstro de chifres. Eu ouvi o grito de Melissa... Salve-a..."

[13:36:36] [2026-08-28 13:36:36.327] [INPUT] [TempleScene] Key: KEY_EVENT -> Action: CONFIRM

[13:36:36] [2026-08-28 13:36:36.595] [INFO] [Intent] Input Z/ESPAÇO recebido: Avançando ou finalizando caixa de diálogo atual.

[13:36:36] [2026-08-28 13:36:36.596] [INPUT] [TempleScene] Key: KEY_EVENT -> Action: CONFIRM

[13:36:36] [2026-08-28 13:36:36.812] [INFO] [Intent] Input Z/ESPAÇO recebido: Avançando ou finalizando caixa de diálogo atual.

[13:36:36] [2026-08-28 13:36:36.812] [DIALOGUE] [END] Speaker: 

[13:36:36] [2026-08-28 13:36:36.812] [INPUT] [TempleScene] Key: KEY_EVENT -> Action: CONFIRM

[13:36:37] [2026-08-28 13:36:37.188] [INPUT] [TempleScene] Key: KEY_EVENT -> Action: DOWN

[13:36:37] [2026-08-28 13:36:37.372] [INPUT] [TempleScene] Key: KEY_EVENT -> Action: RIGHT

[13:36:39] [2026-08-28 13:36:39.008] [INFO] [WorldManager] Iniciando transição: TempleScene -> RastphenCityScene {"x":600,"y":220}

[13:36:39] [2026-08-28 13:36:39.325] [INFO] [WorldManager] Iniciando transição: TempleScene -> RastphenCityScene {"x":600,"y":220}

[13:36:39] [2026-08-28 13:36:39.342] [INFO] [RastphenCityScene] Renderizando mapa aberto da cidade.

[13:36:39] [2026-08-28 13:36:39.345] [INFO] [InputManager] InputManager acoplado à cena atual.

[13:36:39] [2026-08-28 13:36:39.428] [INPUT] [RastphenCityScene] Key: KEY_EVENT -> Action: DOWN

[13:36:40] [2026-08-28 13:36:40.067] [INPUT] [RastphenCityScene] Key: KEY_EVENT -> Action: RIGHT

[13:36:42] [2026-08-28 13:36:42.261] [INPUT] [RastphenCityScene] Key: KEY_EVENT -> Action: RIGHT

[13:36:44] [2026-08-28 13:36:44.956] [INPUT] [RastphenCityScene] Key: KEY_EVENT -> Action: LEFT

[13:36:45] [2026-08-28 13:36:45.542] [INFO] [RastphenCityScene] === GATE TRIGGERED! EXECUTION STARTED ===

[13:36:45] [2026-08-28 13:36:45.542] [INFO] [RastphenCityScene] Quest check: true

[13:36:45] [2026-08-28 13:36:45.543] [INFO] [RastphenCityScene] Iniciando WorldManager.transitionTo

[13:36:45] [2026-08-28 13:36:45.972] [INPUT] [RastphenCityScene] Key: KEY_EVENT -> Action: DOWN

[13:36:46] [2026-08-28 13:36:46.340] [INPUT] [RastphenCityScene] Key: KEY_EVENT -> Action: UP

[13:36:46] [2026-08-28 13:36:46.595] [INPUT] [RastphenCityScene] Key: KEY_EVENT -> Action: RIGHT

[13:36:46] [2026-08-28 13:36:46.916] [INPUT] [RastphenCityScene] Key: KEY_EVENT -> Action: DOWN

[13:36:47] [2026-08-28 13:36:47.524] [INPUT] [RastphenCityScene] Key: KEY_EVENT -> Action: UP

[13:36:48] [2026-08-28 13:36:48.004] [INPUT] [RastphenCityScene] Key: KEY_EVENT -> Action: LEFT

[13:36:48] [2026-08-28 13:36:48.235] [INPUT] [RastphenCityScene] Key: KEY_EVENT -> Action: DOWN

[13:36:49] [2026-08-28 13:36:49.796] [INPUT] [RastphenCityScene] Key: KEY_EVENT -> Action: DOWN

[13:36:50] [2026-08-28 13:36:50.179] [INPUT] [RastphenCityScene] Key: KEY_EVENT -> Action: LEFT

[13:36:51] [2026-08-28 13:36:51.019] [INPUT] [RastphenCityScene] Key: KEY_EVENT -> Action: UP

[13:36:51] [2026-08-28 13:36:51.235] [INPUT] [RastphenCityScene] Key: KEY_EVENT -> Action: RIGHT

[13:36:51] [2026-08-28 13:36:51.725] [INFO] [Intent] Input Z/ESPAÇO recebido: Nenhuma zona interativa próxima. Ação ignorada.

[13:36:51] [2026-08-28 13:36:51.725] [INPUT] [RastphenCityScene] Key: KEY_EVENT -> Action: CONFIRM

[13:36:52] [2026-08-28 13:36:52.076] [INPUT] [RastphenCityScene] Key: KEY_EVENT -> Action: DOWN

[13:36:52] [2026-08-28 13:36:52.428] [INFO] [Intent] Input Z/ESPAÇO recebido: Iniciando interação com alvo [guardas_muralha].

[13:36:52] [2026-08-28 13:36:52.428] [DIALOGUE] [START] Speaker: Guarda Telmer | "Atenção viajante. Criaturas estranhas foram vistas na Estrada Sul."

[13:36:52] [2026-08-28 13:36:52.430] [INPUT] [RastphenCityScene] Key: KEY_EVENT -> Action: CONFIRM

[13:36:52] [2026-08-28 13:36:52.619] [INFO] [Intent] Input Z/ESPAÇO recebido: Avançando ou finalizando caixa de diálogo atual.

[13:36:52] [2026-08-28 13:36:52.620] [INPUT] [RastphenCityScene] Key: KEY_EVENT -> Action: CONFIRM

[13:36:52] [2026-08-28 13:36:52.836] [INFO] [Intent] Input Z/ESPAÇO recebido: Avançando ou finalizando caixa de diálogo atual.

[13:36:52] [2026-08-28 13:36:52.836] [DIALOGUE] [NEXT] Speaker: Guarda Breno | "Tenha cuidado se for prosseguir. Os portões estão abertos para aventureiros."

[13:36:52] [2026-08-28 13:36:52.837] [INPUT] [RastphenCityScene] Key: KEY_EVENT -> Action: CONFIRM

[13:36:53] [2026-08-28 13:36:53.179] [INPUT] [RastphenCityScene] Key: KEY_EVENT -> Action: DOWN

[13:36:53] [2026-08-28 13:36:53.252] [INFO] [Intent] Input Z/ESPAÇO recebido: Avançando ou finalizando caixa de diálogo atual.

[13:36:53] [2026-08-28 13:36:53.253] [INPUT] [RastphenCityScene] Key: KEY_EVENT -> Action: CONFIRM

[13:36:53] [2026-08-28 13:36:53.628] [INFO] [Intent] Input Z/ESPAÇO recebido: Avançando ou finalizando caixa de diálogo atual.

[13:36:53] [2026-08-28 13:36:53.628] [DIALOGUE] [END] Speaker: 

[13:36:53] [2026-08-28 13:36:53.629] [INPUT] [RastphenCityScene] Key: KEY_EVENT -> Action: CONFIRM

[13:36:53] [2026-08-28 13:36:53.852] [INPUT] [RastphenCityScene] Key: KEY_EVENT -> Action: DOWN

[13:36:53] [2026-08-28 13:36:53.939] [INPUT] [RastphenCityScene] Key: KEY_EVENT -> Action: RIGHT

[13:36:54] [2026-08-28 13:36:54.564] [INPUT] [RastphenCityScene] Key: KEY_EVENT -> Action: RIGHT

[13:36:54] [2026-08-28 13:36:54.804] [INPUT] [RastphenCityScene] Key: KEY_EVENT -> Action: UP

[13:36:55] [2026-08-28 13:36:55.115] [INPUT] [RastphenCityScene] Key: KEY_EVENT -> Action: LEFT

[13:36:55] [2026-08-28 13:36:55.980] [INPUT] [RastphenCityScene] Key: KEY_EVENT -> Action: DOWN

[13:36:56] [2026-08-28 13:36:56.909] [INPUT] [RastphenCityScene] Key: KEY_EVENT -> Action: DOWN

[13:58:21] [INIT] Logger inicializado e conectado ao Electron.
[13:58:22] [2026-08-28 13:58:22.642] [INFO] [PreloadScene] Assets procedurais provisórios gerados com sucesso.

[13:58:22] [2026-08-28 13:58:22.664] [INFO] [SaveManager] Progresso lido do LocalStorage.

[13:58:22] [2026-08-28 13:58:22.672] [INFO] [InputManager] InputManager acoplado à cena atual.

[13:58:22] [2026-08-28 13:58:22.676] [INFO] [MenuScene] Cena de Menu criada e inputs vinculados.

[13:58:25] [2026-08-28 13:58:25.340] [INFO] [MenuScene] Ação: Iniciar Novo Jogo (TavernScene)

[13:58:25] [2026-08-28 13:58:25.340] [INFO] [QuestManager] Progresso das missões resetado para novo jogo.

[13:58:25] [2026-08-28 13:58:25.340] [INPUT] [MenuScene] Key: KEY_EVENT -> Action: CONFIRM

[13:58:25] [2026-08-28 13:58:25.350] [INFO] [QuestManager] Banco de missões inicializado.

[13:58:25] [2026-08-28 13:58:25.379] [INFO] [InputManager] InputManager acoplado à cena atual.

[13:58:25] [2026-08-28 13:58:25.384] [INFO] [TavernScene] Ambiente da Taverna criado.

[13:58:26] [2026-08-28 13:58:26.396] [INPUT] [TavernScene] Key: KEY_EVENT -> Action: LEFT

[13:58:28] [2026-08-28 13:58:28.236] [INFO] [Intent] Input Z/ESPAÇO recebido: Iniciando interação com alvo [john_bardem].

[13:58:28] [2026-08-28 13:58:28.236] [DIALOGUE] [START] Speaker: John Bardem | "Fique frio e não faça movimentos bruscos."

[13:58:28] [2026-08-28 13:58:28.240] [INPUT] [TavernScene] Key: KEY_EVENT -> Action: CONFIRM

[13:58:28] [2026-08-28 13:58:28.660] [INFO] [Intent] Input Z/ESPAÇO recebido: Avançando ou finalizando caixa de diálogo atual.

[13:58:28] [2026-08-28 13:58:28.664] [INPUT] [TavernScene] Key: KEY_EVENT -> Action: CONFIRM

[13:58:28] [2026-08-28 13:58:28.843] [INFO] [Intent] Input Z/ESPAÇO recebido: Avançando ou finalizando caixa de diálogo atual.

[13:58:28] [2026-08-28 13:58:28.843] [DIALOGUE] [NEXT] Speaker: John Bardem | "Vê aquele mercenário perto da mesa? O que acha de agir?"

[13:58:28] [2026-08-28 13:58:28.844] [INPUT] [TavernScene] Key: KEY_EVENT -> Action: CONFIRM

[13:58:29] [2026-08-28 13:58:29.019] [INFO] [Intent] Input Z/ESPAÇO recebido: Avançando ou finalizando caixa de diálogo atual.

[13:58:29] [2026-08-28 13:58:29.024] [INPUT] [TavernScene] Key: KEY_EVENT -> Action: CONFIRM

[13:58:29] [2026-08-28 13:58:29.203] [INFO] [Intent] Input Z/ESPAÇO recebido: Avançando ou finalizando caixa de diálogo atual.

[13:58:29] [2026-08-28 13:58:29.204] [DIALOGUE] [CHOICE] Speaker: John Bardem | "[Positiva] Oferecer cobertura caso o mercenário reaja."

[13:58:29] [2026-08-28 13:58:29.205] [INPUT] [TavernScene] Key: KEY_EVENT -> Action: CONFIRM

[13:58:29] [2026-08-28 13:58:29.572] [INFO] [Intent] Input Z/ESPAÇO recebido: Avançando ou finalizando caixa de diálogo atual.

[13:58:29] [2026-08-28 13:58:29.572] [INPUT] [TavernScene] Key: KEY_EVENT -> Action: CONFIRM

[13:58:29] [2026-08-28 13:58:29.924] [INFO] [Intent] Input Z/ESPAÇO recebido: Avançando ou finalizando caixa de diálogo atual.

[13:58:29] [2026-08-28 13:58:29.925] [DIALOGUE] [END] Speaker: 

[13:58:29] [2026-08-28 13:58:29.925] [INPUT] [TavernScene] Key: KEY_EVENT -> Action: CONFIRM

[13:58:30] [2026-08-28 13:58:30.317] [INPUT] [TavernScene] Key: KEY_EVENT -> Action: UP

[13:58:30] [2026-08-28 13:58:30.651] [INPUT] [TavernScene] Key: KEY_EVENT -> Action: LEFT

[13:58:31] [2026-08-28 13:58:31.350] [INPUT] [TavernScene] Key: KEY_EVENT -> Action: RIGHT

[13:58:32] [2026-08-28 13:58:32.452] [INPUT] [TavernScene] Key: KEY_EVENT -> Action: UP

[13:58:32] [2026-08-28 13:58:32.683] [INPUT] [TavernScene] Key: KEY_EVENT -> Action: RIGHT

[13:58:32] [2026-08-28 13:58:32.844] [INPUT] [TavernScene] Key: KEY_EVENT -> Action: RIGHT

[13:58:33] [2026-08-28 13:58:33.084] [INFO] [Intent] Input Z/ESPAÇO recebido: Iniciando interação com alvo [veronica_stinfy].

[13:58:33] [2026-08-28 13:58:33.084] [DIALOGUE] [START] Speaker: Verônica Stinfy | "A magia abissal... Ela contorce a trama da realidade de formas interessantes."

[13:58:33] [2026-08-28 13:58:33.087] [INPUT] [TavernScene] Key: KEY_EVENT -> Action: CONFIRM

[13:58:33] [2026-08-28 13:58:33.260] [INFO] [Intent] Input Z/ESPAÇO recebido: Avançando ou finalizando caixa de diálogo atual.

[13:58:33] [2026-08-28 13:58:33.261] [INPUT] [TavernScene] Key: KEY_EVENT -> Action: CONFIRM

[13:58:33] [2026-08-28 13:58:33.436] [INFO] [Intent] Input Z/ESPAÇO recebido: Avançando ou finalizando caixa de diálogo atual.

[13:58:33] [2026-08-28 13:58:33.436] [DIALOGUE] [NEXT] Speaker: Verônica Stinfy | "O que você quer, meio-elfo?"

[13:58:33] [2026-08-28 13:58:33.437] [INPUT] [TavernScene] Key: KEY_EVENT -> Action: CONFIRM

[13:58:33] [2026-08-28 13:58:33.612] [INFO] [Intent] Input Z/ESPAÇO recebido: Avançando ou finalizando caixa de diálogo atual.

[13:58:33] [2026-08-28 13:58:33.616] [INPUT] [TavernScene] Key: KEY_EVENT -> Action: CONFIRM

[13:58:33] [2026-08-28 13:58:33.787] [INFO] [Intent] Input Z/ESPAÇO recebido: Avançando ou finalizando caixa de diálogo atual.

[13:58:33] [2026-08-28 13:58:33.788] [DIALOGUE] [CHOICE] Speaker: Verônica Stinfy | "[Positiva] Oferecer cooperação contra os cultistas."

[13:58:33] [2026-08-28 13:58:33.789] [INPUT] [TavernScene] Key: KEY_EVENT -> Action: CONFIRM

[13:58:33] [2026-08-28 13:58:33.966] [INFO] [Intent] Input Z/ESPAÇO recebido: Avançando ou finalizando caixa de diálogo atual.

[13:58:33] [2026-08-28 13:58:33.967] [INPUT] [TavernScene] Key: KEY_EVENT -> Action: CONFIRM

[13:58:34] [2026-08-28 13:58:34.179] [INFO] [Intent] Input Z/ESPAÇO recebido: Avançando ou finalizando caixa de diálogo atual.

[13:58:34] [2026-08-28 13:58:34.180] [DIALOGUE] [NEXT] Speaker: Verônica Stinfy | "Agora não me incomode. Estou trabalhando."

[13:58:34] [2026-08-28 13:58:34.181] [INPUT] [TavernScene] Key: KEY_EVENT -> Action: CONFIRM

[13:58:34] [2026-08-28 13:58:34.523] [INFO] [Intent] Input Z/ESPAÇO recebido: Avançando ou finalizando caixa de diálogo atual.

[13:58:34] [2026-08-28 13:58:34.524] [INPUT] [TavernScene] Key: KEY_EVENT -> Action: CONFIRM

[13:58:34] [2026-08-28 13:58:34.940] [INFO] [Intent] Input Z/ESPAÇO recebido: Avançando ou finalizando caixa de diálogo atual.

[13:58:34] [2026-08-28 13:58:34.940] [DIALOGUE] [END] Speaker: 

[13:58:34] [2026-08-28 13:58:34.940] [INPUT] [TavernScene] Key: KEY_EVENT -> Action: CONFIRM

[13:58:35] [2026-08-28 13:58:35.204] [INPUT] [TavernScene] Key: KEY_EVENT -> Action: RIGHT

[13:58:35] [2026-08-28 13:58:35.382] [INPUT] [TavernScene] Key: KEY_EVENT -> Action: UP

[13:58:36] [2026-08-28 13:58:36.501] [INFO] [Intent] Input Z/ESPAÇO recebido: Iniciando interação com alvo [hilda].

[13:58:36] [2026-08-28 13:58:36.503] [INPUT] [TavernScene] Key: KEY_EVENT -> Action: CONFIRM

[13:58:36] [2026-08-28 13:58:36.862] [INPUT] [TavernScene] Key: KEY_EVENT -> Action: DOWN

[13:58:37] [2026-08-28 13:58:37.045] [INPUT] [TavernScene] Key: KEY_EVENT -> Action: DOWN

[13:58:37] [2026-08-28 13:58:37.284] [INFO] [Intent] Input Z/ESPAÇO recebido: Avançando ou finalizando caixa de diálogo atual.

[13:58:37] [2026-08-28 13:58:37.285] [INPUT] [TavernScene] Key: KEY_EVENT -> Action: CONFIRM

[13:58:37] [2026-08-28 13:58:37.484] [INPUT] [TavernScene] Key: KEY_EVENT -> Action: RIGHT

[13:58:37] [2026-08-28 13:58:37.740] [INPUT] [TavernScene] Key: KEY_EVENT -> Action: DOWN

[13:58:38] [2026-08-28 13:58:38.701] [INPUT] [TavernScene] Key: KEY_EVENT -> Action: UP

[13:58:38] [2026-08-28 13:58:38.950] [INPUT] [TavernScene] Key: KEY_EVENT -> Action: RIGHT

[13:58:39] [2026-08-28 13:58:39.364] [INPUT] [TavernScene] Key: KEY_EVENT -> Action: RIGHT

[13:58:39] [2026-08-28 13:58:39.556] [INPUT] [TavernScene] Key: KEY_EVENT -> Action: UP

[13:58:39] [2026-08-28 13:58:39.771] [INPUT] [TavernScene] Key: KEY_EVENT -> Action: RIGHT

[13:58:40] [2026-08-28 13:58:40.124] [INFO] [Intent] Input Z/ESPAÇO recebido: Iniciando interação com alvo [traudon_alicia].

[13:58:40] [2026-08-28 13:58:40.124] [DIALOGUE] [START] Speaker: Traudon | "Ah... damascos em calda com cerveja, a perfeição da culinária anã! Não é mesmo, Alícia?"

[13:58:40] [2026-08-28 13:58:40.128] [INPUT] [TavernScene] Key: KEY_EVENT -> Action: CONFIRM

[13:58:40] [2026-08-28 13:58:40.292] [INFO] [Intent] Input Z/ESPAÇO recebido: Avançando ou finalizando caixa de diálogo atual.

[13:58:40] [2026-08-28 13:58:40.293] [INPUT] [TavernScene] Key: KEY_EVENT -> Action: CONFIRM

[13:58:40] [2026-08-28 13:58:40.460] [INFO] [Intent] Input Z/ESPAÇO recebido: Avançando ou finalizando caixa de diálogo atual.

[13:58:40] [2026-08-28 13:58:40.460] [DIALOGUE] [NEXT] Speaker: Alícia | "Você devia focar na sua magia, Traudon. Diga a ele, viajante."

[13:58:40] [2026-08-28 13:58:40.462] [INPUT] [TavernScene] Key: KEY_EVENT -> Action: CONFIRM

[13:58:40] [2026-08-28 13:58:40.628] [INFO] [Intent] Input Z/ESPAÇO recebido: Avançando ou finalizando caixa de diálogo atual.

[13:58:40] [2026-08-28 13:58:40.634] [INPUT] [TavernScene] Key: KEY_EVENT -> Action: CONFIRM

[13:58:40] [2026-08-28 13:58:40.867] [INFO] [Intent] Input Z/ESPAÇO recebido: Avançando ou finalizando caixa de diálogo atual.

[13:58:40] [2026-08-28 13:58:40.868] [DIALOGUE] [CHOICE] Speaker: Alícia | "[Positiva] Apreciar a melodia do alaúde de Alícia."

[13:58:40] [2026-08-28 13:58:40.868] [INPUT] [TavernScene] Key: KEY_EVENT -> Action: CONFIRM

[13:58:41] [2026-08-28 13:58:41.268] [INFO] [Intent] Input Z/ESPAÇO recebido: Avançando ou finalizando caixa de diálogo atual.

[13:58:41] [2026-08-28 13:58:41.269] [INPUT] [TavernScene] Key: KEY_EVENT -> Action: CONFIRM

[13:58:41] [2026-08-28 13:58:41.661] [INFO] [Intent] Input Z/ESPAÇO recebido: Avançando ou finalizando caixa de diálogo atual.

[13:58:41] [2026-08-28 13:58:41.661] [DIALOGUE] [NEXT] Speaker: Traudon | "Bah, não ligue para ela. Um druida anão retira seu poder da terra e dos doces!"

[13:58:41] [2026-08-28 13:58:41.662] [INPUT] [TavernScene] Key: KEY_EVENT -> Action: CONFIRM

[13:58:41] [2026-08-28 13:58:41.908] [INPUT] [TavernScene] Key: KEY_EVENT -> Action: LEFT

[13:58:42] [2026-08-28 13:58:42.204] [INFO] [Intent] Input Z/ESPAÇO recebido: Avançando ou finalizando caixa de diálogo atual.

[13:58:42] [2026-08-28 13:58:42.204] [INPUT] [TavernScene] Key: KEY_EVENT -> Action: CONFIRM

[13:58:42] [2026-08-28 13:58:42.644] [INFO] [Intent] Input Z/ESPAÇO recebido: Avançando ou finalizando caixa de diálogo atual.

[13:58:42] [2026-08-28 13:58:42.645] [DIALOGUE] [END] Speaker: 

[13:58:42] [2026-08-28 13:58:42.645] [INPUT] [TavernScene] Key: KEY_EVENT -> Action: CONFIRM

[13:58:42] [2026-08-28 13:58:42.828] [INPUT] [TavernScene] Key: KEY_EVENT -> Action: LEFT

[13:58:43] [2026-08-28 13:58:43.060] [INPUT] [TavernScene] Key: KEY_EVENT -> Action: DOWN

[13:58:43] [2026-08-28 13:58:43.316] [INPUT] [TavernScene] Key: KEY_EVENT -> Action: RIGHT

[13:58:44] [2026-08-28 13:58:44.884] [INFO] [Intent] Input Z/ESPAÇO recebido: Iniciando interação com alvo [joseph_sylven].

[13:58:44] [2026-08-28 13:58:44.884] [DIALOGUE] [START] Speaker: Joseph Sylven | "Rhogar, meu rapaz. Vejo que a herança da sua mãe, a lâmina de Brentel, ainda pesa em suas costas."

[13:58:44] [2026-08-28 13:58:44.885] [INPUT] [TavernScene] Key: KEY_EVENT -> Action: CONFIRM

[13:58:45] [2026-08-28 13:58:45.084] [INFO] [Intent] Input Z/ESPAÇO recebido: Avançando ou finalizando caixa de diálogo atual.

[13:58:45] [2026-08-28 13:58:45.086] [INPUT] [TavernScene] Key: KEY_EVENT -> Action: CONFIRM

[13:58:45] [2026-08-28 13:58:45.308] [INFO] [Intent] Input Z/ESPAÇO recebido: Avançando ou finalizando caixa de diálogo atual.

[13:58:45] [2026-08-28 13:58:45.309] [DIALOGUE] [NEXT] Speaker: Joseph Sylven | "Aquela emboscada em Estayler ainda o assombra, não é? Lembre-se do que houve na carroça de escravos..."

[13:58:45] [2026-08-28 13:58:45.309] [INPUT] [TavernScene] Key: KEY_EVENT -> Action: CONFIRM

[13:58:45] [2026-08-28 13:58:45.635] [INFO] [Intent] Input Z/ESPAÇO recebido: Avançando ou finalizando caixa de diálogo atual.

[13:58:45] [2026-08-28 13:58:45.636] [INPUT] [TavernScene] Key: KEY_EVENT -> Action: CONFIRM

[13:58:45] [2026-08-28 13:58:45.924] [INFO] [Intent] Input Z/ESPAÇO recebido: Avançando ou finalizando caixa de diálogo atual.

[13:58:45] [2026-08-28 13:58:45.924] [DIALOGUE] [END] Speaker: 

[13:58:45] [2026-08-28 13:58:45.924] [INFO] [TavernScene] Rhogar lembrou do passado. Iniciando Flashback...

[13:58:45] [2026-08-28 13:58:45.924] [INPUT] [TavernScene] Key: KEY_EVENT -> Action: CONFIRM

[13:58:46] [2026-08-28 13:58:46.487] [DIALOGUE] [START] Speaker: Iksar | "Ora, ora... um draconato intrometido! Guardas, ensinem uma lição a esse lagarto!"

[13:58:47] [2026-08-28 13:58:47.060] [DIALOGUE] [NEXT] Speaker: Rhogar | "Solte a garota, Iksar. Essa covardia termina aqui!"

[13:58:47] [2026-08-28 13:58:47.388] [DIALOGUE] [END] Speaker: 

[13:58:47] [2026-08-28 13:58:47.966] [INFO] [BattleScene] Combate iniciado com suporte total a Teclado.

[13:58:47] [2026-08-28 13:58:47.966] [INFO] [InputManager] InputManager acoplado à cena atual.

[13:58:48] [2026-08-28 13:58:48.068] [INPUT] [BattleScene] Key: KEY_EVENT -> Action: CONFIRM

[13:58:48] [2026-08-28 13:58:48.236] [INFO] [Player] Rhogar Tordan atacou Guarda de Estayler A causando 18 de dano.

[13:58:48] [2026-08-28 13:58:48.242] [INPUT] [BattleScene] Key: KEY_EVENT -> Action: CONFIRM

[13:58:48] [2026-08-28 13:58:48.403] [INPUT] [BattleScene] Key: KEY_EVENT -> Action: CONFIRM

[13:58:48] [2026-08-28 13:58:48.572] [INPUT] [BattleScene] Key: KEY_EVENT -> Action: CONFIRM

[13:58:48] [2026-08-28 13:58:48.750] [INPUT] [BattleScene] Key: KEY_EVENT -> Action: CONFIRM

[13:58:48] [2026-08-28 13:58:48.924] [INPUT] [BattleScene] Key: KEY_EVENT -> Action: CONFIRM

[13:58:49] [2026-08-28 13:58:49.030] [INFO] [BattleScene] Turno dos Inimigos.

[13:58:49] [2026-08-28 13:58:49.031] [INFO] [Player] Rhogar Tordan sofreu 1 de dano e gerou fúria. HP: 119, Fúria: 25

[13:58:49] [2026-08-28 13:58:49.034] [INFO] [Player] Rhogar Tordan sofreu 1 de dano e gerou fúria. HP: 118, Fúria: 40

[13:58:49] [2026-08-28 13:58:49.091] [INPUT] [BattleScene] Key: KEY_EVENT -> Action: CONFIRM

[13:58:49] [2026-08-28 13:58:49.261] [INFO] [Player] Rhogar Tordan atacou Guarda de Estayler A causando 18 de dano.

[13:58:49] [2026-08-28 13:58:49.263] [INPUT] [BattleScene] Key: KEY_EVENT -> Action: CONFIRM

[13:58:49] [2026-08-28 13:58:49.429] [INPUT] [BattleScene] Key: KEY_EVENT -> Action: CONFIRM

[13:58:49] [2026-08-28 13:58:49.604] [INPUT] [BattleScene] Key: KEY_EVENT -> Action: CONFIRM

[13:58:49] [2026-08-28 13:58:49.812] [INPUT] [BattleScene] Key: KEY_EVENT -> Action: CONFIRM

[13:58:49] [2026-08-28 13:58:49.972] [INPUT] [BattleScene] Key: KEY_EVENT -> Action: CONFIRM

[13:58:50] [2026-08-28 13:58:50.047] [INFO] [BattleScene] Turno dos Inimigos.

[13:58:50] [2026-08-28 13:58:50.047] [INFO] [Player] Rhogar Tordan sofreu 1 de dano e gerou fúria. HP: 117, Fúria: 65

[13:58:50] [2026-08-28 13:58:50.049] [INFO] [Player] Rhogar Tordan sofreu 1 de dano e gerou fúria. HP: 116, Fúria: 80

[13:58:50] [2026-08-28 13:58:50.156] [INPUT] [BattleScene] Key: KEY_EVENT -> Action: CONFIRM

[13:58:50] [2026-08-28 13:58:50.340] [INFO] [Player] Rhogar Tordan atacou Guarda de Estayler A causando 18 de dano.

[13:58:50] [2026-08-28 13:58:50.341] [INPUT] [BattleScene] Key: KEY_EVENT -> Action: CONFIRM

[13:58:50] [2026-08-28 13:58:50.508] [INPUT] [BattleScene] Key: KEY_EVENT -> Action: CONFIRM

[13:58:50] [2026-08-28 13:58:50.716] [INPUT] [BattleScene] Key: KEY_EVENT -> Action: CONFIRM

[13:58:50] [2026-08-28 13:58:50.884] [INPUT] [BattleScene] Key: KEY_EVENT -> Action: CONFIRM

[13:58:51] [2026-08-28 13:58:51.067] [INPUT] [BattleScene] Key: KEY_EVENT -> Action: CONFIRM

[13:58:51] [2026-08-28 13:58:51.129] [INFO] [BattleScene] Turno dos Inimigos.

[13:58:51] [2026-08-28 13:58:51.130] [INFO] [Player] Rhogar Tordan sofreu 1 de dano e gerou fúria. HP: 115, Fúria: 100

[13:58:51] [2026-08-28 13:58:51.260] [INPUT] [BattleScene] Key: KEY_EVENT -> Action: CONFIRM

[13:58:51] [2026-08-28 13:58:51.452] [INFO] [Player] Rhogar Tordan atacou Guarda de Estayler B causando 18 de dano.

[13:58:51] [2026-08-28 13:58:51.453] [INPUT] [BattleScene] Key: KEY_EVENT -> Action: CONFIRM

[13:58:51] [2026-08-28 13:58:51.660] [INPUT] [BattleScene] Key: KEY_EVENT -> Action: CONFIRM

[13:58:51] [2026-08-28 13:58:51.861] [INPUT] [BattleScene] Key: KEY_EVENT -> Action: CONFIRM

[13:58:52] [2026-08-28 13:58:52.052] [INPUT] [BattleScene] Key: KEY_EVENT -> Action: CONFIRM

[13:58:52] [2026-08-28 13:58:52.252] [INPUT] [BattleScene] Key: KEY_EVENT -> Action: CONFIRM

[13:58:52] [2026-08-28 13:58:52.262] [INFO] [BattleScene] Turno dos Inimigos.

[13:58:52] [2026-08-28 13:58:52.263] [INFO] [Player] Rhogar Tordan sofreu 1 de dano e gerou fúria. HP: 114, Fúria: 100

[13:58:52] [2026-08-28 13:58:52.437] [INPUT] [BattleScene] Key: KEY_EVENT -> Action: CONFIRM

[13:58:52] [2026-08-28 13:58:52.660] [INFO] [Player] Rhogar Tordan atacou Guarda de Estayler B causando 18 de dano.

[13:58:52] [2026-08-28 13:58:52.663] [INPUT] [BattleScene] Key: KEY_EVENT -> Action: CONFIRM

[13:58:52] [2026-08-28 13:58:52.851] [INPUT] [BattleScene] Key: KEY_EVENT -> Action: CONFIRM

[13:58:53] [2026-08-28 13:58:53.044] [INPUT] [BattleScene] Key: KEY_EVENT -> Action: CONFIRM

[13:58:53] [2026-08-28 13:58:53.253] [INPUT] [BattleScene] Key: KEY_EVENT -> Action: CONFIRM

[13:58:53] [2026-08-28 13:58:53.444] [INPUT] [BattleScene] Key: KEY_EVENT -> Action: CONFIRM

[13:58:53] [2026-08-28 13:58:53.463] [INFO] [BattleScene] Turno dos Inimigos.

[13:58:53] [2026-08-28 13:58:53.463] [INFO] [Player] Rhogar Tordan sofreu 1 de dano e gerou fúria. HP: 113, Fúria: 100

[13:58:53] [2026-08-28 13:58:53.660] [INPUT] [BattleScene] Key: KEY_EVENT -> Action: CONFIRM

[13:58:53] [2026-08-28 13:58:53.844] [INFO] [Player] Rhogar Tordan atacou Guarda de Estayler B causando 18 de dano.

[13:58:53] [2026-08-28 13:58:53.847] [INFO] [BattleScene] Batalha vencida (Multi-Alvo)!

[13:58:53] [2026-08-28 13:58:53.853] [INPUT] [BattleScene] Key: KEY_EVENT -> Action: CONFIRM

[13:58:54] [2026-08-28 13:58:54.019] [INPUT] [BattleScene] Key: KEY_EVENT -> Action: CONFIRM

[13:58:54] [2026-08-28 13:58:54.220] [INPUT] [BattleScene] Key: KEY_EVENT -> Action: CONFIRM

[13:58:54] [2026-08-28 13:58:54.415] [INPUT] [BattleScene] Key: KEY_EVENT -> Action: CONFIRM

[13:58:54] [2026-08-28 13:58:54.867] [INPUT] [BattleScene] Key: KEY_EVENT -> Action: CONFIRM

[13:58:55] [2026-08-28 13:58:55.865] [INFO] [RewardScene] Cena de Recompensa iniciada. Retorno agendado para: TavernScene

[13:58:55] [2026-08-28 13:58:55.878] [INFO] [SaveManager] Progresso salvo com sucesso via LocalStorage (Fallback).

[13:58:56] [2026-08-28 13:58:56.533] [INFO] [RewardScene] Retornando para a cena: TavernScene

[13:58:56] [2026-08-28 13:58:56.533] [QUEST] quest_01_flashback -> completed

[13:58:56] [2026-08-28 13:58:56.533] [QUEST] quest_02_temple -> active

[13:58:56] [2026-08-28 13:58:56.534] [INFO] [WorldManager] Iniciando transição: RewardScene -> TavernScene {"x":700,"y":480,"returnedFromFlashback":true,"battleOutcome":"victory"}

[13:58:56] [2026-08-28 13:58:56.867] [INFO] [InputManager] InputManager acoplado à cena atual.

[13:58:56] [2026-08-28 13:58:56.868] [INFO] [TavernScene] Ambiente da Taverna criado.

[13:58:56] [2026-08-28 13:58:56.869] [INFO] [TavernScene] Retornou do Flashback. Missões atualizadas.

[13:58:57] [2026-08-28 13:58:57.635] [INPUT] [TavernScene] Key: KEY_EVENT -> Action: LEFT

[13:58:58] [2026-08-28 13:58:58.549] [INPUT] [TavernScene] Key: KEY_EVENT -> Action: DOWN

[13:58:59] [2026-08-28 13:58:59.063] [INFO] [WorldManager] Iniciando transição: TavernScene -> RastphenCityScene {"x":520,"y":880}

[13:58:59] [2026-08-28 13:58:59.380] [INFO] [WorldManager] Iniciando transição: TavernScene -> RastphenCityScene {"x":520,"y":880}

[13:58:59] [2026-08-28 13:58:59.397] [INFO] [RastphenCityScene] Renderizando mapa aberto da cidade.

[13:58:59] [2026-08-28 13:58:59.405] [INFO] [InputManager] InputManager acoplado à cena atual.

[13:59:00] [2026-08-28 13:59:00.093] [INPUT] [RastphenCityScene] Key: KEY_EVENT -> Action: RIGHT

[13:59:00] [2026-08-28 13:59:00.372] [INPUT] [RastphenCityScene] Key: KEY_EVENT -> Action: UP

[13:59:02] [2026-08-28 13:59:02.263] [INFO] [WorldManager] Iniciando transição: RastphenCityScene -> TempleScene {"x":400,"y":520}

[13:59:02] [2026-08-28 13:59:02.563] [INFO] [WorldManager] Iniciando transição: RastphenCityScene -> TempleScene {"x":400,"y":520}

[13:59:02] [2026-08-28 13:59:02.580] [INFO] [TempleScene] Renderizando Templo de Palmem.

[13:59:02] [2026-08-28 13:59:02.584] [INFO] [InputManager] InputManager acoplado à cena atual.

[13:59:02] [2026-08-28 13:59:02.597] [INPUT] [TempleScene] Key: KEY_EVENT -> Action: UP

[13:59:02] [2026-08-28 13:59:02.765] [INPUT] [TempleScene] Key: KEY_EVENT -> Action: UP

[13:59:04] [2026-08-28 13:59:04.204] [INFO] [Intent] Input Z/ESPAÇO recebido: Iniciando interação com alvo [sacerdotisa_palmem].

[13:59:04] [2026-08-28 13:59:04.205] [DIALOGUE] [START] Speaker: Sacerdotisa | "O veneno arcano corrói o espírito de Gruther. Se não expurgarmos a fonte de magia negra no Bosque Cinzento, ele perecerá."

[13:59:04] [2026-08-28 13:59:04.205] [INPUT] [TempleScene] Key: KEY_EVENT -> Action: CONFIRM

[13:59:04] [2026-08-28 13:59:04.692] [INFO] [Intent] Input Z/ESPAÇO recebido: Avançando ou finalizando caixa de diálogo atual.

[13:59:04] [2026-08-28 13:59:04.693] [INPUT] [TempleScene] Key: KEY_EVENT -> Action: CONFIRM

[13:59:04] [2026-08-28 13:59:04.949] [INFO] [Intent] Input Z/ESPAÇO recebido: Avançando ou finalizando caixa de diálogo atual.

[13:59:04] [2026-08-28 13:59:04.949] [DIALOGUE] [END] Speaker: 

[13:59:04] [2026-08-28 13:59:04.950] [QUEST] quest_02_temple -> completed

[13:59:04] [2026-08-28 13:59:04.950] [QUEST] quest_03_investigate_farm -> active

[13:59:04] [2026-08-28 13:59:04.950] [INFO] [TempleScene] Quest "O Templo de Palmem" concluída! Nova Missão: Investigar a Fazenda.

[13:59:04] [2026-08-28 13:59:04.954] [INPUT] [TempleScene] Key: KEY_EVENT -> Action: CONFIRM

[13:59:05] [2026-08-28 13:59:05.347] [INPUT] [TempleScene] Key: KEY_EVENT -> Action: LEFT

[13:59:06] [2026-08-28 13:59:06.052] [INFO] [Intent] Input Z/ESPAÇO recebido: Iniciando interação com alvo [gruther_leito].

[13:59:06] [2026-08-28 13:59:06.052] [DIALOGUE] [START] Speaker: Gruther | "As sombras... invadiram o celeiro. Um monstro de chifres. Eu ouvi o grito de Melissa... Salve-a..."

[13:59:06] [2026-08-28 13:59:06.053] [INPUT] [TempleScene] Key: KEY_EVENT -> Action: CONFIRM

[13:59:06] [2026-08-28 13:59:06.420] [INFO] [Intent] Input Z/ESPAÇO recebido: Avançando ou finalizando caixa de diálogo atual.

[13:59:06] [2026-08-28 13:59:06.420] [INPUT] [TempleScene] Key: KEY_EVENT -> Action: CONFIRM

[13:59:06] [2026-08-28 13:59:06.787] [INFO] [Intent] Input Z/ESPAÇO recebido: Avançando ou finalizando caixa de diálogo atual.

[13:59:06] [2026-08-28 13:59:06.787] [DIALOGUE] [END] Speaker: 

[13:59:06] [2026-08-28 13:59:06.788] [INPUT] [TempleScene] Key: KEY_EVENT -> Action: CONFIRM

[13:59:06] [2026-08-28 13:59:06.982] [INPUT] [TempleScene] Key: KEY_EVENT -> Action: DOWN

[13:59:07] [2026-08-28 13:59:07.397] [INPUT] [TempleScene] Key: KEY_EVENT -> Action: RIGHT

[13:59:08] [2026-08-28 13:59:08.580] [INFO] [WorldManager] Iniciando transição: TempleScene -> RastphenCityScene {"x":600,"y":220}

[13:59:08] [2026-08-28 13:59:08.880] [INFO] [WorldManager] Iniciando transição: TempleScene -> RastphenCityScene {"x":600,"y":220}

[13:59:08] [2026-08-28 13:59:08.896] [INFO] [RastphenCityScene] Renderizando mapa aberto da cidade.

[13:59:08] [2026-08-28 13:59:08.900] [INFO] [InputManager] InputManager acoplado à cena atual.

[13:59:09] [2026-08-28 13:59:09.077] [INPUT] [RastphenCityScene] Key: KEY_EVENT -> Action: DOWN

[13:59:09] [2026-08-28 13:59:09.581] [INPUT] [RastphenCityScene] Key: KEY_EVENT -> Action: RIGHT

[13:59:11] [2026-08-28 13:59:11.748] [INPUT] [RastphenCityScene] Key: KEY_EVENT -> Action: UP

[13:59:12] [2026-08-28 13:59:12.060] [INFO] [Intent] Input Z/ESPAÇO recebido: Iniciando interação com alvo [mercador_yanil].

[13:59:12] [2026-08-28 13:59:12.060] [DIALOGUE] [START] Speaker: Yânil | "Dizem que as ruínas do Bosque Cinzento despertaram novamente. Tenho suprimentos, se tiver ouro."

[13:59:12] [2026-08-28 13:59:12.061] [INPUT] [RastphenCityScene] Key: KEY_EVENT -> Action: CONFIRM

[13:59:12] [2026-08-28 13:59:12.340] [INFO] [Intent] Input Z/ESPAÇO recebido: Avançando ou finalizando caixa de diálogo atual.

[13:59:12] [2026-08-28 13:59:12.340] [INPUT] [RastphenCityScene] Key: KEY_EVENT -> Action: CONFIRM

[13:59:12] [2026-08-28 13:59:12.692] [INFO] [Intent] Input Z/ESPAÇO recebido: Avançando ou finalizando caixa de diálogo atual.

[13:59:12] [2026-08-28 13:59:12.693] [DIALOGUE] [END] Speaker: 

[13:59:12] [2026-08-28 13:59:12.693] [INPUT] [RastphenCityScene] Key: KEY_EVENT -> Action: CONFIRM

[13:59:12] [2026-08-28 13:59:12.835] [INPUT] [RastphenCityScene] Key: KEY_EVENT -> Action: DOWN

[13:59:16] [2026-08-28 13:59:16.955] [INPUT] [RastphenCityScene] Key: KEY_EVENT -> Action: UP

[13:59:17] [2026-08-28 13:59:17.515] [INPUT] [RastphenCityScene] Key: KEY_EVENT -> Action: LEFT

[13:59:18] [2026-08-28 13:59:18.044] [INFO] [Intent] Input Z/ESPAÇO recebido: Iniciando interação com alvo [guardas_muralha].

[13:59:18] [2026-08-28 13:59:18.044] [DIALOGUE] [START] Speaker: Guarda Telmer | "Atenção viajante. Criaturas estranhas foram vistas na Estrada Sul."

[13:59:18] [2026-08-28 13:59:18.045] [INPUT] [RastphenCityScene] Key: KEY_EVENT -> Action: CONFIRM

[13:59:18] [2026-08-28 13:59:18.516] [INFO] [Intent] Input Z/ESPAÇO recebido: Avançando ou finalizando caixa de diálogo atual.

[13:59:18] [2026-08-28 13:59:18.517] [INPUT] [RastphenCityScene] Key: KEY_EVENT -> Action: CONFIRM

[13:59:18] [2026-08-28 13:59:18.876] [INFO] [Intent] Input Z/ESPAÇO recebido: Avançando ou finalizando caixa de diálogo atual.

[13:59:18] [2026-08-28 13:59:18.876] [DIALOGUE] [NEXT] Speaker: Guarda Breno | "Tenha cuidado se for prosseguir. Os portões estão abertos para aventureiros."

[13:59:18] [2026-08-28 13:59:18.877] [INPUT] [RastphenCityScene] Key: KEY_EVENT -> Action: CONFIRM

[13:59:19] [2026-08-28 13:59:19.267] [INFO] [Intent] Input Z/ESPAÇO recebido: Avançando ou finalizando caixa de diálogo atual.

[13:59:19] [2026-08-28 13:59:19.268] [INPUT] [RastphenCityScene] Key: KEY_EVENT -> Action: CONFIRM

[13:59:19] [2026-08-28 13:59:19.604] [INFO] [Intent] Input Z/ESPAÇO recebido: Avançando ou finalizando caixa de diálogo atual.

[13:59:19] [2026-08-28 13:59:19.604] [DIALOGUE] [END] Speaker: 

[13:59:19] [2026-08-28 13:59:19.605] [INPUT] [RastphenCityScene] Key: KEY_EVENT -> Action: CONFIRM

[13:59:20] [2026-08-28 13:59:20.029] [INPUT] [RastphenCityScene] Key: KEY_EVENT -> Action: UP

[13:59:20] [2026-08-28 13:59:20.228] [INPUT] [RastphenCityScene] Key: KEY_EVENT -> Action: RIGHT

[13:59:20] [2026-08-28 13:59:20.692] [INPUT] [RastphenCityScene] Key: KEY_EVENT -> Action: DOWN

[13:59:21] [2026-08-28 13:59:21.708] [INPUT] [RastphenCityScene] Key: KEY_EVENT -> Action: DOWN

[14:03:20] [INIT] Logger inicializado e conectado ao Electron.
[14:03:21] [2026-08-28 14:03:21.501] [INFO] [PreloadScene] Assets procedurais provisórios gerados com sucesso.

[14:03:21] [2026-08-28 14:03:21.514] [INFO] [SaveManager] Progresso lido do LocalStorage.

[14:03:21] [2026-08-28 14:03:21.523] [INFO] [InputManager] InputManager acoplado à cena atual.

[14:03:21] [2026-08-28 14:03:21.526] [INFO] [MenuScene] Cena de Menu criada e inputs vinculados.

[14:03:26] [2026-08-28 14:03:26.273] [INPUT] [MenuScene] Key: KEY_EVENT -> Action: UP

[14:03:26] [2026-08-28 14:03:26.805] [INPUT] [MenuScene] Key: KEY_EVENT -> Action: UP

[14:03:27] [2026-08-28 14:03:27.069] [INFO] [MenuScene] Ação: Iniciar Novo Jogo (TavernScene)

[14:03:27] [2026-08-28 14:03:27.069] [INFO] [QuestManager] Progresso das missões resetado para novo jogo.

[14:03:27] [2026-08-28 14:03:27.070] [INPUT] [MenuScene] Key: KEY_EVENT -> Action: CONFIRM

[14:03:27] [2026-08-28 14:03:27.086] [INFO] [QuestManager] Banco de missões inicializado.

[14:03:27] [2026-08-28 14:03:27.113] [INFO] [InputManager] InputManager acoplado à cena atual.

[14:03:27] [2026-08-28 14:03:27.118] [INFO] [TavernScene] Ambiente da Taverna criado.

[14:03:27] [2026-08-28 14:03:27.571] [INFO] [Intent] Input Z/ESPAÇO recebido: Nenhuma zona interativa próxima. Ação ignorada.

[14:03:27] [2026-08-28 14:03:27.572] [INPUT] [TavernScene] Key: KEY_EVENT -> Action: CONFIRM

[14:03:27] [2026-08-28 14:03:27.971] [INPUT] [TavernScene] Key: KEY_EVENT -> Action: LEFT

[14:03:29] [2026-08-28 14:03:29.669] [INFO] [Intent] Input Z/ESPAÇO recebido: Iniciando interação com alvo [john_bardem].

[14:03:29] [2026-08-28 14:03:29.671] [DIALOGUE] [START] Speaker: John Bardem | "Fique frio e não faça movimentos bruscos."

[14:03:29] [2026-08-28 14:03:29.677] [INPUT] [TavernScene] Key: KEY_EVENT -> Action: CONFIRM

[14:03:30] [2026-08-28 14:03:30.148] [INFO] [Intent] Input Z/ESPAÇO recebido: Avançando ou finalizando caixa de diálogo atual.

[14:03:30] [2026-08-28 14:03:30.154] [INPUT] [TavernScene] Key: KEY_EVENT -> Action: CONFIRM

[14:03:30] [2026-08-28 14:03:30.339] [INFO] [Intent] Input Z/ESPAÇO recebido: Avançando ou finalizando caixa de diálogo atual.

[14:03:30] [2026-08-28 14:03:30.339] [DIALOGUE] [NEXT] Speaker: John Bardem | "Vê aquele mercenário perto da mesa? O que acha de agir?"

[14:03:30] [2026-08-28 14:03:30.340] [INPUT] [TavernScene] Key: KEY_EVENT -> Action: CONFIRM

[14:03:30] [2026-08-28 14:03:30.503] [INFO] [Intent] Input Z/ESPAÇO recebido: Avançando ou finalizando caixa de diálogo atual.

[14:03:30] [2026-08-28 14:03:30.514] [INPUT] [TavernScene] Key: KEY_EVENT -> Action: CONFIRM

[14:03:30] [2026-08-28 14:03:30.669] [INFO] [Intent] Input Z/ESPAÇO recebido: Avançando ou finalizando caixa de diálogo atual.

[14:03:30] [2026-08-28 14:03:30.669] [DIALOGUE] [CHOICE] Speaker: John Bardem | "[Positiva] Oferecer cobertura caso o mercenário reaja."

[14:03:30] [2026-08-28 14:03:30.670] [INPUT] [TavernScene] Key: KEY_EVENT -> Action: CONFIRM

[14:03:31] [2026-08-28 14:03:31.060] [INFO] [Intent] Input Z/ESPAÇO recebido: Avançando ou finalizando caixa de diálogo atual.

[14:03:31] [2026-08-28 14:03:31.060] [INPUT] [TavernScene] Key: KEY_EVENT -> Action: CONFIRM

[14:03:31] [2026-08-28 14:03:31.275] [INFO] [Intent] Input Z/ESPAÇO recebido: Avançando ou finalizando caixa de diálogo atual.

[14:03:31] [2026-08-28 14:03:31.276] [DIALOGUE] [END] Speaker: 

[14:03:31] [2026-08-28 14:03:31.276] [INPUT] [TavernScene] Key: KEY_EVENT -> Action: CONFIRM

[14:03:31] [2026-08-28 14:03:31.670] [INPUT] [TavernScene] Key: KEY_EVENT -> Action: UP

[14:03:33] [2026-08-28 14:03:33.100] [INPUT] [TavernScene] Key: KEY_EVENT -> Action: RIGHT

[14:03:33] [2026-08-28 14:03:33.732] [INFO] [Intent] Input Z/ESPAÇO recebido: Iniciando interação com alvo [veronica_stinfy].

[14:03:33] [2026-08-28 14:03:33.733] [DIALOGUE] [START] Speaker: Verônica Stinfy | "A magia abissal... Ela contorce a trama da realidade de formas interessantes."

[14:03:33] [2026-08-28 14:03:33.738] [INPUT] [TavernScene] Key: KEY_EVENT -> Action: CONFIRM

[14:03:33] [2026-08-28 14:03:33.907] [INFO] [Intent] Input Z/ESPAÇO recebido: Avançando ou finalizando caixa de diálogo atual.

[14:03:33] [2026-08-28 14:03:33.908] [INPUT] [TavernScene] Key: KEY_EVENT -> Action: CONFIRM

[14:03:34] [2026-08-28 14:03:34.075] [INFO] [Intent] Input Z/ESPAÇO recebido: Avançando ou finalizando caixa de diálogo atual.

[14:03:34] [2026-08-28 14:03:34.076] [DIALOGUE] [NEXT] Speaker: Verônica Stinfy | "O que você quer, meio-elfo?"

[14:03:34] [2026-08-28 14:03:34.076] [INPUT] [TavernScene] Key: KEY_EVENT -> Action: CONFIRM

[14:03:34] [2026-08-28 14:03:34.271] [INFO] [Intent] Input Z/ESPAÇO recebido: Avançando ou finalizando caixa de diálogo atual.

[14:03:34] [2026-08-28 14:03:34.278] [INPUT] [TavernScene] Key: KEY_EVENT -> Action: CONFIRM

[14:03:34] [2026-08-28 14:03:34.452] [INFO] [Intent] Input Z/ESPAÇO recebido: Avançando ou finalizando caixa de diálogo atual.

[14:03:34] [2026-08-28 14:03:34.452] [DIALOGUE] [CHOICE] Speaker: Verônica Stinfy | "[Positiva] Oferecer cooperação contra os cultistas."

[14:03:34] [2026-08-28 14:03:34.453] [INPUT] [TavernScene] Key: KEY_EVENT -> Action: CONFIRM

[14:03:34] [2026-08-28 14:03:34.947] [INFO] [Intent] Input Z/ESPAÇO recebido: Avançando ou finalizando caixa de diálogo atual.

[14:03:34] [2026-08-28 14:03:34.948] [INPUT] [TavernScene] Key: KEY_EVENT -> Action: CONFIRM

[14:03:35] [2026-08-28 14:03:35.388] [INFO] [Intent] Input Z/ESPAÇO recebido: Avançando ou finalizando caixa de diálogo atual.

[14:03:35] [2026-08-28 14:03:35.388] [DIALOGUE] [NEXT] Speaker: Verônica Stinfy | "Agora não me incomode. Estou trabalhando."

[14:03:35] [2026-08-28 14:03:35.389] [INPUT] [TavernScene] Key: KEY_EVENT -> Action: CONFIRM

[14:03:35] [2026-08-28 14:03:35.670] [INPUT] [TavernScene] Key: KEY_EVENT -> Action: UP

[14:03:35] [2026-08-28 14:03:35.932] [INFO] [Intent] Input Z/ESPAÇO recebido: Avançando ou finalizando caixa de diálogo atual.

[14:03:35] [2026-08-28 14:03:35.933] [INPUT] [TavernScene] Key: KEY_EVENT -> Action: CONFIRM

[14:03:36] [2026-08-28 14:03:36.308] [INFO] [Intent] Input Z/ESPAÇO recebido: Avançando ou finalizando caixa de diálogo atual.

[14:03:36] [2026-08-28 14:03:36.308] [DIALOGUE] [END] Speaker: 

[14:03:36] [2026-08-28 14:03:36.308] [INPUT] [TavernScene] Key: KEY_EVENT -> Action: CONFIRM

[14:03:36] [2026-08-28 14:03:36.532] [INPUT] [TavernScene] Key: KEY_EVENT -> Action: UP

[14:03:36] [2026-08-28 14:03:36.635] [INPUT] [TavernScene] Key: KEY_EVENT -> Action: RIGHT

[14:03:37] [2026-08-28 14:03:37.564] [INPUT] [TavernScene] Key: KEY_EVENT -> Action: RIGHT

[14:03:37] [2026-08-28 14:03:37.972] [INPUT] [TavernScene] Key: KEY_EVENT -> Action: DOWN

[14:03:37] [2026-08-28 14:03:37.995] [INPUT] [TavernScene] Key: KEY_EVENT -> Action: UP

[14:03:38] [2026-08-28 14:03:38.411] [INFO] [Intent] Input Z/ESPAÇO recebido: Iniciando interação com alvo [hilda].

[14:03:38] [2026-08-28 14:03:38.413] [INPUT] [TavernScene] Key: KEY_EVENT -> Action: CONFIRM

[14:03:38] [2026-08-28 14:03:38.571] [INFO] [Intent] Input Z/ESPAÇO recebido: Avançando ou finalizando caixa de diálogo atual.

[14:03:38] [2026-08-28 14:03:38.572] [INFO] [InventoryManager] Item adicionado: potion_heal x1

[14:03:38] [2026-08-28 14:03:38.572] [INFO] [ShopUI] Comprou Poção de Vida por 20 PO

[14:03:38] [2026-08-28 14:03:38.573] [INPUT] [TavernScene] Key: KEY_EVENT -> Action: CONFIRM

[14:03:38] [2026-08-28 14:03:38.755] [INFO] [Intent] Input Z/ESPAÇO recebido: Avançando ou finalizando caixa de diálogo atual.

[14:03:38] [2026-08-28 14:03:38.756] [INFO] [InventoryManager] Item adicionado: potion_heal x1

[14:03:38] [2026-08-28 14:03:38.756] [INFO] [ShopUI] Comprou Poção de Vida por 20 PO

[14:03:38] [2026-08-28 14:03:38.756] [INPUT] [TavernScene] Key: KEY_EVENT -> Action: CONFIRM

[14:03:39] [2026-08-28 14:03:39.124] [INPUT] [TavernScene] Key: KEY_EVENT -> Action: DOWN

[14:03:39] [2026-08-28 14:03:39.308] [INPUT] [TavernScene] Key: KEY_EVENT -> Action: DOWN

[14:03:39] [2026-08-28 14:03:39.644] [INFO] [Intent] Input Z/ESPAÇO recebido: Avançando ou finalizando caixa de diálogo atual.

[14:03:39] [2026-08-28 14:03:39.644] [INPUT] [TavernScene] Key: KEY_EVENT -> Action: CONFIRM

[14:03:39] [2026-08-28 14:03:39.876] [INPUT] [TavernScene] Key: KEY_EVENT -> Action: RIGHT

[14:03:40] [2026-08-28 14:03:40.452] [INPUT] [TavernScene] Key: KEY_EVENT -> Action: DOWN

[14:03:41] [2026-08-28 14:03:41.252] [INFO] [Intent] Input Z/ESPAÇO recebido: Iniciando interação com alvo [traudon_alicia].

[14:03:41] [2026-08-28 14:03:41.253] [DIALOGUE] [START] Speaker: Traudon | "Ah... damascos em calda com cerveja, a perfeição da culinária anã! Não é mesmo, Alícia?"

[14:03:41] [2026-08-28 14:03:41.258] [INPUT] [TavernScene] Key: KEY_EVENT -> Action: CONFIRM

[14:03:41] [2026-08-28 14:03:41.443] [INFO] [Intent] Input Z/ESPAÇO recebido: Avançando ou finalizando caixa de diálogo atual.

[14:03:41] [2026-08-28 14:03:41.445] [INPUT] [TavernScene] Key: KEY_EVENT -> Action: CONFIRM

[14:03:41] [2026-08-28 14:03:41.627] [INFO] [Intent] Input Z/ESPAÇO recebido: Avançando ou finalizando caixa de diálogo atual.

[14:03:41] [2026-08-28 14:03:41.627] [DIALOGUE] [NEXT] Speaker: Alícia | "Você devia focar na sua magia, Traudon. Diga a ele, viajante."

[14:03:41] [2026-08-28 14:03:41.629] [INPUT] [TavernScene] Key: KEY_EVENT -> Action: CONFIRM

[14:03:41] [2026-08-28 14:03:41.796] [INFO] [Intent] Input Z/ESPAÇO recebido: Avançando ou finalizando caixa de diálogo atual.

[14:03:41] [2026-08-28 14:03:41.802] [INPUT] [TavernScene] Key: KEY_EVENT -> Action: CONFIRM

[14:03:41] [2026-08-28 14:03:41.971] [INFO] [Intent] Input Z/ESPAÇO recebido: Avançando ou finalizando caixa de diálogo atual.

[14:03:41] [2026-08-28 14:03:41.972] [DIALOGUE] [CHOICE] Speaker: Alícia | "[Positiva] Apreciar a melodia do alaúde de Alícia."

[14:03:41] [2026-08-28 14:03:41.972] [INPUT] [TavernScene] Key: KEY_EVENT -> Action: CONFIRM

[14:03:42] [2026-08-28 14:03:42.260] [INFO] [Intent] Input Z/ESPAÇO recebido: Avançando ou finalizando caixa de diálogo atual.

[14:03:42] [2026-08-28 14:03:42.261] [INPUT] [TavernScene] Key: KEY_EVENT -> Action: CONFIRM

[14:03:42] [2026-08-28 14:03:42.491] [INFO] [Intent] Input Z/ESPAÇO recebido: Avançando ou finalizando caixa de diálogo atual.

[14:03:42] [2026-08-28 14:03:42.491] [DIALOGUE] [NEXT] Speaker: Traudon | "Bah, não ligue para ela. Um druida anão retira seu poder da terra e dos doces!"

[14:03:42] [2026-08-28 14:03:42.492] [INPUT] [TavernScene] Key: KEY_EVENT -> Action: CONFIRM

[14:03:42] [2026-08-28 14:03:42.701] [INFO] [Intent] Input Z/ESPAÇO recebido: Avançando ou finalizando caixa de diálogo atual.

[14:03:42] [2026-08-28 14:03:42.703] [INPUT] [TavernScene] Key: KEY_EVENT -> Action: CONFIRM

[14:03:42] [2026-08-28 14:03:42.902] [INFO] [Intent] Input Z/ESPAÇO recebido: Avançando ou finalizando caixa de diálogo atual.

[14:03:42] [2026-08-28 14:03:42.903] [DIALOGUE] [END] Speaker: 

[14:03:42] [2026-08-28 14:03:42.903] [INPUT] [TavernScene] Key: KEY_EVENT -> Action: CONFIRM

[14:03:43] [2026-08-28 14:03:43.285] [INPUT] [TavernScene] Key: KEY_EVENT -> Action: LEFT

[14:03:43] [2026-08-28 14:03:43.453] [INPUT] [TavernScene] Key: KEY_EVENT -> Action: DOWN

[14:03:44] [2026-08-28 14:03:44.037] [INPUT] [TavernScene] Key: KEY_EVENT -> Action: RIGHT

[14:03:45] [2026-08-28 14:03:45.171] [INFO] [Intent] Input Z/ESPAÇO recebido: Iniciando interação com alvo [joseph_sylven].

[14:03:45] [2026-08-28 14:03:45.172] [DIALOGUE] [START] Speaker: Joseph Sylven | "Rhogar, meu rapaz. Vejo que a herança da sua mãe, a lâmina de Brentel, ainda pesa em suas costas."

[14:03:45] [2026-08-28 14:03:45.173] [INPUT] [TavernScene] Key: KEY_EVENT -> Action: CONFIRM

[14:03:45] [2026-08-28 14:03:45.364] [INFO] [Intent] Input Z/ESPAÇO recebido: Avançando ou finalizando caixa de diálogo atual.

[14:03:45] [2026-08-28 14:03:45.365] [INPUT] [TavernScene] Key: KEY_EVENT -> Action: CONFIRM

[14:03:45] [2026-08-28 14:03:45.547] [INFO] [Intent] Input Z/ESPAÇO recebido: Avançando ou finalizando caixa de diálogo atual.

[14:03:45] [2026-08-28 14:03:45.547] [DIALOGUE] [NEXT] Speaker: Joseph Sylven | "Aquela emboscada em Estayler ainda o assombra, não é? Lembre-se do que houve na carroça de escravos..."

[14:03:45] [2026-08-28 14:03:45.548] [INPUT] [TavernScene] Key: KEY_EVENT -> Action: CONFIRM

[14:03:45] [2026-08-28 14:03:45.731] [INFO] [Intent] Input Z/ESPAÇO recebido: Avançando ou finalizando caixa de diálogo atual.

[14:03:45] [2026-08-28 14:03:45.733] [INPUT] [TavernScene] Key: KEY_EVENT -> Action: CONFIRM

[14:03:45] [2026-08-28 14:03:45.891] [INFO] [Intent] Input Z/ESPAÇO recebido: Avançando ou finalizando caixa de diálogo atual.

[14:03:45] [2026-08-28 14:03:45.891] [DIALOGUE] [END] Speaker: 

[14:03:45] [2026-08-28 14:03:45.891] [INFO] [TavernScene] Rhogar lembrou do passado. Iniciando Flashback...

[14:03:45] [2026-08-28 14:03:45.892] [INPUT] [TavernScene] Key: KEY_EVENT -> Action: CONFIRM

[14:03:46] [2026-08-28 14:03:46.052] [INFO] [Intent] Input Z/ESPAÇO recebido: Iniciando interação com alvo [joseph_sylven].

[14:03:46] [2026-08-28 14:03:46.053] [DIALOGUE] [START] Speaker: Joseph Sylven | "Rhogar, meu rapaz. Vejo que a herança da sua mãe, a lâmina de Brentel, ainda pesa em suas costas."

[14:03:46] [2026-08-28 14:03:46.053] [INPUT] [TavernScene] Key: KEY_EVENT -> Action: CONFIRM

[14:03:46] [2026-08-28 14:03:46.220] [INFO] [Intent] Input Z/ESPAÇO recebido: Avançando ou finalizando caixa de diálogo atual.

[14:03:46] [2026-08-28 14:03:46.221] [INPUT] [TavernScene] Key: KEY_EVENT -> Action: CONFIRM

[14:03:46] [2026-08-28 14:03:46.388] [INFO] [Intent] Input Z/ESPAÇO recebido: Avançando ou finalizando caixa de diálogo atual.

[14:03:46] [2026-08-28 14:03:46.388] [DIALOGUE] [NEXT] Speaker: Joseph Sylven | "Aquela emboscada em Estayler ainda o assombra, não é? Lembre-se do que houve na carroça de escravos..."

[14:03:46] [2026-08-28 14:03:46.389] [INPUT] [TavernScene] Key: KEY_EVENT -> Action: CONFIRM

[14:03:46] [2026-08-28 14:03:46.453] [DIALOGUE] [START] Speaker: Iksar | "Ora, ora... um draconato intrometido! Guardas, ensinem uma lição a esse lagarto!"

[14:03:46] [2026-08-28 14:03:46.740] [DIALOGUE] [NEXT] Speaker: Rhogar | "Solte a garota, Iksar. Essa covardia termina aqui!"

[14:03:47] [2026-08-28 14:03:47.091] [DIALOGUE] [END] Speaker: 

[14:03:47] [2026-08-28 14:03:47.666] [INFO] [BattleScene] Combate iniciado com suporte total a Teclado.

[14:03:47] [2026-08-28 14:03:47.667] [INFO] [InputManager] InputManager acoplado à cena atual.

[14:03:47] [2026-08-28 14:03:47.812] [INPUT] [BattleScene] Key: KEY_EVENT -> Action: CONFIRM

[14:03:47] [2026-08-28 14:03:47.980] [INFO] [Player] Rhogar Tordan atacou Guarda de Estayler A causando 18 de dano.

[14:03:47] [2026-08-28 14:03:47.989] [INPUT] [BattleScene] Key: KEY_EVENT -> Action: CONFIRM

[14:03:48] [2026-08-28 14:03:48.139] [INPUT] [BattleScene] Key: KEY_EVENT -> Action: CONFIRM

[14:03:48] [2026-08-28 14:03:48.308] [INPUT] [BattleScene] Key: KEY_EVENT -> Action: CONFIRM

[14:03:48] [2026-08-28 14:03:48.475] [INPUT] [BattleScene] Key: KEY_EVENT -> Action: CONFIRM

[14:03:48] [2026-08-28 14:03:48.644] [INPUT] [BattleScene] Key: KEY_EVENT -> Action: CONFIRM

[14:03:48] [2026-08-28 14:03:48.766] [INFO] [BattleScene] Turno dos Inimigos.

[14:03:48] [2026-08-28 14:03:48.767] [INFO] [Player] Rhogar Tordan sofreu 1 de dano e gerou fúria. HP: 119, Fúria: 25

[14:03:48] [2026-08-28 14:03:48.769] [INFO] [Player] Rhogar Tordan sofreu 1 de dano e gerou fúria. HP: 118, Fúria: 40

[14:03:48] [2026-08-28 14:03:48.811] [INPUT] [BattleScene] Key: KEY_EVENT -> Action: CONFIRM

[14:03:48] [2026-08-28 14:03:48.987] [INFO] [Player] Rhogar Tordan atacou Guarda de Estayler A causando 18 de dano.

[14:03:48] [2026-08-28 14:03:48.989] [INPUT] [BattleScene] Key: KEY_EVENT -> Action: CONFIRM

[14:03:49] [2026-08-28 14:03:49.171] [INPUT] [BattleScene] Key: KEY_EVENT -> Action: CONFIRM

[14:03:49] [2026-08-28 14:03:49.332] [INPUT] [BattleScene] Key: KEY_EVENT -> Action: CONFIRM

[14:03:49] [2026-08-28 14:03:49.517] [INPUT] [BattleScene] Key: KEY_EVENT -> Action: CONFIRM

[14:03:49] [2026-08-28 14:03:49.691] [INPUT] [BattleScene] Key: KEY_EVENT -> Action: CONFIRM

[14:03:49] [2026-08-28 14:03:49.783] [INFO] [BattleScene] Turno dos Inimigos.

[14:03:49] [2026-08-28 14:03:49.783] [INFO] [Player] Rhogar Tordan sofreu 1 de dano e gerou fúria. HP: 117, Fúria: 65

[14:03:49] [2026-08-28 14:03:49.785] [INFO] [Player] Rhogar Tordan sofreu 1 de dano e gerou fúria. HP: 116, Fúria: 80

[14:03:49] [2026-08-28 14:03:49.885] [INPUT] [BattleScene] Key: KEY_EVENT -> Action: CONFIRM

[14:03:50] [2026-08-28 14:03:50.076] [INFO] [Player] Rhogar Tordan atacou Guarda de Estayler A causando 18 de dano.

[14:03:50] [2026-08-28 14:03:50.077] [INPUT] [BattleScene] Key: KEY_EVENT -> Action: CONFIRM

[14:03:50] [2026-08-28 14:03:50.268] [INPUT] [BattleScene] Key: KEY_EVENT -> Action: CONFIRM

[14:03:50] [2026-08-28 14:03:50.476] [INPUT] [BattleScene] Key: KEY_EVENT -> Action: CONFIRM

[14:03:50] [2026-08-28 14:03:50.668] [INPUT] [BattleScene] Key: KEY_EVENT -> Action: CONFIRM

[14:03:50] [2026-08-28 14:03:50.860] [INPUT] [BattleScene] Key: KEY_EVENT -> Action: CONFIRM

[14:03:50] [2026-08-28 14:03:50.882] [INFO] [BattleScene] Turno dos Inimigos.

[14:03:50] [2026-08-28 14:03:50.882] [INFO] [Player] Rhogar Tordan sofreu 1 de dano e gerou fúria. HP: 115, Fúria: 100

[14:03:51] [2026-08-28 14:03:51.059] [INPUT] [BattleScene] Key: KEY_EVENT -> Action: CONFIRM

[14:03:51] [2026-08-28 14:03:51.260] [INFO] [Player] Rhogar Tordan atacou Guarda de Estayler B causando 18 de dano.

[14:03:51] [2026-08-28 14:03:51.261] [INPUT] [BattleScene] Key: KEY_EVENT -> Action: CONFIRM

[14:03:51] [2026-08-28 14:03:51.443] [INPUT] [BattleScene] Key: KEY_EVENT -> Action: CONFIRM

[14:03:51] [2026-08-28 14:03:51.636] [INPUT] [BattleScene] Key: KEY_EVENT -> Action: CONFIRM

[14:03:52] [2026-08-28 14:03:52.036] [INPUT] [BattleScene] Key: KEY_EVENT -> Action: CONFIRM

[14:03:52] [2026-08-28 14:03:52.065] [INFO] [BattleScene] Turno dos Inimigos.

[14:03:52] [2026-08-28 14:03:52.066] [INFO] [Player] Rhogar Tordan sofreu 1 de dano e gerou fúria. HP: 114, Fúria: 100

[14:03:52] [2026-08-28 14:03:52.452] [INPUT] [BattleScene] Key: KEY_EVENT -> Action: CONFIRM

[14:03:52] [2026-08-28 14:03:52.763] [INFO] [Player] Rhogar Tordan atacou Guarda de Estayler B causando 18 de dano.

[14:03:52] [2026-08-28 14:03:52.764] [INPUT] [BattleScene] Key: KEY_EVENT -> Action: CONFIRM

[14:03:53] [2026-08-28 14:03:53.036] [INPUT] [BattleScene] Key: KEY_EVENT -> Action: CONFIRM

[14:03:53] [2026-08-28 14:03:53.291] [INPUT] [BattleScene] Key: KEY_EVENT -> Action: CONFIRM

[14:03:53] [2026-08-28 14:03:53.547] [INPUT] [BattleScene] Key: KEY_EVENT -> Action: CONFIRM

[14:03:53] [2026-08-28 14:03:53.565] [INFO] [BattleScene] Turno dos Inimigos.

[14:03:53] [2026-08-28 14:03:53.566] [INFO] [Player] Rhogar Tordan sofreu 1 de dano e gerou fúria. HP: 113, Fúria: 100

[14:03:54] [2026-08-28 14:03:54.555] [INPUT] [BattleScene] Key: KEY_EVENT -> Action: CONFIRM

[14:03:55] [2026-08-28 14:03:55.260] [INFO] [Player] Rhogar Tordan atacou Guarda de Estayler B causando 18 de dano.

[14:03:55] [2026-08-28 14:03:55.261] [INFO] [BattleScene] Batalha vencida (Multi-Alvo)!

[14:03:55] [2026-08-28 14:03:55.268] [INPUT] [BattleScene] Key: KEY_EVENT -> Action: CONFIRM

[14:03:55] [2026-08-28 14:03:55.868] [INPUT] [BattleScene] Key: KEY_EVENT -> Action: CONFIRM

[14:03:57] [2026-08-28 14:03:57.300] [INFO] [RewardScene] Cena de Recompensa iniciada. Retorno agendado para: TavernScene

[14:03:57] [2026-08-28 14:03:57.316] [INFO] [SaveManager] Progresso salvo com sucesso via LocalStorage (Fallback).

[14:03:57] [2026-08-28 14:03:57.917] [INFO] [RewardScene] Retornando para a cena: TavernScene

[14:03:57] [2026-08-28 14:03:57.918] [QUEST] quest_01_flashback -> completed

[14:03:57] [2026-08-28 14:03:57.918] [QUEST] quest_02_temple -> active

[14:03:57] [2026-08-28 14:03:57.919] [INFO] [WorldManager] Iniciando transição: RewardScene -> TavernScene {"x":700,"y":480,"returnedFromFlashback":true,"battleOutcome":"victory"}

[14:03:58] [2026-08-28 14:03:58.237] [INFO] [InputManager] InputManager acoplado à cena atual.

[14:03:58] [2026-08-28 14:03:58.239] [INFO] [TavernScene] Ambiente da Taverna criado.

[14:03:58] [2026-08-28 14:03:58.240] [INFO] [TavernScene] Retornou do Flashback. Missões atualizadas.

[14:03:59] [2026-08-28 14:03:59.027] [INFO] [Intent] Input Z/ESPAÇO recebido: Iniciando interação com alvo [joseph_sylven].

[14:03:59] [2026-08-28 14:03:59.028] [DIALOGUE] [START] Speaker: Joseph Sylven | "Superamos aquele cerco com honra. Agora as muralhas nos esperam."

[14:03:59] [2026-08-28 14:03:59.028] [INPUT] [TavernScene] Key: KEY_EVENT -> Action: CONFIRM

[14:03:59] [2026-08-28 14:03:59.427] [INFO] [Intent] Input Z/ESPAÇO recebido: Avançando ou finalizando caixa de diálogo atual.

[14:03:59] [2026-08-28 14:03:59.428] [INPUT] [TavernScene] Key: KEY_EVENT -> Action: CONFIRM

[14:03:59] [2026-08-28 14:03:59.851] [INFO] [Intent] Input Z/ESPAÇO recebido: Avançando ou finalizando caixa de diálogo atual.

[14:03:59] [2026-08-28 14:03:59.852] [DIALOGUE] [NEXT] Speaker: Joseph Sylven | "As muralhas de Rastphen levam à Estrada Sul. Vá, os portões sul foram abertos."

[14:03:59] [2026-08-28 14:03:59.852] [INPUT] [TavernScene] Key: KEY_EVENT -> Action: CONFIRM

[14:04:00] [2026-08-28 14:04:00.268] [INFO] [Intent] Input Z/ESPAÇO recebido: Avançando ou finalizando caixa de diálogo atual.

[14:04:00] [2026-08-28 14:04:00.270] [INPUT] [TavernScene] Key: KEY_EVENT -> Action: CONFIRM

[14:04:00] [2026-08-28 14:04:00.691] [INFO] [Intent] Input Z/ESPAÇO recebido: Avançando ou finalizando caixa de diálogo atual.

[14:04:00] [2026-08-28 14:04:00.692] [DIALOGUE] [END] Speaker: 

[14:04:00] [2026-08-28 14:04:00.692] [INPUT] [TavernScene] Key: KEY_EVENT -> Action: CONFIRM

[14:04:00] [2026-08-28 14:04:00.996] [INPUT] [TavernScene] Key: KEY_EVENT -> Action: LEFT

[14:04:01] [2026-08-28 14:04:01.764] [INPUT] [TavernScene] Key: KEY_EVENT -> Action: DOWN

[14:04:02] [2026-08-28 14:04:02.860] [INPUT] [TavernScene] Key: KEY_EVENT -> Action: DOWN

[14:04:02] [2026-08-28 14:04:02.915] [INFO] [WorldManager] Iniciando transição: TavernScene -> RastphenCityScene {"x":520,"y":880}

[14:04:03] [2026-08-28 14:04:03.232] [INFO] [WorldManager] Iniciando transição: TavernScene -> RastphenCityScene {"x":520,"y":880}

[14:04:03] [2026-08-28 14:04:03.249] [INFO] [RastphenCityScene] Renderizando mapa aberto da cidade.

[14:04:03] [2026-08-28 14:04:03.258] [INFO] [InputManager] InputManager acoplado à cena atual.

[14:04:03] [2026-08-28 14:04:03.428] [INPUT] [RastphenCityScene] Key: KEY_EVENT -> Action: RIGHT

[14:04:03] [2026-08-28 14:04:03.748] [INPUT] [RastphenCityScene] Key: KEY_EVENT -> Action: UP

[14:04:05] [2026-08-28 14:04:05.648] [INFO] [WorldManager] Iniciando transição: RastphenCityScene -> TempleScene {"x":400,"y":520}

[14:04:05] [2026-08-28 14:04:05.965] [INFO] [WorldManager] Iniciando transição: RastphenCityScene -> TempleScene {"x":400,"y":520}

[14:04:05] [2026-08-28 14:04:05.984] [INFO] [TempleScene] Renderizando Templo de Palmem.

[14:04:05] [2026-08-28 14:04:05.990] [INFO] [InputManager] InputManager acoplado à cena atual.

[14:04:06] [2026-08-28 14:04:06.651] [INPUT] [TempleScene] Key: KEY_EVENT -> Action: UP

[14:04:08] [2026-08-28 14:04:08.228] [INFO] [Intent] Input Z/ESPAÇO recebido: Iniciando interação com alvo [sacerdotisa_palmem].

[14:04:08] [2026-08-28 14:04:08.228] [DIALOGUE] [START] Speaker: Sacerdotisa | "O veneno arcano corrói o espírito de Gruther. Se não expurgarmos a fonte de magia negra no Bosque Cinzento, ele perecerá."

[14:04:08] [2026-08-28 14:04:08.229] [INPUT] [TempleScene] Key: KEY_EVENT -> Action: CONFIRM

[14:04:08] [2026-08-28 14:04:08.596] [INFO] [Intent] Input Z/ESPAÇO recebido: Avançando ou finalizando caixa de diálogo atual.

[14:04:08] [2026-08-28 14:04:08.598] [INPUT] [TempleScene] Key: KEY_EVENT -> Action: CONFIRM

[14:04:09] [2026-08-28 14:04:09.092] [INFO] [Intent] Input Z/ESPAÇO recebido: Avançando ou finalizando caixa de diálogo atual.

[14:04:09] [2026-08-28 14:04:09.092] [DIALOGUE] [END] Speaker: 

[14:04:09] [2026-08-28 14:04:09.092] [QUEST] quest_02_temple -> completed

[14:04:09] [2026-08-28 14:04:09.092] [QUEST] quest_03_investigate_farm -> active

[14:04:09] [2026-08-28 14:04:09.092] [INFO] [TempleScene] Quest "O Templo de Palmem" concluída! Nova Missão: Investigar a Fazenda.

[14:04:09] [2026-08-28 14:04:09.094] [INPUT] [TempleScene] Key: KEY_EVENT -> Action: CONFIRM

[14:04:09] [2026-08-28 14:04:09.420] [INPUT] [TempleScene] Key: KEY_EVENT -> Action: DOWN

[14:04:11] [2026-08-28 14:04:11.015] [INFO] [WorldManager] Iniciando transição: TempleScene -> RastphenCityScene {"x":600,"y":220}

[14:04:11] [2026-08-28 14:04:11.331] [INFO] [WorldManager] Iniciando transição: TempleScene -> RastphenCityScene {"x":600,"y":220}

[14:04:11] [2026-08-28 14:04:11.349] [INFO] [RastphenCityScene] Renderizando mapa aberto da cidade.

[14:04:11] [2026-08-28 14:04:11.353] [INFO] [InputManager] InputManager acoplado à cena atual.

[14:04:11] [2026-08-28 14:04:11.386] [INPUT] [RastphenCityScene] Key: KEY_EVENT -> Action: DOWN

[14:04:13] [2026-08-28 14:04:13.516] [INPUT] [RastphenCityScene] Key: KEY_EVENT -> Action: RIGHT

[14:04:16] [2026-08-28 14:04:16.771] [INPUT] [RastphenCityScene] Key: KEY_EVENT -> Action: LEFT

[14:04:19] [2026-08-28 14:04:19.364] [INPUT] [RastphenCityScene] Key: KEY_EVENT -> Action: RIGHT

[14:04:19] [2026-08-28 14:04:19.659] [INPUT] [RastphenCityScene] Key: KEY_EVENT -> Action: UP

[14:04:20] [2026-08-28 14:04:20.011] [INPUT] [RastphenCityScene] Key: KEY_EVENT -> Action: UP

[14:04:20] [2026-08-28 14:04:20.084] [INPUT] [RastphenCityScene] Key: KEY_EVENT -> Action: RIGHT

[14:04:20] [2026-08-28 14:04:20.988] [INPUT] [RastphenCityScene] Key: KEY_EVENT -> Action: DOWN

[14:04:22] [2026-08-28 14:04:22.523] [INPUT] [RastphenCityScene] Key: KEY_EVENT -> Action: UP

[14:04:23] [2026-08-28 14:04:23.061] [INPUT] [RastphenCityScene] Key: KEY_EVENT -> Action: RIGHT

[14:04:23] [2026-08-28 14:04:23.595] [INFO] [Intent] Input Z/ESPAÇO recebido: Iniciando interação com alvo [guardas_muralha].

[14:04:23] [2026-08-28 14:04:23.595] [DIALOGUE] [START] Speaker: Guarda Telmer | "Atenção viajante. Criaturas estranhas foram vistas na Estrada Sul."

[14:04:23] [2026-08-28 14:04:23.596] [INPUT] [RastphenCityScene] Key: KEY_EVENT -> Action: CONFIRM

[14:04:23] [2026-08-28 14:04:23.949] [INFO] [Intent] Input Z/ESPAÇO recebido: Avançando ou finalizando caixa de diálogo atual.

[14:04:23] [2026-08-28 14:04:23.951] [INPUT] [RastphenCityScene] Key: KEY_EVENT -> Action: CONFIRM

[14:04:24] [2026-08-28 14:04:24.180] [INFO] [Intent] Input Z/ESPAÇO recebido: Avançando ou finalizando caixa de diálogo atual.

[14:04:24] [2026-08-28 14:04:24.180] [DIALOGUE] [NEXT] Speaker: Guarda Breno | "Tenha cuidado se for prosseguir. Os portões estão abertos para aventureiros."

[14:04:24] [2026-08-28 14:04:24.182] [INPUT] [RastphenCityScene] Key: KEY_EVENT -> Action: CONFIRM

[14:04:24] [2026-08-28 14:04:24.571] [INFO] [Intent] Input Z/ESPAÇO recebido: Avançando ou finalizando caixa de diálogo atual.

[14:04:24] [2026-08-28 14:04:24.572] [INPUT] [RastphenCityScene] Key: KEY_EVENT -> Action: CONFIRM

[14:04:24] [2026-08-28 14:04:24.916] [INFO] [Intent] Input Z/ESPAÇO recebido: Avançando ou finalizando caixa de diálogo atual.

[14:04:24] [2026-08-28 14:04:24.917] [DIALOGUE] [END] Speaker: 

[14:04:24] [2026-08-28 14:04:24.917] [INPUT] [RastphenCityScene] Key: KEY_EVENT -> Action: CONFIRM

[14:04:25] [2026-08-28 14:04:25.243] [INPUT] [RastphenCityScene] Key: KEY_EVENT -> Action: UP

[14:04:25] [2026-08-28 14:04:25.565] [INPUT] [RastphenCityScene] Key: KEY_EVENT -> Action: LEFT

[14:04:32] [2026-08-28 14:04:32.724] [INPUT] [RastphenCityScene] Key: KEY_EVENT -> Action: UP

[14:04:35] [2026-08-28 14:04:35.635] [INFO] [Intent] Input Z/ESPAÇO recebido: Iniciando interação com alvo [mercador_yanil].

[14:04:35] [2026-08-28 14:04:35.635] [DIALOGUE] [START] Speaker: Yânil | "Dizem que as ruínas do Bosque Cinzento despertaram novamente. Tenho suprimentos, se tiver ouro."

[14:04:35] [2026-08-28 14:04:35.636] [INPUT] [RastphenCityScene] Key: KEY_EVENT -> Action: CONFIRM

[14:04:35] [2026-08-28 14:04:35.876] [INFO] [Intent] Input Z/ESPAÇO recebido: Avançando ou finalizando caixa de diálogo atual.

[14:04:35] [2026-08-28 14:04:35.876] [INPUT] [RastphenCityScene] Key: KEY_EVENT -> Action: CONFIRM

[14:04:36] [2026-08-28 14:04:36.243] [INFO] [Intent] Input Z/ESPAÇO recebido: Avançando ou finalizando caixa de diálogo atual.

[14:04:36] [2026-08-28 14:04:36.244] [DIALOGUE] [END] Speaker: 

[14:04:36] [2026-08-28 14:04:36.244] [INPUT] [RastphenCityScene] Key: KEY_EVENT -> Action: CONFIRM

[14:04:36] [2026-08-28 14:04:36.620] [INPUT] [RastphenCityScene] Key: KEY_EVENT -> Action: LEFT

[14:04:36] [2026-08-28 14:04:36.819] [INPUT] [RastphenCityScene] Key: KEY_EVENT -> Action: UP

[14:04:37] [2026-08-28 14:04:37.235] [INPUT] [RastphenCityScene] Key: KEY_EVENT -> Action: RIGHT

[14:04:39] [2026-08-28 14:04:39.403] [INPUT] [RastphenCityScene] Key: KEY_EVENT -> Action: UP

[14:04:39] [2026-08-28 14:04:39.588] [INPUT] [RastphenCityScene] Key: KEY_EVENT -> Action: LEFT

[14:04:39] [2026-08-28 14:04:39.812] [INPUT] [RastphenCityScene] Key: KEY_EVENT -> Action: UP

[14:04:41] [2026-08-28 14:04:41.156] [INPUT] [RastphenCityScene] Key: KEY_EVENT -> Action: RIGHT

[14:04:42] [2026-08-28 14:04:42.212] [INPUT] [RastphenCityScene] Key: KEY_EVENT -> Action: LEFT

[14:04:42] [2026-08-28 14:04:42.692] [INPUT] [RastphenCityScene] Key: KEY_EVENT -> Action: DOWN

[14:04:43] [2026-08-28 14:04:43.260] [INPUT] [RastphenCityScene] Key: KEY_EVENT -> Action: LEFT

[14:04:44] [2026-08-28 14:04:44.732] [INPUT] [RastphenCityScene] Key: KEY_EVENT -> Action: RIGHT

[14:04:45] [2026-08-28 14:04:45.587] [INPUT] [RastphenCityScene] Key: KEY_EVENT -> Action: LEFT

[14:04:46] [2026-08-28 14:04:46.211] [INPUT] [RastphenCityScene] Key: KEY_EVENT -> Action: DOWN

[14:04:46] [2026-08-28 14:04:46.516] [INPUT] [RastphenCityScene] Key: KEY_EVENT -> Action: LEFT

[14:04:46] [2026-08-28 14:04:46.835] [INPUT] [RastphenCityScene] Key: KEY_EVENT -> Action: UP

[14:04:47] [2026-08-28 14:04:47.598] [INPUT] [RastphenCityScene] Key: KEY_EVENT -> Action: DOWN

[14:04:48] [2026-08-28 14:04:48.484] [INPUT] [RastphenCityScene] Key: KEY_EVENT -> Action: LEFT

[14:04:49] [2026-08-28 14:04:49.284] [INPUT] [RastphenCityScene] Key: KEY_EVENT -> Action: RIGHT

[14:04:52] [2026-08-28 14:04:52.907] [INPUT] [RastphenCityScene] Key: KEY_EVENT -> Action: UP

[14:04:53] [2026-08-28 14:04:53.876] [INFO] [Intent] Input Z/ESPAÇO recebido: Nenhuma zona interativa próxima. Ação ignorada.

[14:04:53] [2026-08-28 14:04:53.876] [INPUT] [RastphenCityScene] Key: KEY_EVENT -> Action: CONFIRM

[14:04:54] [2026-08-28 14:04:54.539] [INFO] [Intent] Input Z/ESPAÇO recebido: Nenhuma zona interativa próxima. Ação ignorada.

[14:04:54] [2026-08-28 14:04:54.539] [INPUT] [RastphenCityScene] Key: KEY_EVENT -> Action: CONFIRM

